user_id,file_id,rating,token_count,pos_count_NOUN,pos_ratio_NOUN,pos_count_VERB,pos_ratio_VERB,pos_count_ADJ,pos_ratio_ADJ,pos_count_ADV,pos_ratio_ADV,pos_count_PRON,pos_ratio_PRON,pos_count_PROPN,pos_ratio_PROPN,pos_count_AUX,pos_ratio_AUX,pos_count_ADP,pos_ratio_ADP,pos_count_DET,pos_ratio_DET,pos_count_CCONJ,pos_ratio_CCONJ,pos_count_SCONJ,pos_ratio_SCONJ,pos_count_PART,pos_ratio_PART,pos_count_NUM,pos_ratio_NUM,pos_entropy,pred_rating
0,0,4,520.0,62.0,0.1192,58.0,0.1115,34.0,0.0654,4.0,0.0077,6.0,0.0115,176.0,0.3385,10.0,0.0192,76.0,0.1462,42.0,0.0808,4.0,0.0077,0.0,0.0,10.0,0.0192,34.0,0.0654,2.8626,3.76
1,0,4,720.0,158.0,0.2194,80.0,0.1111,54.0,0.075,6.0,0.0083,12.0,0.0167,176.0,0.2444,10.0,0.0139,70.0,0.0972,46.0,0.0639,38.0,0.0528,6.0,0.0083,12.0,0.0167,50.0,0.0694,3.0788,3.88
2,0,4,342.0,64.0,0.1871,24.0,0.0702,42.0,0.1228,12.0,0.0351,8.0,0.0234,72.0,0.2105,12.0,0.0351,40.0,0.117,34.0,0.0994,12.0,0.0351,2.0,0.0058,6.0,0.0175,10.0,0.0292,3.1896,3.47
3,0,5,874.0,167.0,0.1911,95.0,0.1087,87.0,0.0995,23.0,0.0263,14.0,0.016,210.0,0.2403,13.0,0.0149,87.0,0.0995,86.0,0.0984,24.0,0.0275,10.0,0.0114,15.0,0.0172,43.0,0.0492,3.145,4.42
4,0,1,514.0,96.0,0.1868,58.0,0.1128,46.0,0.0895,6.0,0.0117,22.0,0.0428,112.0,0.2179,26.0,0.0506,64.0,0.1245,34.0,0.0661,20.0,0.0389,8.0,0.0156,2.0,0.0039,20.0,0.0389,3.2078,1.78
5,0,4,422.0,81.0,0.1919,42.0,0.0995,31.0,0.0735,12.0,0.0284,8.0,0.019,106.0,0.2512,6.0,0.0142,44.0,0.1043,44.0,0.1043,4.0,0.0095,6.0,0.0142,8.0,0.019,24.0,0.0569,3.0823,3.81
6,0,4,848.0,135.0,0.1592,94.0,0.1108,64.0,0.0755,20.0,0.0236,12.0,0.0142,247.0,0.2913,22.0,0.0259,110.0,0.1297,66.0,0.0778,6.0,0.0071,16.0,0.0189,4.0,0.0047,46.0,0.0542,3.0167,3.97
7,0,1,268.0,56.0,0.209,25.0,0.0933,26.0,0.097,6.0,0.0224,6.0,0.0224,41.0,0.153,14.0,0.0522,30.0,0.1119,28.0,0.1045,8.0,0.0299,2.0,0.0075,2.0,0.0075,22.0,0.0821,3.2469,1.79
8,0,1,404.0,74.0,0.1832,38.0,0.0941,42.0,0.104,12.0,0.0297,16.0,0.0396,82.0,0.203,20.0,0.0495,42.0,0.104,44.0,0.1089,8.0,0.0198,8.0,0.0198,4.0,0.0099,12.0,0.0297,3.2542,1.91
9,0,4,436.0,80.0,0.1835,48.0,0.1101,38.0,0.0872,11.0,0.0252,14.0,0.0321,104.0,0.2385,8.0,0.0183,45.0,0.1032,32.0,0.0734,8.0,0.0183,6.0,0.0138,12.0,0.0275,26.0,0.0596,3.1893,3.98
10,0,4,674.0,120.0,0.178,82.0,0.1217,30.0,0.0445,19.0,0.0282,14.0,0.0208,156.0,0.2315,12.0,0.0178,77.0,0.1142,60.0,0.089,14.0,0.0208,4.0,0.0059,16.0,0.0237,62.0,0.092,3.1392,3.96
11,0,4,336.0,68.0,0.2024,40.0,0.119,34.0,0.1012,2.0,0.006,10.0,0.0298,80.0,0.2381,8.0,0.0238,38.0,0.1131,30.0,0.0893,0.0,0.0,4.0,0.0119,8.0,0.0238,12.0,0.0357,3.0256,3.74
12,0,5,886.0,160.0,0.1806,106.0,0.1196,72.0,0.0813,19.0,0.0214,22.0,0.0248,168.0,0.1896,26.0,0.0293,121.0,0.1366,74.0,0.0835,20.0,0.0226,12.0,0.0135,18.0,0.0203,64.0,0.0722,3.2492,4.45
13,0,4,538.0,134.0,0.2491,66.0,0.1227,46.0,0.0855,8.0,0.0149,8.0,0.0149,88.0,0.1636,10.0,0.0186,58.0,0.1078,44.0,0.0818,12.0,0.0223,8.0,0.0149,20.0,0.0372,30.0,0.0558,3.1521,3.93
14,0,4,642.0,106.0,0.1651,70.0,0.109,68.0,0.1059,18.0,0.028,26.0,0.0405,126.0,0.1963,20.0,0.0312,76.0,0.1184,52.0,0.081,22.0,0.0343,6.0,0.0093,14.0,0.0218,34.0,0.053,3.3023,3.65
15,0,2,328.0,59.0,0.1799,46.0,0.1402,37.0,0.1128,8.0,0.0244,2.0,0.0061,77.0,0.2348,2.0,0.0061,35.0,0.1067,26.0,0.0793,6.0,0.0183,8.0,0.0244,10.0,0.0305,12.0,0.0366,3.1077,3.93
16,0,2,842.0,214.0,0.2542,73.0,0.0867,90.0,0.1069,29.0,0.0344,25.0,0.0297,109.0,0.1295,24.0,0.0285,104.0,0.1235,89.0,0.1057,32.0,0.038,11.0,0.0131,19.0,0.0226,21.0,0.0249,3.2317,2.7
17,0,1,78.0,16.0,0.2051,6.0,0.0769,6.0,0.0769,4.0,0.0513,4.0,0.0513,10.0,0.1282,2.0,0.0256,10.0,0.1282,8.0,0.1026,8.0,0.1026,0.0,0.0,2.0,0.0256,0.0,0.0,3.1825,1.42
18,0,4,1408.0,370.0,0.2628,164.0,0.1165,130.0,0.0923,28.0,0.0199,27.0,0.0192,230.0,0.1634,47.0,0.0334,159.0,0.1129,91.0,0.0646,56.0,0.0398,16.0,0.0114,29.0,0.0206,42.0,0.0298,3.1335,3.44
19,0,4,511.0,94.0,0.184,58.0,0.1135,42.0,0.0822,6.0,0.0117,9.0,0.0176,133.0,0.2603,13.0,0.0254,53.0,0.1037,49.0,0.0959,9.0,0.0176,8.0,0.0157,11.0,0.0215,23.0,0.045,3.1005,3.88
20,0,5,284.0,51.0,0.1796,28.0,0.0986,31.0,0.1092,8.0,0.0282,2.0,0.007,72.0,0.2535,8.0,0.0282,32.0,0.1127,10.0,0.0352,4.0,0.0141,6.0,0.0211,2.0,0.007,26.0,0.0915,3.0608,4.41
21,0,1,352.0,66.0,0.1875,38.0,0.108,28.0,0.0795,6.0,0.017,4.0,0.0114,68.0,0.1932,10.0,0.0284,56.0,0.1591,36.0,0.1023,4.0,0.0114,4.0,0.0114,16.0,0.0455,16.0,0.0455,3.1783,2.03
22,0,4,529.0,94.0,0.1777,51.0,0.0964,59.0,0.1115,17.0,0.0321,1.0,0.0019,122.0,0.2306,3.0,0.0057,54.0,0.1021,56.0,0.1059,13.0,0.0246,4.0,0.0076,11.0,0.0208,40.0,0.0756,3.0897,3.85
23,0,4,582.0,168.0,0.2887,64.0,0.11,66.0,0.1134,8.0,0.0137,8.0,0.0137,66.0,0.1134,6.0,0.0103,76.0,0.1306,62.0,0.1065,26.0,0.0447,6.0,0.0103,22.0,0.0378,4.0,0.0069,3.0421,3.99
24,0,4,280.0,46.0,0.1643,26.0,0.0929,20.0,0.0714,8.0,0.0286,2.0,0.0071,96.0,0.3429,4.0,0.0143,30.0,0.1071,22.0,0.0786,2.0,0.0071,0.0,0.0,8.0,0.0286,10.0,0.0357,2.8357,3.75
25,0,4,564.0,82.0,0.1454,54.0,0.0957,46.0,0.0816,12.0,0.0213,8.0,0.0142,192.0,0.3404,14.0,0.0248,72.0,0.1277,28.0,0.0496,12.0,0.0213,2.0,0.0035,14.0,0.0248,22.0,0.039,2.9464,3.81
26,0,4,274.0,50.0,0.1825,22.0,0.0803,30.0,0.1095,2.0,0.0073,8.0,0.0292,54.0,0.1971,4.0,0.0146,36.0,0.1314,28.0,0.1022,6.0,0.0219,2.0,0.0073,4.0,0.0146,22.0,0.0803,3.1156,3.86
27,0,3,114.0,18.0,0.1579,12.0,0.1053,4.0,0.0351,4.0,0.0351,0.0,0.0,50.0,0.4386,0.0,0.0,2.0,0.0175,4.0,0.0351,6.0,0.0526,0.0,0.0,8.0,0.0702,6.0,0.0526,2.611,3.14
28,0,3,716.0,126.0,0.176,90.0,0.1257,56.0,0.0782,16.0,0.0223,20.0,0.0279,160.0,0.2235,18.0,0.0251,76.0,0.1061,68.0,0.095,12.0,0.0168,8.0,0.0112,22.0,0.0307,44.0,0.0615,3.2272,3.37
29,0,3,930.0,164.0,0.1763,106.0,0.114,76.0,0.0817,24.0,0.0258,18.0,0.0194,224.0,0.2409,14.0,0.0151,82.0,0.0882,118.0,0.1269,28.0,0.0301,12.0,0.0129,14.0,0.0151,48.0,0.0516,3.1578,3.63
30,0,5,164.0,24.0,0.1463,14.0,0.0854,22.0,0.1341,2.0,0.0122,2.0,0.0122,42.0,0.2561,4.0,0.0244,16.0,0.0976,10.0,0.061,6.0,0.0366,0.0,0.0,4.0,0.0244,18.0,0.1098,3.1154,3.46
31,0,2,40.0,8.0,0.2,4.0,0.1,4.0,0.1,4.0,0.1,10.0,0.25,0.0,0.0,2.0,0.05,6.0,0.15,0.0,0.0,2.0,0.05,0.0,0.0,0.0,0.0,0.0,0.0,2.8037,2.27
32,0,4,1017.0,255.0,0.2507,114.0,0.1121,122.0,0.12,23.0,0.0226,27.0,0.0265,157.0,0.1544,16.0,0.0157,115.0,0.1131,73.0,0.0718,48.0,0.0472,5.0,0.0049,29.0,0.0285,28.0,0.0275,3.1573,3.84
33,0,4,1244.0,223.0,0.1793,145.0,0.1166,114.0,0.0916,29.0,0.0233,17.0,0.0137,295.0,0.2371,20.0,0.0161,120.0,0.0965,111.0,0.0892,31.0,0.0249,24.0,0.0193,16.0,0.0129,95.0,0.0764,3.1645,4.2
34,0,2,494.0,140.0,0.2834,64.0,0.1296,62.0,0.1255,12.0,0.0243,30.0,0.0607,42.0,0.085,10.0,0.0202,52.0,0.1053,30.0,0.0607,24.0,0.0486,4.0,0.0081,18.0,0.0364,6.0,0.0121,3.1722,2.54
35,0,2,432.0,90.0,0.2083,46.0,0.1065,62.0,0.1435,8.0,0.0185,14.0,0.0324,64.0,0.1481,24.0,0.0556,26.0,0.0602,30.0,0.0694,24.0,0.0556,6.0,0.0139,4.0,0.0093,34.0,0.0787,3.304,2.22
36,0,3,844.0,156.0,0.1848,90.0,0.1066,72.0,0.0853,12.0,0.0142,26.0,0.0308,168.0,0.1991,32.0,0.0379,102.0,0.1209,68.0,0.0806,18.0,0.0213,14.0,0.0166,18.0,0.0213,66.0,0.0782,3.2655,3.35
37,0,4,556.0,110.0,0.1978,60.0,0.1079,52.0,0.0935,12.0,0.0216,10.0,0.018,120.0,0.2158,16.0,0.0288,68.0,0.1223,32.0,0.0576,14.0,0.0252,8.0,0.0144,6.0,0.0108,40.0,0.0719,3.1505,3.94
38,0,4,24.0,8.0,0.3333,0.0,0.0,0.0,0.0,4.0,0.1667,0.0,0.0,2.0,0.0833,0.0,0.0,2.0,0.0833,6.0,0.25,2.0,0.0833,0.0,0.0,0.0,0.0,0.0,0.0,2.3554,3.49
39,0,3,274.0,48.0,0.1752,36.0,0.1314,30.0,0.1095,2.0,0.0073,2.0,0.0073,54.0,0.1971,6.0,0.0219,28.0,0.1022,24.0,0.0876,6.0,0.0219,4.0,0.0146,8.0,0.0292,20.0,0.073,3.1387,4.01
40,0,2,912.0,184.0,0.2018,102.0,0.1118,80.0,0.0877,36.0,0.0395,22.0,0.0241,186.0,0.2039,18.0,0.0197,90.0,0.0987,92.0,0.1009,14.0,0.0154,10.0,0.011,24.0,0.0263,54.0,0.0592,3.2276,2.8
41,0,4,44.0,4.0,0.0909,2.0,0.0455,2.0,0.0455,0.0,0.0,2.0,0.0455,12.0,0.2727,0.0,0.0,12.0,0.2727,10.0,0.2273,0.0,0.0,0.0,0.0,0.0,0.0,0.0,0.0,2.4308,3.8
42,0,1,676.0,146.0,0.216,72.0,0.1065,60.0,0.0888,12.0,0.0178,6.0,0.0089,120.0,0.1775,26.0,0.0385,86.0,0.1272,56.0,0.0828,10.0,0.0148,4.0,0.0059,22.0,0.0325,44.0,0.0651,3.1462,3.42
43,0,5,500.0,70.0,0.14,44.0,0.088,38.0,0.076,4.0,0.008,4.0,0.008,150.0,0.3,12.0,0.024,54.0,0.108,42.0,0.084,8.0,0.016,2.0,0.004,20.0,0.04,50.0,0.1,3.0421,4.52
44,0,3,1040.0,200.0,0.1923,106.0,0.1019,92.0,0.0885,28.0,0.0269,28.0,0.0269,230.0,0.2212,20.0,0.0192,136.0,0.1308,102.0,0.0981,16.0,0.0154,10.0,0.0096,20.0,0.0192,48.0,0.0462,3.1584,3.25
45,0,3,868.0,136.0,0.1567,82.0,0.0945,64.0,0.0737,12.0,0.0138,14.0,0.0161,246.0,0.2834,12.0,0.0138,118.0,0.1359,80.0,0.0922,6.0,0.0069,4.0,0.0046,14.0,0.0161,80.0,0.0922,3.0071,3.72
46,0,4,902.0,200.0,0.2217,114.0,0.1264,82.0,0.0909,20.0,0.0222,26.0,0.0288,154.0,0.1707,28.0,0.031,100.0,0.1109,70.0,0.0776,26.0,0.0288,12.0,0.0133,24.0,0.0266,40.0,0.0443,3.2406,3.52
47,0,1,78.0,16.0,0.2051,6.0,0.0769,6.0,0.0769,4.0,0.0513,4.0,0.0513,10.0,0.1282,2.0,0.0256,10.0,0.1282,8.0,0.1026,8.0,0.1026,0.0,0.0,2.0,0.0256,0.0,0.0,3.1825,1.42
48,0,5,650.0,128.0,0.1969,80.0,0.1231,52.0,0.08,14.0,0.0215,20.0,0.0308,134.0,0.2062,16.0,0.0246,62.0,0.0954,60.0,0.0923,12.0,0.0185,12.0,0.0185,4.0,0.0062,54.0,0.0831,3.1969,4.59
49,0,4,390.0,88.0,0.2256,36.0,0.0923,26.0,0.0667,10.0,0.0256,0.0,0.0,102.0,0.2615,4.0,0.0103,42.0,0.1077,36.0,0.0923,12.0,0.0308,6.0,0.0154,4.0,0.0103,22.0,0.0564,2.9842,3.89
50,0,4,656.0,94.0,0.1433,66.0,0.1006,46.0,0.0701,6.0,0.0091,2.0,0.003,216.0,0.3293,14.0,0.0213,80.0,0.122,62.0,0.0945,4.0,0.0061,4.0,0.0061,12.0,0.0183,42.0,0.064,2.8785,3.81
51,0,1,22.0,6.0,0.2727,2.0,0.0909,2.0,0.0909,0.0,0.0,2.0,0.0909,0.0,0.0,2.0,0.0909,2.0,0.0909,2.0,0.0909,0.0,0.0,0.0,0.0,2.0,0.0909,2.0,0.0909,3.0272,1.89
52,0,4,494.0,94.0,0.1903,48.0,0.0972,48.0,0.0972,9.0,0.0182,10.0,0.0202,126.0,0.2551,4.0,0.0081,55.0,0.1113,36.0,0.0729,22.0,0.0445,0.0,0.0,12.0,0.0243,26.0,0.0526,3.069,3.94
53,0,5,524.0,82.0,0.1565,62.0,0.1183,42.0,0.0802,10.0,0.0191,20.0,0.0382,154.0,0.2939,12.0,0.0229,42.0,0.0802,34.0,0.0649,14.0,0.0267,12.0,0.0229,4.0,0.0076,32.0,0.0611,3.12,5.0
54,0,2,78.0,16.0,0.2051,6.0,0.0769,6.0,0.0769,4.0,0.0513,4.0,0.0513,10.0,0.1282,2.0,0.0256,10.0,0.1282,8.0,0.1026,8.0,0.1026,0.0,0.0,2.0,0.0256,0.0,0.0,3.1825,1.42
55,0,4,1056.0,195.0,0.1847,90.0,0.0852,94.0,0.089,18.0,0.017,9.0,0.0085,320.0,0.303,10.0,0.0095,97.0,0.0919,78.0,0.0739,21.0,0.0199,11.0,0.0104,8.0,0.0076,98.0,0.0928,2.9545,3.93
56,0,5,430.0,64.0,0.1488,40.0,0.093,48.0,0.1116,14.0,0.0326,10.0,0.0233,116.0,0.2698,6.0,0.014,46.0,0.107,40.0,0.093,16.0,0.0372,4.0,0.0093,8.0,0.0186,18.0,0.0419,3.1656,3.64
57,0,4,656.0,114.0,0.1738,80.0,0.122,64.0,0.0976,20.0,0.0305,14.0,0.0213,128.0,0.1951,12.0,0.0183,76.0,0.1159,62.0,0.0945,12.0,0.0183,8.0,0.0122,14.0,0.0213,44.0,0.0671,3.219,3.94
58,0,2,586.0,110.0,0.1877,68.0,0.116,52.0,0.0887,12.0,0.0205,24.0,0.041,114.0,0.1945,10.0,0.0171,72.0,0.1229,54.0,0.0922,12.0,0.0205,4.0,0.0068,8.0,0.0137,38.0,0.0648,3.1802,3.49
59,0,4,1724.0,448.0,0.2599,177.0,0.1027,236.0,0.1369,74.0,0.0429,17.0,0.0099,167.0,0.0969,45.0,0.0261,216.0,0.1253,181.0,0.105,77.0,0.0447,32.0,0.0186,8.0,0.0046,35.0,0.0203,3.1333,3.92
60,0,2,594.0,64.0,0.1077,28.0,0.0471,28.0,0.0471,6.0,0.0101,8.0,0.0135,270.0,0.4545,8.0,0.0135,36.0,0.0606,28.0,0.0471,6.0,0.0101,0.0,0.0,2.0,0.0034,106.0,0.1785,2.5044,2.54
61,0,4,28.0,8.0,0.2857,6.0,0.2143,4.0,0.1429,0.0,0.0,0.0,0.0,6.0,0.2143,0.0,0.0,0.0,0.0,2.0,0.0714,2.0,0.0714,0.0,0.0,0.0,0.0,0.0,0.0,2.4138,3.67
62,0,2,466.0,84.0,0.1803,48.0,0.103,46.0,0.0987,8.0,0.0172,16.0,0.0343,112.0,0.2403,14.0,0.03,46.0,0.0987,40.0,0.0858,6.0,0.0129,8.0,0.0172,6.0,0.0129,26.0,0.0558,3.1556,2.69
63,0,5,2216.0,592.0,0.2671,190.0,0.0857,358.0,0.1616,72.0,0.0325,6.0,0.0027,426.0,0.1922,34.0,0.0153,162.0,0.0731,106.0,0.0478,68.0,0.0307,20.0,0.009,60.0,0.0271,84.0,0.0379,2.9921,3.82
64,0,4,421.0,83.0,0.1971,46.0,0.1093,47.0,0.1116,17.0,0.0404,0.0,0.0,83.0,0.1971,12.0,0.0285,39.0,0.0926,36.0,0.0855,6.0,0.0143,8.0,0.019,8.0,0.019,35.0,0.0831,3.1834,3.95
65,0,3,910.0,202.0,0.222,90.0,0.0989,74.0,0.0813,24.0,0.0264,20.0,0.022,198.0,0.2176,38.0,0.0418,112.0,0.1231,52.0,0.0571,26.0,0.0286,6.0,0.0066,30.0,0.033,30.0,0.033,3.1628,3.2
66,0,5,708.0,148.0,0.209,68.0,0.096,75.0,0.1059,22.0,0.0311,14.0,0.0198,155.0,0.2189,4.0,0.0056,86.0,0.1215,51.0,0.072,20.0,0.0282,6.0,0.0085,17.0,0.024,28.0,0.0395,3.0893,4.6
67,0,4,494.0,94.0,0.1903,56.0,0.1134,38.0,0.0769,12.0,0.0243,16.0,0.0324,116.0,0.2348,14.0,0.0283,52.0,0.1053,30.0,0.0607,6.0,0.0121,8.0,0.0162,6.0,0.0121,36.0,0.0729,3.1369,3.75
68,0,4,546.0,94.0,0.1722,54.0,0.0989,50.0,0.0916,14.0,0.0256,14.0,0.0256,136.0,0.2491,16.0,0.0293,52.0,0.0952,42.0,0.0769,10.0,0.0183,8.0,0.0147,12.0,0.022,40.0,0.0733,3.2027,3.98
69,0,4,516.0,104.0,0.2016,62.0,0.1202,50.0,0.0969,6.0,0.0116,12.0,0.0233,108.0,0.2093,6.0,0.0116,68.0,0.1318,50.0,0.0969,6.0,0.0116,4.0,0.0078,16.0,0.031,22.0,0.0426,3.0974,3.86
70,0,3,481.0,89.0,0.185,50.0,0.104,43.0,0.0894,4.0,0.0083,8.0,0.0166,124.0,0.2578,16.0,0.0333,53.0,0.1102,29.0,0.0603,7.0,0.0146,4.0,0.0083,3.0,0.0062,51.0,0.106,3.0547,3.15
71,0,5,302.0,50.0,0.1656,36.0,0.1192,32.0,0.106,6.0,0.0199,2.0,0.0066,54.0,0.1788,8.0,0.0265,38.0,0.1258,38.0,0.1258,6.0,0.0199,2.0,0.0066,8.0,0.0265,18.0,0.0596,3.1757,4.37
72,0,2,674.0,114.0,0.1691,78.0,0.1157,65.0,0.0964,12.0,0.0178,10.0,0.0148,159.0,0.2359,24.0,0.0356,84.0,0.1246,42.0,0.0623,8.0,0.0119,8.0,0.0119,22.0,0.0326,40.0,0.0593,3.1543,3.51
73,0,4,852.0,172.0,0.2019,96.0,0.1127,52.0,0.061,24.0,0.0282,12.0,0.0141,202.0,0.2371,16.0,0.0188,80.0,0.0939,82.0,0.0962,18.0,0.0211,12.0,0.0141,14.0,0.0164,70.0,0.0822,3.1421,4.34
74,0,3,147.0,27.0,0.1837,12.0,0.0816,11.0,0.0748,5.0,0.034,4.0,0.0272,23.0,0.1565,5.0,0.034,23.0,0.1565,23.0,0.1565,4.0,0.0272,1.0,0.0068,0.0,0.0,9.0,0.0612,3.1906,3.0
75,0,5,50.0,6.0,0.12,6.0,0.12,6.0,0.12,0.0,0.0,0.0,0.0,16.0,0.32,0.0,0.0,6.0,0.12,6.0,0.12,4.0,0.08,0.0,0.0,0.0,0.0,0.0,0.0,2.6529,4.28
0,1,4,540.0,84.0,0.1556,48.0,0.0889,44.0,0.0815,6.0,0.0111,2.0,0.0037,158.0,0.2926,24.0,0.0444,66.0,0.1222,48.0,0.0889,4.0,0.0074,6.0,0.0111,4.0,0.0074,40.0,0.0741,2.9793,3.72
1,1,4,742.0,144.0,0.1941,77.0,0.1038,72.0,0.097,16.0,0.0216,12.0,0.0162,200.0,0.2695,9.0,0.0121,65.0,0.0876,64.0,0.0863,14.0,0.0189,12.0,0.0162,15.0,0.0202,41.0,0.0553,3.089,4.1
2,1,4,154.0,36.0,0.2338,18.0,0.1169,6.0,0.039,0.0,0.0,8.0,0.0519,26.0,0.1688,4.0,0.026,22.0,0.1429,18.0,0.1169,6.0,0.039,0.0,0.0,4.0,0.026,4.0,0.026,3.0453,2.72
3,1,5,878.0,166.0,0.1891,95.0,0.1082,87.0,0.0991,25.0,0.0285,14.0,0.0159,211.0,0.2403,13.0,0.0148,87.0,0.0991,86.0,0.0979,24.0,0.0273,10.0,0.0114,15.0,0.0171,45.0,0.0513,3.1519,4.8
4,1,1,226.0,70.0,0.3097,26.0,0.115,32.0,0.1416,2.0,0.0088,6.0,0.0265,12.0,0.0531,14.0,0.0619,26.0,0.115,14.0,0.0619,16.0,0.0708,6.0,0.0265,0.0,0.0,2.0,0.0088,3.032,1.55
5,1,4,376.0,75.0,0.1995,48.0,0.1277,27.0,0.0718,14.0,0.0372,4.0,0.0106,88.0,0.234,6.0,0.016,34.0,0.0904,34.0,0.0904,2.0,0.0053,6.0,0.016,10.0,0.0266,20.0,0.0532,3.0748,3.82
6,1,4,592.0,99.0,0.1672,66.0,0.1115,49.0,0.0828,20.0,0.0338,8.0,0.0135,168.0,0.2838,12.0,0.0203,66.0,0.1115,46.0,0.0777,8.0,0.0135,10.0,0.0169,4.0,0.0068,30.0,0.0507,3.05,3.69
7,1,1,294.0,64.0,0.2177,18.0,0.0612,38.0,0.1293,6.0,0.0204,4.0,0.0136,68.0,0.2313,4.0,0.0136,34.0,0.1156,30.0,0.102,14.0,0.0476,0.0,0.0,0.0,0.0,8.0,0.0272,2.9255,2.19
8,1,1,340.0,66.0,0.1941,42.0,0.1235,30.0,0.0882,6.0,0.0176,8.0,0.0235,70.0,0.2059,10.0,0.0294,46.0,0.1353,26.0,0.0765,10.0,0.0294,2.0,0.0059,2.0,0.0059,22.0,0.0647,3.1564,2.52
9,1,3,448.0,70.0,0.1562,36.0,0.0804,44.0,0.0982,6.0,0.0134,8.0,0.0179,126.0,0.2812,16.0,0.0357,52.0,0.1161,30.0,0.067,14.0,0.0312,6.0,0.0134,8.0,0.0179,30.0,0.067,3.1393,3.17
10,1,4,498.0,74.0,0.1486,53.0,0.1064,49.0,0.0984,11.0,0.0221,14.0,0.0281,160.0,0.3213,22.0,0.0442,39.0,0.0783,17.0,0.0341,13.0,0.0261,3.0,0.006,19.0,0.0382,12.0,0.0241,3.0184,3.7
11,1,4,372.0,56.0,0.1505,46.0,0.1237,34.0,0.0914,8.0,0.0215,14.0,0.0376,90.0,0.2419,12.0,0.0323,44.0,0.1183,36.0,0.0968,4.0,0.0108,2.0,0.0054,6.0,0.0161,18.0,0.0484,3.1606,3.75
12,1,5,922.0,178.0,0.1931,106.0,0.115,70.0,0.0759,25.0,0.0271,18.0,0.0195,196.0,0.2126,16.0,0.0174,105.0,0.1139,74.0,0.0803,18.0,0.0195,12.0,0.013,20.0,0.0217,80.0,0.0868,3.1949,4.61
13,1,2,58.0,12.0,0.2069,6.0,0.1034,4.0,0.069,4.0,0.069,2.0,0.0345,6.0,0.1034,2.0,0.0345,6.0,0.1034,8.0,0.1379,2.0,0.0345,2.0,0.0345,2.0,0.0345,2.0,0.0345,3.4175,2.3
14,1,5,382.0,58.0,0.1518,50.0,0.1309,30.0,0.0785,12.0,0.0314,10.0,0.0262,102.0,0.267,12.0,0.0314,36.0,0.0942,24.0,0.0628,10.0,0.0262,2.0,0.0052,6.0,0.0157,26.0,0.0681,3.1523,3.58
15,1,2,210.0,30.0,0.1429,22.0,0.1048,20.0,0.0952,4.0,0.019,6.0,0.0286,64.0,0.3048,6.0,0.0286,20.0,0.0952,14.0,0.0667,4.0,0.019,2.0,0.0095,0.0,0.0,16.0,0.0762,3.0288,2.56
16,1,4,448.0,108.0,0.2411,54.0,0.1205,34.0,0.0759,25.0,0.0558,16.0,0.0357,56.0,0.125,16.0,0.0357,41.0,0.0915,30.0,0.067,10.0,0.0223,10.0,0.0223,18.0,0.0402,24.0,0.0536,3.3301,3.51
17,1,3,92.0,20.0,0.2174,10.0,0.1087,6.0,0.0652,2.0,0.0217,10.0,0.1087,18.0,0.1957,2.0,0.0217,10.0,0.1087,6.0,0.0652,0.0,0.0,0.0,0.0,4.0,0.0435,0.0,0.0,2.9337,2.9
18,1,4,572.0,132.0,0.2308,50.0,0.0874,52.0,0.0909,14.0,0.0245,4.0,0.007,114.0,0.1993,4.0,0.007,70.0,0.1224,64.0,0.1119,14.0,0.0245,6.0,0.0105,14.0,0.0245,32.0,0.0559,3.0931,3.88
19,1,4,647.0,138.0,0.2133,92.0,0.1422,57.0,0.0881,16.0,0.0247,15.0,0.0232,137.0,0.2117,9.0,0.0139,64.0,0.0989,41.0,0.0634,10.0,0.0155,13.0,0.0201,18.0,0.0278,27.0,0.0417,3.1259,4.09
20,1,5,530.0,93.0,0.1755,60.0,0.1132,45.0,0.0849,16.0,0.0302,8.0,0.0151,126.0,0.2377,16.0,0.0302,66.0,0.1245,40.0,0.0755,10.0,0.0189,2.0,0.0038,10.0,0.0189,28.0,0.0528,3.1137,4.37
21,1,4,20.0,4.0,0.2,2.0,0.1,6.0,0.3,0.0,0.0,2.0,0.1,0.0,0.0,0.0,0.0,2.0,0.1,4.0,0.2,0.0,0.0,0.0,0.0,0.0,0.0,0.0,0.0,2.4464,3.78
22,1,3,396.0,66.0,0.1667,42.0,0.1061,42.0,0.1061,5.0,0.0126,0.0,0.0,112.0,0.2828,6.0,0.0152,35.0,0.0884,38.0,0.096,10.0,0.0253,2.0,0.0051,6.0,0.0152,28.0,0.0707,2.9722,3.44
23,1,4,582.0,168.0,0.2887,64.0,0.11,66.0,0.1134,8.0,0.0137,8.0,0.0137,66.0,0.1134,6.0,0.0103,76.0,0.1306,62.0,0.1065,26.0,0.0447,6.0,0.0103,22.0,0.0378,4.0,0.0069,3.0421,3.99
24,1,4,370.0,68.0,0.1838,30.0,0.0811,42.0,0.1135,4.0,0.0108,0.0,0.0,102.0,0.2757,4.0,0.0108,44.0,0.1189,28.0,0.0757,6.0,0.0162,6.0,0.0162,10.0,0.027,22.0,0.0595,2.9759,3.95
25,1,5,648.0,142.0,0.2191,68.0,0.1049,84.0,0.1296,6.0,0.0093,10.0,0.0154,122.0,0.1883,4.0,0.0062,72.0,0.1111,82.0,0.1265,16.0,0.0247,4.0,0.0062,12.0,0.0185,20.0,0.0309,3.0258,3.72
26,1,5,488.0,101.0,0.207,53.0,0.1086,58.0,0.1189,9.0,0.0184,40.0,0.082,69.0,0.1414,10.0,0.0205,47.0,0.0963,35.0,0.0717,11.0,0.0225,15.0,0.0307,9.0,0.0184,29.0,0.0594,3.3232,4.38
27,1,4,680.0,118.0,0.1735,72.0,0.1059,42.0,0.0618,18.0,0.0265,14.0,0.0206,186.0,0.2735,16.0,0.0235,74.0,0.1088,58.0,0.0853,8.0,0.0118,4.0,0.0059,8.0,0.0118,62.0,0.0912,3.083,3.89
28,1,4,792.0,148.0,0.1869,81.0,0.1023,77.0,0.0972,26.0,0.0328,18.0,0.0227,162.0,0.2045,22.0,0.0278,106.0,0.1338,86.0,0.1086,12.0,0.0152,8.0,0.0101,14.0,0.0177,32.0,0.0404,3.198,3.52
29,1,4,262.0,48.0,0.1832,32.0,0.1221,26.0,0.0992,2.0,0.0076,6.0,0.0229,48.0,0.1832,4.0,0.0153,38.0,0.145,26.0,0.0992,6.0,0.0229,4.0,0.0153,4.0,0.0153,18.0,0.0687,3.1782,3.97
30,1,3,594.0,120.0,0.202,68.0,0.1145,56.0,0.0943,16.0,0.0269,6.0,0.0101,146.0,0.2458,12.0,0.0202,68.0,0.1145,32.0,0.0539,20.0,0.0337,2.0,0.0034,10.0,0.0168,30.0,0.0505,3.0582,3.41
31,1,5,246.0,44.0,0.1789,32.0,0.1301,22.0,0.0894,6.0,0.0244,2.0,0.0081,54.0,0.2195,2.0,0.0081,26.0,0.1057,22.0,0.0894,4.0,0.0163,2.0,0.0081,6.0,0.0244,22.0,0.0894,3.1115,4.46
32,1,3,586.0,118.0,0.2014,58.0,0.099,60.0,0.1024,22.0,0.0375,16.0,0.0273,130.0,0.2218,16.0,0.0273,62.0,0.1058,44.0,0.0751,20.0,0.0341,6.0,0.0102,10.0,0.0171,20.0,0.0341,3.1997,3.5
33,1,5,1082.0,226.0,0.2089,115.0,0.1063,116.0,0.1072,24.0,0.0222,36.0,0.0333,213.0,0.1969,26.0,0.024,106.0,0.098,114.0,0.1054,22.0,0.0203,18.0,0.0166,7.0,0.0065,55.0,0.0508,3.1856,4.37
34,1,2,496.0,104.0,0.2097,46.0,0.0927,68.0,0.1371,10.0,0.0202,14.0,0.0282,66.0,0.1331,14.0,0.0282,62.0,0.125,48.0,0.0968,22.0,0.0444,0.0,0.0,14.0,0.0282,28.0,0.0565,3.2548,3.25
35,1,4,152.0,26.0,0.1711,19.0,0.125,8.0,0.0526,4.0,0.0263,6.0,0.0395,43.0,0.2829,4.0,0.0263,8.0,0.0526,12.0,0.0789,4.0,0.0263,6.0,0.0395,2.0,0.0132,10.0,0.0658,3.1854,3.64
36,1,4,612.0,106.0,0.1732,70.0,0.1144,50.0,0.0817,12.0,0.0196,10.0,0.0163,148.0,0.2418,22.0,0.0359,64.0,0.1046,52.0,0.085,8.0,0.0131,10.0,0.0163,4.0,0.0065,54.0,0.0882,3.1452,3.82
37,1,3,50.0,16.0,0.32,6.0,0.12,6.0,0.12,0.0,0.0,2.0,0.04,2.0,0.04,2.0,0.04,6.0,0.12,4.0,0.08,2.0,0.04,0.0,0.0,2.0,0.04,0.0,0.0,2.8475,2.59
38,1,4,422.0,60.0,0.1422,52.0,0.1232,42.0,0.0995,8.0,0.019,12.0,0.0284,94.0,0.2227,8.0,0.019,40.0,0.0948,44.0,0.1043,6.0,0.0142,10.0,0.0237,10.0,0.0237,32.0,0.0758,3.2368,3.93
39,1,4,294.0,50.0,0.1701,30.0,0.102,28.0,0.0952,6.0,0.0204,6.0,0.0204,58.0,0.1973,2.0,0.0068,44.0,0.1497,26.0,0.0884,0.0,0.0,0.0,0.0,8.0,0.0272,28.0,0.0952,3.018,3.96
40,1,4,738.0,152.0,0.206,82.0,0.1111,54.0,0.0732,12.0,0.0163,14.0,0.019,146.0,0.1978,24.0,0.0325,104.0,0.1409,74.0,0.1003,16.0,0.0217,6.0,0.0081,20.0,0.0271,34.0,0.0461,3.1791,3.14
41,1,4,74.0,14.0,0.1892,8.0,0.1081,4.0,0.0541,0.0,0.0,8.0,0.1081,8.0,0.1081,4.0,0.0541,16.0,0.2162,6.0,0.0811,4.0,0.0541,2.0,0.027,0.0,0.0,0.0,0.0,3.0904,3.1
42,1,3,572.0,108.0,0.1888,68.0,0.1189,58.0,0.1014,11.0,0.0192,2.0,0.0035,136.0,0.2378,6.0,0.0105,55.0,0.0962,48.0,0.0839,12.0,0.021,8.0,0.014,8.0,0.014,48.0,0.0839,3.0681,4.02
43,1,4,556.0,120.0,0.2158,52.0,0.0935,66.0,0.1187,20.0,0.036,4.0,0.0072,124.0,0.223,12.0,0.0216,54.0,0.0971,44.0,0.0791,16.0,0.0288,2.0,0.0036,14.0,0.0252,16.0,0.0288,3.062,3.78
44,1,3,342.0,53.0,0.155,20.0,0.0585,28.0,0.0819,6.0,0.0175,8.0,0.0234,95.0,0.2778,10.0,0.0292,46.0,0.1345,24.0,0.0702,8.0,0.0234,0.0,0.0,8.0,0.0234,30.0,0.0877,3.0631,3.05
45,1,3,728.0,88.0,0.1209,70.0,0.0962,62.0,0.0852,10.0,0.0137,10.0,0.0137,248.0,0.3407,20.0,0.0275,96.0,0.1319,54.0,0.0742,8.0,0.011,2.0,0.0027,20.0,0.0275,40.0,0.0549,2.9688,3.16
46,1,4,442.0,66.0,0.1493,50.0,0.1131,52.0,0.1176,8.0,0.0181,10.0,0.0226,100.0,0.2262,16.0,0.0362,42.0,0.095,36.0,0.0814,8.0,0.0181,6.0,0.0136,10.0,0.0226,34.0,0.0769,3.23,3.84
47,1,4,90.0,18.0,0.2,6.0,0.0667,4.0,0.0444,0.0,0.0,2.0,0.0222,22.0,0.2444,2.0,0.0222,16.0,0.1778,10.0,0.1111,6.0,0.0667,0.0,0.0,0.0,0.0,2.0,0.0222,2.8431,3.6
48,1,4,566.0,88.0,0.1555,52.0,0.0919,46.0,0.0813,8.0,0.0141,6.0,0.0106,166.0,0.2933,8.0,0.0141,86.0,0.1519,54.0,0.0954,4.0,0.0071,4.0,0.0071,4.0,0.0071,40.0,0.0707,2.9485,3.89
49,1,2,354.0,72.0,0.2034,48.0,0.1356,30.0,0.0847,13.0,0.0367,0.0,0.0,66.0,0.1864,2.0,0.0056,19.0,0.0537,28.0,0.0791,10.0,0.0282,2.0,0.0056,12.0,0.0339,44.0,0.1243,3.0719,2.87
50,1,5,218.0,26.0,0.1193,12.0,0.055,21.0,0.0963,4.0,0.0183,0.0,0.0,77.0,0.3532,0.0,0.0,24.0,0.1101,24.0,0.1101,10.0,0.0459,2.0,0.0092,4.0,0.0183,14.0,0.0642,2.8846,3.52
51,1,4,30.0,8.0,0.2667,2.0,0.0667,2.0,0.0667,0.0,0.0,0.0,0.0,0.0,0.0,0.0,0.0,6.0,0.2,10.0,0.3333,2.0,0.0667,0.0,0.0,0.0,0.0,0.0,0.0,2.2826,3.75
52,1,1,854.0,168.0,0.1967,102.0,0.1194,66.0,0.0773,32.0,0.0375,16.0,0.0187,180.0,0.2108,28.0,0.0328,88.0,0.103,74.0,0.0867,16.0,0.0187,8.0,0.0094,16.0,0.0187,52.0,0.0609,3.2008,2.15
53,1,5,524.0,82.0,0.1565,62.0,0.1183,42.0,0.0802,10.0,0.0191,20.0,0.0382,154.0,0.2939,12.0,0.0229,42.0,0.0802,34.0,0.0649,14.0,0.0267,12.0,0.0229,4.0,0.0076,32.0,0.0611,3.12,5.0
54,1,2,78.0,16.0,0.2051,6.0,0.0769,6.0,0.0769,4.0,0.0513,4.0,0.0513,10.0,0.1282,2.0,0.0256,10.0,0.1282,8.0,0.1026,8.0,0.1026,0.0,0.0,2.0,0.0256,0.0,0.0,3.1825,1.42
55,1,4,1658.0,410.0,0.2473,192.0,0.1158,184.0,0.111,60.0,0.0362,19.0,0.0115,308.0,0.1858,66.0,0.0398,193.0,0.1164,84.0,0.0507,40.0,0.0241,13.0,0.0078,35.0,0.0211,37.0,0.0223,3.0976,3.7
56,1,5,592.0,160.0,0.2703,80.0,0.1351,46.0,0.0777,14.0,0.0236,16.0,0.027,80.0,0.1351,28.0,0.0473,62.0,0.1047,42.0,0.0709,20.0,0.0338,8.0,0.0135,18.0,0.0304,16.0,0.027,3.2085,3.98
57,1,4,616.0,120.0,0.1948,74.0,0.1201,52.0,0.0844,16.0,0.026,16.0,0.026,146.0,0.237,18.0,0.0292,64.0,0.1039,44.0,0.0714,2.0,0.0032,10.0,0.0162,18.0,0.0292,32.0,0.0519,3.1481,3.9
58,1,4,586.0,110.0,0.1877,68.0,0.116,52.0,0.0887,12.0,0.0205,24.0,0.041,114.0,0.1945,10.0,0.0171,72.0,0.1229,54.0,0.0922,12.0,0.0205,4.0,0.0068,8.0,0.0137,38.0,0.0648,3.1802,3.49
59,1,3,490.0,79.0,0.1612,51.0,0.1041,67.0,0.1367,7.0,0.0143,8.0,0.0163,102.0,0.2082,15.0,0.0306,60.0,0.1224,47.0,0.0959,20.0,0.0408,2.0,0.0041,4.0,0.0082,27.0,0.0551,3.1697,3.15
60,1,3,1608.0,389.0,0.2419,200.0,0.1244,177.0,0.1101,37.0,0.023,37.0,0.023,261.0,0.1623,65.0,0.0404,177.0,0.1101,113.0,0.0703,44.0,0.0274,12.0,0.0075,58.0,0.0361,23.0,0.0143,3.158,3.34
61,1,2,14.0,6.0,0.4286,0.0,0.0,1.0,0.0714,0.0,0.0,0.0,0.0,3.0,0.2143,0.0,0.0,4.0,0.2857,0.0,0.0,0.0,0.0,0.0,0.0,0.0,0.0,0.0,0.0,1.7885,2.69
62,1,1,570.0,120.0,0.2105,56.0,0.0982,34.0,0.0596,12.0,0.0211,6.0,0.0105,121.0,0.2123,10.0,0.0175,84.0,0.1474,58.0,0.1018,14.0,0.0246,4.0,0.007,16.0,0.0281,28.0,0.0491,3.0905,2.45
63,1,5,1370.0,396.0,0.2891,172.0,0.1255,210.0,0.1533,40.0,0.0292,26.0,0.019,170.0,0.1241,32.0,0.0234,120.0,0.0876,90.0,0.0657,62.0,0.0453,10.0,0.0073,14.0,0.0102,16.0,0.0117,3.028,4.24
64,1,4,421.0,83.0,0.1971,46.0,0.1093,47.0,0.1116,17.0,0.0404,0.0,0.0,83.0,0.1971,12.0,0.0285,39.0,0.0926,36.0,0.0855,6.0,0.0143,8.0,0.019,8.0,0.019,35.0,0.0831,3.1834,3.95
65,1,3,554.0,88.0,0.1588,42.0,0.0758,42.0,0.0758,18.0,0.0325,10.0,0.0181,136.0,0.2455,10.0,0.0181,72.0,0.13,52.0,0.0939,2.0,0.0036,8.0,0.0144,10.0,0.0181,52.0,0.0939,3.0985,3.96
66,1,4,404.0,54.0,0.1337,36.0,0.0891,34.0,0.0842,6.0,0.0149,8.0,0.0198,122.0,0.302,16.0,0.0396,42.0,0.104,34.0,0.0842,6.0,0.0149,0.0,0.0,14.0,0.0347,26.0,0.0644,3.0608,3.71
67,1,2,830.0,160.0,0.1928,102.0,0.1229,70.0,0.0843,10.0,0.012,16.0,0.0193,172.0,0.2072,30.0,0.0361,82.0,0.0988,78.0,0.094,16.0,0.0193,8.0,0.0096,12.0,0.0145,66.0,0.0795,3.1644,2.41
68,1,4,802.0,158.0,0.197,79.0,0.0985,74.0,0.0923,13.0,0.0162,20.0,0.0249,203.0,0.2531,18.0,0.0224,86.0,0.1072,60.0,0.0748,15.0,0.0187,14.0,0.0175,22.0,0.0274,40.0,0.0499,3.1548,3.99
69,1,4,724.0,138.0,0.1906,90.0,0.1243,68.0,0.0939,12.0,0.0166,30.0,0.0414,144.0,0.1989,24.0,0.0331,78.0,0.1077,66.0,0.0912,12.0,0.0166,16.0,0.0221,2.0,0.0028,40.0,0.0552,3.2001,3.58
70,1,4,1161.0,250.0,0.2153,101.0,0.087,126.0,0.1085,34.0,0.0293,14.0,0.0121,266.0,0.2291,56.0,0.0482,98.0,0.0844,90.0,0.0775,36.0,0.031,18.0,0.0155,14.0,0.0121,54.0,0.0465,3.1736,3.76
71,1,5,434.0,76.0,0.1751,44.0,0.1014,52.0,0.1198,11.0,0.0253,6.0,0.0138,72.0,0.1659,8.0,0.0184,45.0,0.1037,54.0,0.1244,10.0,0.023,6.0,0.0138,4.0,0.0092,42.0,0.0968,3.2099,4.46
72,1,3,779.0,117.0,0.1502,77.0,0.0988,93.0,0.1194,24.0,0.0308,14.0,0.018,186.0,0.2388,33.0,0.0424,81.0,0.104,53.0,0.068,23.0,0.0295,11.0,0.0141,7.0,0.009,58.0,0.0745,3.2326,3.96
73,1,3,714.0,106.0,0.1485,74.0,0.1036,50.0,0.07,14.0,0.0196,8.0,0.0112,238.0,0.3333,28.0,0.0392,74.0,0.1036,44.0,0.0616,10.0,0.014,0.0,0.0,16.0,0.0224,44.0,0.0616,2.955,3.23
74,1,4,210.0,40.0,0.1905,24.0,0.1143,14.0,0.0667,12.0,0.0571,2.0,0.0095,24.0,0.1143,6.0,0.0286,32.0,0.1524,32.0,0.1524,4.0,0.019,0.0,0.0,2.0,0.0095,18.0,0.0857,3.1816,3.68
75,1,5,306.0,38.0,0.1242,30.0,0.098,10.0,0.0327,6.0,0.0196,4.0,0.0131,92.0,0.3007,8.0,0.0261,44.0,0.1438,28.0,0.0915,4.0,0.0131,0.0,0.0,6.0,0.0196,34.0,0.1111,2.9785,4.43
0,2,5,374.0,54.0,0.1444,28.0,0.0749,30.0,0.0802,8.0,0.0214,6.0,0.016,102.0,0.2727,8.0,0.0214,54.0,0.1444,38.0,0.1016,8.0,0.0214,0.0,0.0,6.0,0.016,27.0,0.0722,3.0456,4.47
1,2,3,450.0,60.0,0.1333,52.0,0.1156,38.0,0.0844,8.0,0.0178,8.0,0.0178,140.0,0.3111,16.0,0.0356,46.0,0.1022,30.0,0.0667,10.0,0.0222,6.0,0.0133,14.0,0.0311,18.0,0.04,3.0938,3.21
2,2,1,1206.0,364.0,0.3018,223.0,0.1849,85.0,0.0705,34.0,0.0282,68.0,0.0564,28.0,0.0232,58.0,0.0481,146.0,0.1211,86.0,0.0713,48.0,0.0398,32.0,0.0265,24.0,0.0199,10.0,0.0083,3.0915,2.01
3,2,5,878.0,166.0,0.1891,95.0,0.1082,87.0,0.0991,25.0,0.0285,14.0,0.0159,211.0,0.2403,13.0,0.0148,87.0,0.0991,86.0,0.0979,24.0,0.0273,10.0,0.0114,15.0,0.0171,45.0,0.0513,3.1519,4.8
4,2,3,190.0,34.0,0.1789,19.0,0.1,18.0,0.0947,0.0,0.0,10.0,0.0526,53.0,0.2789,4.0,0.0211,18.0,0.0947,20.0,0.1053,6.0,0.0316,2.0,0.0105,2.0,0.0105,4.0,0.0211,3.0301,3.04
5,2,4,390.0,60.0,0.1538,48.0,0.1231,18.0,0.0462,16.0,0.041,16.0,0.041,98.0,0.2513,10.0,0.0256,44.0,0.1128,28.0,0.0718,10.0,0.0256,2.0,0.0051,8.0,0.0205,28.0,0.0718,3.1969,3.66
6,2,2,542.0,109.0,0.2011,66.0,0.1218,53.0,0.0978,20.0,0.0369,12.0,0.0221,98.0,0.1808,16.0,0.0295,62.0,0.1144,40.0,0.0738,6.0,0.0111,8.0,0.0148,6.0,0.0111,36.0,0.0664,3.1856,2.73
7,2,4,230.0,40.0,0.1739,28.0,0.1217,20.0,0.087,14.0,0.0609,12.0,0.0522,40.0,0.1739,2.0,0.0087,26.0,0.113,26.0,0.113,6.0,0.0261,0.0,0.0,0.0,0.0,16.0,0.0696,3.1974,3.62
8,2,2,340.0,66.0,0.1941,42.0,0.1235,30.0,0.0882,6.0,0.0176,8.0,0.0235,70.0,0.2059,10.0,0.0294,46.0,0.1353,26.0,0.0765,10.0,0.0294,2.0,0.0059,2.0,0.0059,22.0,0.0647,3.1564,2.52
9,2,3,640.0,96.0,0.15,52.0,0.0812,62.0,0.0969,6.0,0.0094,6.0,0.0094,204.0,0.3188,20.0,0.0312,72.0,0.1125,38.0,0.0594,8.0,0.0125,10.0,0.0156,10.0,0.0156,52.0,0.0812,2.9967,3.2
10,2,4,586.0,92.0,0.157,52.0,0.0887,52.0,0.0887,10.0,0.0171,0.0,0.0,210.0,0.3584,14.0,0.0239,70.0,0.1195,32.0,0.0546,10.0,0.0171,4.0,0.0068,10.0,0.0171,30.0,0.0512,2.8633,3.81
11,2,4,300.0,54.0,0.18,34.0,0.1133,42.0,0.14,12.0,0.04,6.0,0.02,48.0,0.16,4.0,0.0133,36.0,0.12,30.0,0.1,6.0,0.02,2.0,0.0067,6.0,0.02,18.0,0.06,3.2199,3.86
12,2,5,756.0,130.0,0.172,92.0,0.1217,68.0,0.0899,14.0,0.0185,22.0,0.0291,176.0,0.2328,28.0,0.037,68.0,0.0899,60.0,0.0794,14.0,0.0185,12.0,0.0159,12.0,0.0159,56.0,0.0741,3.2169,4.4
13,2,2,64.0,12.0,0.1875,8.0,0.125,4.0,0.0625,6.0,0.0938,2.0,0.0312,4.0,0.0625,4.0,0.0625,4.0,0.0625,10.0,0.1562,4.0,0.0625,6.0,0.0938,0.0,0.0,0.0,0.0,3.2928,2.33
14,2,4,438.0,98.0,0.2237,54.0,0.1233,48.0,0.1096,14.0,0.032,10.0,0.0228,94.0,0.2146,12.0,0.0274,36.0,0.0822,28.0,0.0639,8.0,0.0183,8.0,0.0183,2.0,0.0046,22.0,0.0502,3.1203,3.81
15,2,3,460.0,68.0,0.1478,34.0,0.0739,40.0,0.087,6.0,0.013,4.0,0.0087,122.0,0.2652,10.0,0.0217,76.0,0.1652,42.0,0.0913,4.0,0.0087,2.0,0.0043,2.0,0.0043,42.0,0.0913,2.9485,3.16
16,2,2,734.0,140.0,0.1907,82.0,0.1117,68.0,0.0926,24.0,0.0327,20.0,0.0272,154.0,0.2098,12.0,0.0163,82.0,0.1117,64.0,0.0872,10.0,0.0136,12.0,0.0163,12.0,0.0163,48.0,0.0654,3.1958,4.21
17,2,1,26.0,6.0,0.2308,6.0,0.2308,4.0,0.1538,2.0,0.0769,2.0,0.0769,0.0,0.0,0.0,0.0,2.0,0.0769,4.0,0.1538,0.0,0.0,0.0,0.0,0.0,0.0,0.0,0.0,2.6612,2.45
18,2,4,454.0,110.0,0.2423,46.0,0.1013,48.0,0.1057,6.0,0.0132,10.0,0.022,74.0,0.163,8.0,0.0176,62.0,0.1366,52.0,0.1145,10.0,0.022,2.0,0.0044,8.0,0.0176,18.0,0.0396,3.0992,3.87
19,2,3,454.0,80.0,0.1762,58.0,0.1278,44.0,0.0969,12.0,0.0264,8.0,0.0176,103.0,0.2269,12.0,0.0264,42.0,0.0925,38.0,0.0837,10.0,0.022,10.0,0.022,16.0,0.0352,18.0,0.0396,3.2266,3.33
20,2,5,984.0,212.0,0.2154,116.0,0.1179,82.0,0.0833,22.0,0.0224,24.0,0.0244,200.0,0.2033,14.0,0.0142,114.0,0.1159,92.0,0.0935,20.0,0.0203,4.0,0.0041,22.0,0.0224,62.0,0.063,3.1476,4.36
21,2,4,20.0,4.0,0.2,2.0,0.1,6.0,0.3,0.0,0.0,2.0,0.1,0.0,0.0,0.0,0.0,2.0,0.1,4.0,0.2,0.0,0.0,0.0,0.0,0.0,0.0,0.0,0.0,2.4464,3.78
22,2,4,436.0,84.0,0.1927,36.0,0.0826,54.0,0.1239,2.0,0.0046,8.0,0.0183,112.0,0.2569,6.0,0.0138,48.0,0.1101,38.0,0.0872,10.0,0.0229,0.0,0.0,12.0,0.0275,26.0,0.0596,3.0257,3.85
23,2,4,582.0,168.0,0.2887,64.0,0.11,66.0,0.1134,8.0,0.0137,8.0,0.0137,66.0,0.1134,6.0,0.0103,76.0,0.1306,62.0,0.1065,26.0,0.0447,6.0,0.0103,22.0,0.0378,4.0,0.0069,3.0421,3.99
24,2,4,480.0,62.0,0.1292,38.0,0.0792,44.0,0.0917,8.0,0.0167,4.0,0.0083,166.0,0.3458,16.0,0.0333,38.0,0.0792,48.0,0.1,16.0,0.0333,10.0,0.0208,6.0,0.0125,16.0,0.0333,2.9808,3.74
25,2,5,548.0,100.0,0.1825,44.0,0.0803,48.0,0.0876,6.0,0.0109,2.0,0.0036,166.0,0.3029,14.0,0.0255,58.0,0.1058,42.0,0.0766,10.0,0.0182,4.0,0.0073,14.0,0.0255,36.0,0.0657,2.983,4.4
26,2,3,722.0,144.0,0.1994,80.0,0.1108,38.0,0.0526,18.0,0.0249,14.0,0.0194,174.0,0.241,16.0,0.0222,86.0,0.1191,60.0,0.0831,12.0,0.0166,6.0,0.0083,16.0,0.0222,54.0,0.0748,3.1199,3.42
27,2,3,686.0,102.0,0.1487,62.0,0.0904,58.0,0.0845,6.0,0.0087,4.0,0.0058,244.0,0.3557,16.0,0.0233,78.0,0.1137,44.0,0.0641,10.0,0.0146,4.0,0.0058,8.0,0.0117,48.0,0.07,2.87,3.22
28,2,4,414.0,78.0,0.1884,44.0,0.1063,44.0,0.1063,10.0,0.0242,12.0,0.029,106.0,0.256,12.0,0.029,36.0,0.087,34.0,0.0821,6.0,0.0145,4.0,0.0097,2.0,0.0048,24.0,0.058,3.1014,3.8
29,2,3,614.0,139.0,0.2264,76.0,0.1238,82.0,0.1336,6.0,0.0098,22.0,0.0358,85.0,0.1384,4.0,0.0065,66.0,0.1075,50.0,0.0814,14.0,0.0228,8.0,0.013,22.0,0.0358,32.0,0.0521,3.1664,3.36
30,2,2,406.0,79.0,0.1946,38.0,0.0936,58.0,0.1429,22.0,0.0542,8.0,0.0197,67.0,0.165,14.0,0.0345,42.0,0.1034,22.0,0.0542,20.0,0.0493,4.0,0.0099,6.0,0.0148,20.0,0.0493,3.2664,2.48
31,2,5,590.0,150.0,0.2542,64.0,0.1085,48.0,0.0814,10.0,0.0169,14.0,0.0237,92.0,0.1559,14.0,0.0237,68.0,0.1153,54.0,0.0915,16.0,0.0271,12.0,0.0203,14.0,0.0237,26.0,0.0441,3.1753,4.48
32,2,3,606.0,148.0,0.2442,56.0,0.0924,46.0,0.0759,13.0,0.0215,10.0,0.0165,110.0,0.1815,18.0,0.0297,93.0,0.1535,56.0,0.0924,10.0,0.0165,6.0,0.0099,16.0,0.0264,20.0,0.033,3.1077,3.09
33,2,4,1082.0,226.0,0.2089,115.0,0.1063,116.0,0.1072,24.0,0.0222,36.0,0.0333,213.0,0.1969,26.0,0.024,106.0,0.098,114.0,0.1054,22.0,0.0203,18.0,0.0166,7.0,0.0065,55.0,0.0508,3.1856,4.37
34,2,4,866.0,208.0,0.2402,82.0,0.0947,90.0,0.1039,20.0,0.0231,20.0,0.0231,146.0,0.1686,4.0,0.0046,112.0,0.1293,88.0,0.1016,22.0,0.0254,14.0,0.0162,18.0,0.0208,42.0,0.0485,3.1512,4.11
35,2,2,290.0,56.0,0.1931,24.0,0.0828,28.0,0.0966,6.0,0.0207,6.0,0.0207,96.0,0.331,4.0,0.0138,32.0,0.1103,18.0,0.0621,8.0,0.0276,4.0,0.0138,0.0,0.0,8.0,0.0276,2.8968,2.66
36,2,3,756.0,158.0,0.209,86.0,0.1138,58.0,0.0767,10.0,0.0132,14.0,0.0185,164.0,0.2169,30.0,0.0397,80.0,0.1058,62.0,0.082,14.0,0.0185,8.0,0.0106,8.0,0.0106,60.0,0.0794,3.1394,3.07
37,2,1,54.0,12.0,0.2222,6.0,0.1111,6.0,0.1111,0.0,0.0,2.0,0.037,4.0,0.0741,2.0,0.037,10.0,0.1852,4.0,0.0741,4.0,0.0741,0.0,0.0,2.0,0.037,0.0,0.0,2.9999,1.72
38,2,4,502.0,76.0,0.1514,62.0,0.1235,44.0,0.0876,4.0,0.008,4.0,0.008,108.0,0.2151,14.0,0.0279,68.0,0.1355,52.0,0.1036,12.0,0.0239,10.0,0.0199,8.0,0.0159,32.0,0.0637,3.144,3.9
39,2,3,514.0,68.0,0.1323,54.0,0.1051,56.0,0.1089,8.0,0.0156,20.0,0.0389,142.0,0.2763,20.0,0.0389,50.0,0.0973,38.0,0.0739,14.0,0.0272,0.0,0.0,16.0,0.0311,20.0,0.0389,3.1312,3.04
40,2,3,512.0,92.0,0.1797,54.0,0.1055,54.0,0.1055,8.0,0.0156,18.0,0.0352,128.0,0.25,16.0,0.0312,52.0,0.1016,32.0,0.0625,12.0,0.0234,8.0,0.0156,4.0,0.0078,32.0,0.0625,3.1598,3.03
41,2,5,34.0,10.0,0.2941,2.0,0.0588,2.0,0.0588,0.0,0.0,2.0,0.0588,4.0,0.1176,2.0,0.0588,6.0,0.1765,4.0,0.1176,0.0,0.0,0.0,0.0,0.0,0.0,2.0,0.0588,2.8895,3.74
42,2,4,582.0,110.0,0.189,60.0,0.1031,42.0,0.0722,15.0,0.0258,8.0,0.0137,148.0,0.2543,6.0,0.0103,65.0,0.1117,48.0,0.0825,16.0,0.0275,10.0,0.0172,4.0,0.0069,48.0,0.0825,3.097,3.89
43,2,4,518.0,88.0,0.1699,50.0,0.0965,68.0,0.1313,12.0,0.0232,2.0,0.0039,138.0,0.2664,8.0,0.0154,52.0,0.1004,36.0,0.0695,8.0,0.0154,6.0,0.0116,10.0,0.0193,38.0,0.0734,3.0568,3.99
44,2,4,682.0,98.0,0.1437,72.0,0.1056,50.0,0.0733,14.0,0.0205,4.0,0.0059,230.0,0.3372,20.0,0.0293,70.0,0.1026,56.0,0.0821,10.0,0.0147,2.0,0.0029,18.0,0.0264,38.0,0.0557,2.9755,3.76
45,2,3,854.0,136.0,0.1593,78.0,0.0913,68.0,0.0796,12.0,0.0141,8.0,0.0094,270.0,0.3162,18.0,0.0211,102.0,0.1194,70.0,0.082,20.0,0.0234,10.0,0.0117,24.0,0.0281,38.0,0.0445,3.0289,3.12
46,2,4,706.0,122.0,0.1728,84.0,0.119,68.0,0.0963,14.0,0.0198,24.0,0.034,140.0,0.1983,18.0,0.0255,90.0,0.1275,66.0,0.0935,14.0,0.0198,8.0,0.0113,8.0,0.0113,44.0,0.0623,3.2108,3.77
47,2,1,78.0,16.0,0.2051,6.0,0.0769,6.0,0.0769,4.0,0.0513,4.0,0.0513,10.0,0.1282,2.0,0.0256,10.0,0.1282,8.0,0.1026,8.0,0.1026,0.0,0.0,2.0,0.0256,0.0,0.0,3.1825,1.42
48,2,4,566.0,88.0,0.1555,52.0,0.0919,46.0,0.0813,8.0,0.0141,6.0,0.0106,166.0,0.2933,8.0,0.0141,86.0,0.1519,54.0,0.0954,4.0,0.0071,4.0,0.0071,4.0,0.0071,40.0,0.0707,2.9485,3.89
49,2,4,702.0,123.0,0.1752,75.0,0.1068,66.0,0.094,19.0,0.0271,14.0,0.0199,165.0,0.235,19.0,0.0271,86.0,0.1225,58.0,0.0826,6.0,0.0085,6.0,0.0085,19.0,0.0271,40.0,0.057,3.1534,3.96
50,2,3,110.0,10.0,0.0909,8.0,0.0727,12.0,0.1091,2.0,0.0182,4.0,0.0364,38.0,0.3455,2.0,0.0182,10.0,0.0909,4.0,0.0364,6.0,0.0545,0.0,0.0,6.0,0.0545,8.0,0.0727,3.0732,2.99
51,2,5,30.0,6.0,0.2,4.0,0.1333,2.0,0.0667,0.0,0.0,0.0,0.0,4.0,0.1333,0.0,0.0,2.0,0.0667,4.0,0.1333,2.0,0.0667,4.0,0.1333,2.0,0.0667,0.0,0.0,3.0566,4.35
52,2,2,614.0,100.0,0.1629,66.0,0.1075,48.0,0.0782,14.0,0.0228,16.0,0.0261,160.0,0.2606,10.0,0.0163,58.0,0.0945,46.0,0.0749,10.0,0.0163,10.0,0.0163,6.0,0.0098,66.0,0.1075,3.1299,2.86
53,2,5,524.0,82.0,0.1565,62.0,0.1183,42.0,0.0802,10.0,0.0191,20.0,0.0382,154.0,0.2939,12.0,0.0229,42.0,0.0802,34.0,0.0649,14.0,0.0267,12.0,0.0229,4.0,0.0076,32.0,0.0611,3.12,5.0
54,2,4,238.0,36.0,0.1513,30.0,0.1261,26.0,0.1092,6.0,0.0252,4.0,0.0168,48.0,0.2017,0.0,0.0,24.0,0.1008,22.0,0.0924,8.0,0.0336,8.0,0.0336,6.0,0.0252,18.0,0.0756,3.2325,3.95
55,2,5,413.0,58.0,0.1404,43.0,0.1041,42.0,0.1017,10.0,0.0242,14.0,0.0339,102.0,0.247,16.0,0.0387,54.0,0.1308,27.0,0.0654,13.0,0.0315,4.0,0.0097,4.0,0.0097,24.0,0.0581,3.2146,4.3
56,2,5,568.0,76.0,0.1338,56.0,0.0986,48.0,0.0845,12.0,0.0211,8.0,0.0141,180.0,0.3169,16.0,0.0282,66.0,0.1162,38.0,0.0669,14.0,0.0246,2.0,0.0035,16.0,0.0282,28.0,0.0493,3.0351,3.49
57,2,4,416.0,66.0,0.1587,48.0,0.1154,38.0,0.0913,10.0,0.024,10.0,0.024,110.0,0.2644,12.0,0.0288,40.0,0.0962,46.0,0.1106,6.0,0.0144,8.0,0.0192,2.0,0.0048,18.0,0.0433,3.1169,3.74
58,2,2,586.0,110.0,0.1877,68.0,0.116,52.0,0.0887,12.0,0.0205,24.0,0.041,114.0,0.1945,10.0,0.0171,72.0,0.1229,54.0,0.0922,12.0,0.0205,4.0,0.0068,8.0,0.0137,38.0,0.0648,3.1802,3.49
59,2,4,927.0,111.0,0.1197,65.0,0.0701,52.0,0.0561,8.0,0.0086,12.0,0.0129,246.0,0.2654,18.0,0.0194,85.0,0.0917,61.0,0.0658,13.0,0.014,6.0,0.0065,3.0,0.0032,245.0,0.2643,2.8692,3.58
60,2,2,1198.0,192.0,0.1603,94.0,0.0785,106.0,0.0885,35.0,0.0292,30.0,0.025,364.0,0.3038,20.0,0.0167,131.0,0.1093,106.0,0.0885,24.0,0.02,8.0,0.0067,12.0,0.01,60.0,0.0501,3.0267,2.68
61,2,3,574.0,88.0,0.1533,40.0,0.0697,52.0,0.0906,18.0,0.0314,16.0,0.0279,172.0,0.2997,20.0,0.0348,68.0,0.1185,32.0,0.0557,20.0,0.0348,6.0,0.0105,18.0,0.0314,24.0,0.0418,3.1692,3.18
62,2,2,642.0,121.0,0.1885,78.0,0.1215,62.0,0.0966,8.0,0.0125,24.0,0.0374,121.0,0.1885,20.0,0.0312,72.0,0.1121,62.0,0.0966,12.0,0.0187,8.0,0.0125,16.0,0.0249,38.0,0.0592,3.2546,2.43
63,2,5,582.0,126.0,0.2165,58.0,0.0997,39.0,0.067,7.0,0.012,11.0,0.0189,164.0,0.2818,11.0,0.0189,54.0,0.0928,34.0,0.0584,11.0,0.0189,8.0,0.0137,13.0,0.0223,43.0,0.0739,3.0299,4.52
64,2,4,936.0,190.0,0.203,105.0,0.1122,76.0,0.0812,19.0,0.0203,23.0,0.0246,190.0,0.203,44.0,0.047,109.0,0.1165,71.0,0.0759,17.0,0.0182,18.0,0.0192,25.0,0.0267,48.0,0.0513,3.2525,3.84
65,2,3,848.0,170.0,0.2005,104.0,0.1226,70.0,0.0825,26.0,0.0307,22.0,0.0259,162.0,0.191,22.0,0.0259,92.0,0.1085,70.0,0.0825,18.0,0.0212,10.0,0.0118,22.0,0.0259,54.0,0.0637,3.2448,3.21
66,2,4,448.0,88.0,0.1964,44.0,0.0982,30.0,0.067,10.0,0.0223,14.0,0.0312,84.0,0.1875,12.0,0.0268,64.0,0.1429,48.0,0.1071,14.0,0.0312,4.0,0.0089,6.0,0.0134,26.0,0.058,3.2076,3.88
67,2,4,478.0,82.0,0.1715,48.0,0.1004,40.0,0.0837,14.0,0.0293,6.0,0.0126,128.0,0.2678,24.0,0.0502,50.0,0.1046,48.0,0.1004,6.0,0.0126,6.0,0.0126,14.0,0.0293,10.0,0.0209,3.1211,3.55
68,2,4,624.0,155.0,0.2484,68.0,0.109,46.0,0.0737,10.0,0.016,3.0,0.0048,124.0,0.1987,13.0,0.0208,89.0,0.1426,49.0,0.0785,13.0,0.0208,10.0,0.016,17.0,0.0272,26.0,0.0417,3.0707,3.86
69,2,2,534.0,110.0,0.206,60.0,0.1124,42.0,0.0787,16.0,0.03,16.0,0.03,108.0,0.2022,12.0,0.0225,58.0,0.1086,54.0,0.1011,12.0,0.0225,10.0,0.0187,10.0,0.0187,24.0,0.0449,3.2264,2.81
70,2,3,726.0,180.0,0.2479,91.0,0.1253,80.0,0.1102,34.0,0.0468,16.0,0.022,113.0,0.1556,22.0,0.0303,72.0,0.0992,50.0,0.0689,28.0,0.0386,8.0,0.011,20.0,0.0275,12.0,0.0165,3.2135,3.05
71,2,5,650.0,134.0,0.2062,84.0,0.1292,72.0,0.1108,18.0,0.0277,18.0,0.0277,106.0,0.1631,12.0,0.0185,66.0,0.1015,66.0,0.1015,14.0,0.0215,8.0,0.0123,14.0,0.0215,34.0,0.0523,3.2317,4.35
72,2,4,846.0,154.0,0.182,90.0,0.1064,68.0,0.0804,22.0,0.026,14.0,0.0165,274.0,0.3239,16.0,0.0189,72.0,0.0851,48.0,0.0567,20.0,0.0236,6.0,0.0071,16.0,0.0189,40.0,0.0473,2.9857,3.81
73,2,4,714.0,84.0,0.1176,68.0,0.0952,46.0,0.0644,10.0,0.014,12.0,0.0168,252.0,0.3529,24.0,0.0336,90.0,0.1261,50.0,0.07,6.0,0.0084,0.0,0.0,10.0,0.014,58.0,0.0812,2.905,3.76
74,2,4,114.0,22.0,0.193,10.0,0.0877,10.0,0.0877,6.0,0.0526,0.0,0.0,22.0,0.193,0.0,0.0,14.0,0.1228,16.0,0.1404,6.0,0.0526,0.0,0.0,0.0,0.0,8.0,0.0702,3.0173,3.84
75,2,4,22.0,5.0,0.2273,1.0,0.0455,0.0,0.0,0.0,0.0,0.0,0.0,14.0,0.6364,0.0,0.0,0.0,0.0,0.0,0.0,2.0,0.0909,0.0,0.0,0.0,0.0,0.0,0.0,1.4179,3.15
0,3,5,512.0,80.0,0.1562,42.0,0.082,34.0,0.0664,8.0,0.0156,10.0,0.0195,151.0,0.2949,14.0,0.0273,69.0,0.1348,46.0,0.0898,8.0,0.0156,0.0,0.0,10.0,0.0195,38.0,0.0742,3.0255,4.49
1,3,3,788.0,127.0,0.1612,75.0,0.0952,80.0,0.1015,9.0,0.0114,14.0,0.0178,255.0,0.3236,21.0,0.0266,79.0,0.1003,54.0,0.0685,12.0,0.0152,0.0,0.0,23.0,0.0292,39.0,0.0495,2.9786,3.43
2,3,5,780.0,110.0,0.141,76.0,0.0974,44.0,0.0564,10.0,0.0128,14.0,0.0179,276.0,0.3538,22.0,0.0282,98.0,0.1256,58.0,0.0744,2.0,0.0026,0.0,0.0,6.0,0.0077,58.0,0.0744,2.8298,4.32
3,3,5,878.0,166.0,0.1891,95.0,0.1082,87.0,0.0991,21.0,0.0239,14.0,0.0159,211.0,0.2403,13.0,0.0148,87.0,0.0991,88.0,0.1002,24.0,0.0273,12.0,0.0137,15.0,0.0171,45.0,0.0513,3.15,4.66
4,3,2,194.0,40.0,0.2062,21.0,0.1082,18.0,0.0928,6.0,0.0309,4.0,0.0206,27.0,0.1392,22.0,0.1134,14.0,0.0722,18.0,0.0928,6.0,0.0309,2.0,0.0103,2.0,0.0103,14.0,0.0722,3.3146,2.1
5,3,3,424.0,66.0,0.1557,38.0,0.0896,44.0,0.1038,12.0,0.0283,2.0,0.0047,130.0,0.3066,4.0,0.0094,50.0,0.1179,38.0,0.0896,8.0,0.0189,4.0,0.0094,2.0,0.0047,26.0,0.0613,2.9677,3.38
6,3,2,336.0,52.0,0.1548,38.0,0.1131,34.0,0.1012,6.0,0.0179,10.0,0.0298,90.0,0.2679,10.0,0.0298,30.0,0.0893,22.0,0.0655,12.0,0.0357,8.0,0.0238,6.0,0.0179,16.0,0.0476,3.2028,3.17
7,3,1,152.0,26.0,0.1711,12.0,0.0789,18.0,0.1184,2.0,0.0132,4.0,0.0263,42.0,0.2763,4.0,0.0263,26.0,0.1711,6.0,0.0395,6.0,0.0395,0.0,0.0,2.0,0.0132,4.0,0.0263,2.9848,1.96
8,3,3,630.0,104.0,0.1651,60.0,0.0952,56.0,0.0889,8.0,0.0127,6.0,0.0095,180.0,0.2857,26.0,0.0413,58.0,0.0921,44.0,0.0698,14.0,0.0222,8.0,0.0127,14.0,0.0222,50.0,0.0794,3.1117,3.21
9,3,3,542.0,88.0,0.1624,60.0,0.1107,52.0,0.0959,8.0,0.0148,4.0,0.0074,178.0,0.3284,12.0,0.0221,50.0,0.0923,44.0,0.0812,8.0,0.0148,2.0,0.0037,12.0,0.0221,24.0,0.0443,2.9448,3.3
10,3,2,652.0,86.0,0.1319,50.0,0.0767,52.0,0.0798,14.0,0.0215,12.0,0.0184,220.0,0.3374,14.0,0.0215,74.0,0.1135,48.0,0.0736,10.0,0.0153,8.0,0.0123,10.0,0.0153,54.0,0.0828,3.0273,3.63
11,3,3,300.0,54.0,0.18,34.0,0.1133,42.0,0.14,12.0,0.04,6.0,0.02,48.0,0.16,4.0,0.0133,36.0,0.12,30.0,0.1,6.0,0.02,2.0,0.0067,6.0,0.02,18.0,0.06,3.2199,3.86
12,3,2,780.0,136.0,0.1744,72.0,0.0923,66.0,0.0846,10.0,0.0128,8.0,0.0103,260.0,0.3333,10.0,0.0128,88.0,0.1128,64.0,0.0821,12.0,0.0154,0.0,0.0,18.0,0.0231,36.0,0.0462,2.8895,2.72
13,3,3,12.0,2.0,0.1667,2.0,0.1667,2.0,0.1667,0.0,0.0,2.0,0.1667,2.0,0.1667,0.0,0.0,2.0,0.1667,0.0,0.0,0.0,0.0,0.0,0.0,0.0,0.0,0.0,0.0,2.585,3.26
14,3,4,652.0,118.0,0.181,68.0,0.1043,40.0,0.0613,18.0,0.0276,10.0,0.0153,174.0,0.2669,10.0,0.0153,82.0,0.1258,54.0,0.0828,4.0,0.0061,10.0,0.0153,8.0,0.0123,54.0,0.0828,3.0568,3.92
15,3,1,556.0,93.0,0.1673,58.0,0.1043,48.0,0.0863,12.0,0.0216,20.0,0.036,153.0,0.2752,6.0,0.0108,58.0,0.1043,48.0,0.0863,6.0,0.0108,6.0,0.0108,0.0,0.0,46.0,0.0827,3.0353,2.32
16,3,4,394.0,74.0,0.1878,46.0,0.1168,42.0,0.1066,6.0,0.0152,12.0,0.0305,92.0,0.2335,14.0,0.0355,40.0,0.1015,24.0,0.0609,8.0,0.0203,6.0,0.0152,4.0,0.0102,20.0,0.0508,3.1381,3.13
17,3,3,38.0,10.0,0.2632,2.0,0.0526,4.0,0.1053,2.0,0.0526,0.0,0.0,4.0,0.1053,0.0,0.0,4.0,0.1053,6.0,0.1579,2.0,0.0526,2.0,0.0526,2.0,0.0526,0.0,0.0,3.0708,3.16
18,3,4,1314.0,352.0,0.2679,158.0,0.1202,126.0,0.0959,22.0,0.0167,25.0,0.019,204.0,0.1553,45.0,0.0342,151.0,0.1149,91.0,0.0693,54.0,0.0411,14.0,0.0107,23.0,0.0175,36.0,0.0274,3.1212,3.38
19,3,4,825.0,158.0,0.1915,101.0,0.1224,102.0,0.1236,18.0,0.0218,13.0,0.0158,145.0,0.1758,13.0,0.0158,116.0,0.1406,78.0,0.0945,19.0,0.023,15.0,0.0182,8.0,0.0097,33.0,0.04,3.1511,4.05
20,3,5,878.0,174.0,0.1982,110.0,0.1253,80.0,0.0911,14.0,0.0159,20.0,0.0228,172.0,0.1959,18.0,0.0205,108.0,0.123,90.0,0.1025,16.0,0.0182,8.0,0.0091,12.0,0.0137,56.0,0.0638,3.162,4.39
21,3,4,20.0,4.0,0.2,2.0,0.1,6.0,0.3,0.0,0.0,2.0,0.1,0.0,0.0,0.0,0.0,2.0,0.1,4.0,0.2,0.0,0.0,0.0,0.0,0.0,0.0,0.0,0.0,2.4464,3.78
22,3,2,594.0,94.0,0.1582,52.0,0.0875,58.0,0.0976,10.0,0.0168,0.0,0.0,182.0,0.3064,16.0,0.0269,80.0,0.1347,38.0,0.064,16.0,0.0269,2.0,0.0034,8.0,0.0135,32.0,0.0539,2.9409,3.73
23,3,4,582.0,168.0,0.2887,64.0,0.11,66.0,0.1134,8.0,0.0137,8.0,0.0137,66.0,0.1134,6.0,0.0103,76.0,0.1306,62.0,0.1065,26.0,0.0447,6.0,0.0103,22.0,0.0378,4.0,0.0069,3.0421,3.99
24,3,4,442.0,72.0,0.1629,38.0,0.086,48.0,0.1086,10.0,0.0226,4.0,0.009,138.0,0.3122,12.0,0.0271,32.0,0.0724,30.0,0.0679,16.0,0.0362,4.0,0.009,10.0,0.0226,22.0,0.0498,3.0408,3.87
25,3,5,870.0,158.0,0.1816,96.0,0.1103,80.0,0.092,34.0,0.0391,16.0,0.0184,176.0,0.2023,14.0,0.0161,98.0,0.1126,94.0,0.108,22.0,0.0253,10.0,0.0115,10.0,0.0115,54.0,0.0621,3.1984,4.44
26,3,4,504.0,102.0,0.2024,44.0,0.0873,52.0,0.1032,12.0,0.0238,2.0,0.004,114.0,0.2262,6.0,0.0119,60.0,0.119,46.0,0.0913,10.0,0.0198,6.0,0.0119,6.0,0.0119,38.0,0.0754,3.0592,3.97
27,3,3,698.0,98.0,0.1404,66.0,0.0946,48.0,0.0688,4.0,0.0057,0.0,0.0,240.0,0.3438,30.0,0.043,80.0,0.1146,48.0,0.0688,14.0,0.0201,6.0,0.0086,18.0,0.0258,42.0,0.0602,2.9283,3.21
28,3,2,360.0,82.0,0.2278,34.0,0.0944,36.0,0.1,10.0,0.0278,6.0,0.0167,54.0,0.15,10.0,0.0278,60.0,0.1667,50.0,0.1389,4.0,0.0111,4.0,0.0111,4.0,0.0111,6.0,0.0167,3.0773,2.47
29,3,4,136.0,16.0,0.1176,16.0,0.1176,8.0,0.0588,2.0,0.0147,2.0,0.0147,36.0,0.2647,2.0,0.0147,18.0,0.1324,14.0,0.1029,4.0,0.0294,0.0,0.0,4.0,0.0294,14.0,0.1029,3.1038,3.93
30,3,4,410.0,60.0,0.1463,46.0,0.1122,36.0,0.0878,10.0,0.0244,6.0,0.0146,122.0,0.2976,2.0,0.0049,36.0,0.0878,38.0,0.0927,12.0,0.0293,2.0,0.0049,6.0,0.0146,32.0,0.078,3.0348,3.81
31,3,4,332.0,46.0,0.1386,34.0,0.1024,38.0,0.1145,14.0,0.0422,6.0,0.0181,76.0,0.2289,12.0,0.0361,38.0,0.1145,34.0,0.1024,10.0,0.0301,4.0,0.012,4.0,0.012,14.0,0.0422,3.24,3.69
32,3,2,648.0,88.0,0.1358,68.0,0.1049,48.0,0.0741,10.0,0.0154,4.0,0.0062,220.0,0.3395,14.0,0.0216,82.0,0.1265,44.0,0.0679,6.0,0.0093,2.0,0.0031,12.0,0.0185,40.0,0.0617,2.8812,2.7
33,3,4,817.0,122.0,0.1493,89.0,0.1089,56.0,0.0685,16.0,0.0196,22.0,0.0269,234.0,0.2864,24.0,0.0294,88.0,0.1077,60.0,0.0734,18.0,0.022,9.0,0.011,22.0,0.0269,49.0,0.06,3.1406,3.37
34,3,2,250.0,36.0,0.144,24.0,0.096,40.0,0.16,2.0,0.008,6.0,0.024,40.0,0.16,10.0,0.04,30.0,0.12,28.0,0.112,4.0,0.016,4.0,0.016,4.0,0.016,22.0,0.088,3.2595,3.15
35,3,1,148.0,32.0,0.2162,15.0,0.1014,12.0,0.0811,4.0,0.027,10.0,0.0676,31.0,0.2095,4.0,0.027,14.0,0.0946,10.0,0.0676,4.0,0.027,0.0,0.0,2.0,0.0135,10.0,0.0676,3.1948,1.81
36,3,3,622.0,92.0,0.1479,62.0,0.0997,56.0,0.09,10.0,0.0161,16.0,0.0257,150.0,0.2412,18.0,0.0289,82.0,0.1318,56.0,0.09,12.0,0.0193,4.0,0.0064,10.0,0.0161,48.0,0.0772,3.1623,3.28
37,3,4,56.0,18.0,0.3214,6.0,0.1071,6.0,0.1071,0.0,0.0,2.0,0.0357,2.0,0.0357,2.0,0.0357,10.0,0.1786,4.0,0.0714,2.0,0.0357,0.0,0.0,2.0,0.0357,0.0,0.0,2.7911,2.36
38,3,2,588.0,100.0,0.1701,68.0,0.1156,58.0,0.0986,8.0,0.0136,18.0,0.0306,126.0,0.2143,10.0,0.017,68.0,0.1156,60.0,0.102,12.0,0.0204,8.0,0.0136,4.0,0.0068,40.0,0.068,3.1463,3.71
39,3,2,376.0,42.0,0.1117,30.0,0.0798,34.0,0.0904,6.0,0.016,6.0,0.016,122.0,0.3245,12.0,0.0319,52.0,0.1383,22.0,0.0585,6.0,0.016,0.0,0.0,12.0,0.0319,28.0,0.0745,3.001,2.68
40,3,4,530.0,86.0,0.1623,46.0,0.0868,54.0,0.1019,10.0,0.0189,6.0,0.0113,180.0,0.3396,6.0,0.0113,38.0,0.0717,46.0,0.0868,10.0,0.0189,6.0,0.0113,4.0,0.0075,36.0,0.0679,2.9277,3.91
41,3,3,462.0,74.0,0.1602,52.0,0.1126,38.0,0.0823,14.0,0.0303,6.0,0.013,110.0,0.2381,12.0,0.026,60.0,0.1299,34.0,0.0736,8.0,0.0173,4.0,0.0087,14.0,0.0303,28.0,0.0606,3.1564,3.52
42,3,4,432.0,78.0,0.1806,44.0,0.1019,36.0,0.0833,10.0,0.0231,12.0,0.0278,106.0,0.2454,8.0,0.0185,52.0,0.1204,40.0,0.0926,10.0,0.0231,6.0,0.0139,2.0,0.0046,24.0,0.0556,3.1181,3.82
43,3,5,386.0,54.0,0.1399,34.0,0.0881,30.0,0.0777,14.0,0.0363,8.0,0.0207,126.0,0.3264,8.0,0.0207,42.0,0.1088,18.0,0.0466,6.0,0.0155,4.0,0.0104,6.0,0.0155,36.0,0.0933,3.0534,4.37
44,3,3,482.0,66.0,0.1369,44.0,0.0913,48.0,0.0996,12.0,0.0249,10.0,0.0207,162.0,0.3361,14.0,0.029,52.0,0.1079,28.0,0.0581,8.0,0.0166,2.0,0.0041,12.0,0.0249,24.0,0.0498,3.0293,3.33
45,3,3,442.0,72.0,0.1629,52.0,0.1176,64.0,0.1448,6.0,0.0136,8.0,0.0181,104.0,0.2353,10.0,0.0226,42.0,0.095,40.0,0.0905,8.0,0.0181,2.0,0.0045,12.0,0.0271,22.0,0.0498,3.1302,3.24
46,3,5,524.0,108.0,0.2061,50.0,0.0954,52.0,0.0992,12.0,0.0229,12.0,0.0229,118.0,0.2252,14.0,0.0267,64.0,0.1221,36.0,0.0687,16.0,0.0305,4.0,0.0076,8.0,0.0153,24.0,0.0458,3.1365,4.42
47,3,1,78.0,16.0,0.2051,6.0,0.0769,6.0,0.0769,4.0,0.0513,4.0,0.0513,10.0,0.1282,2.0,0.0256,10.0,0.1282,8.0,0.1026,8.0,0.1026,0.0,0.0,2.0,0.0256,0.0,0.0,3.1825,1.42
48,3,4,676.0,126.0,0.1864,74.0,0.1095,60.0,0.0888,18.0,0.0266,14.0,0.0207,152.0,0.2249,32.0,0.0473,76.0,0.1124,50.0,0.074,12.0,0.0178,6.0,0.0089,20.0,0.0296,34.0,0.0503,3.2221,3.76
49,3,4,582.0,106.0,0.1821,44.0,0.0756,50.0,0.0859,22.0,0.0378,12.0,0.0206,160.0,0.2749,16.0,0.0275,64.0,0.11,46.0,0.079,12.0,0.0206,4.0,0.0069,12.0,0.0206,28.0,0.0481,3.1126,3.91
50,3,5,178.0,18.0,0.1011,16.0,0.0899,8.0,0.0449,0.0,0.0,0.0,0.0,62.0,0.3483,16.0,0.0899,18.0,0.1011,10.0,0.0562,2.0,0.0112,2.0,0.0112,0.0,0.0,20.0,0.1124,2.7578,4.01
51,3,4,6.0,2.0,0.3333,2.0,0.3333,0.0,0.0,0.0,0.0,2.0,0.3333,0.0,0.0,0.0,0.0,0.0,0.0,0.0,0.0,0.0,0.0,0.0,0.0,0.0,0.0,0.0,0.0,1.585,3.52
52,3,3,556.0,82.0,0.1475,48.0,0.0863,50.0,0.0899,10.0,0.018,16.0,0.0288,180.0,0.3237,14.0,0.0252,52.0,0.0935,42.0,0.0755,18.0,0.0324,4.0,0.0072,12.0,0.0216,28.0,0.0504,3.0862,3.71
53,3,5,524.0,82.0,0.1565,62.0,0.1183,42.0,0.0802,10.0,0.0191,20.0,0.0382,154.0,0.2939,12.0,0.0229,42.0,0.0802,34.0,0.0649,14.0,0.0267,12.0,0.0229,4.0,0.0076,32.0,0.0611,3.12,5.0
54,3,5,819.0,134.0,0.1636,68.0,0.083,71.0,0.0867,10.0,0.0122,6.0,0.0073,221.0,0.2698,35.0,0.0427,78.0,0.0952,57.0,0.0696,15.0,0.0183,11.0,0.0134,30.0,0.0366,73.0,0.0891,3.1306,4.3
55,3,5,1873.0,536.0,0.2862,232.0,0.1239,203.0,0.1084,42.0,0.0224,46.0,0.0246,161.0,0.086,45.0,0.024,240.0,0.1281,185.0,0.0988,61.0,0.0326,27.0,0.0144,58.0,0.031,34.0,0.0182,3.144,4.43
56,3,5,600.0,116.0,0.1933,68.0,0.1133,58.0,0.0967,16.0,0.0267,6.0,0.01,128.0,0.2133,14.0,0.0233,66.0,0.11,40.0,0.0667,14.0,0.0233,12.0,0.02,14.0,0.0233,40.0,0.0667,3.1852,4.74
57,3,4,360.0,50.0,0.1389,34.0,0.0944,48.0,0.1333,12.0,0.0333,10.0,0.0278,86.0,0.2389,8.0,0.0222,48.0,0.1333,36.0,0.1,0.0,0.0,2.0,0.0056,8.0,0.0222,18.0,0.05,3.1269,3.73
58,3,4,586.0,110.0,0.1877,68.0,0.116,52.0,0.0887,12.0,0.0205,24.0,0.041,114.0,0.1945,10.0,0.0171,72.0,0.1229,54.0,0.0922,12.0,0.0205,4.0,0.0068,8.0,0.0137,38.0,0.0648,3.1802,3.49
59,3,4,946.0,235.0,0.2484,111.0,0.1173,104.0,0.1099,22.0,0.0233,24.0,0.0254,142.0,0.1501,16.0,0.0169,140.0,0.148,78.0,0.0825,29.0,0.0307,11.0,0.0116,6.0,0.0063,28.0,0.0296,3.1131,4.01
60,3,3,1328.0,253.0,0.1905,148.0,0.1114,148.0,0.1114,31.0,0.0233,24.0,0.0181,285.0,0.2146,19.0,0.0143,146.0,0.1099,141.0,0.1062,24.0,0.0181,18.0,0.0136,23.0,0.0173,62.0,0.0467,3.1468,3.44
61,3,3,406.0,76.0,0.1872,44.0,0.1084,44.0,0.1084,12.0,0.0296,10.0,0.0246,84.0,0.2069,12.0,0.0296,42.0,0.1034,40.0,0.0985,12.0,0.0296,6.0,0.0148,8.0,0.0197,14.0,0.0345,3.2368,3.19
62,3,2,850.0,170.0,0.2,98.0,0.1153,82.0,0.0965,12.0,0.0141,18.0,0.0212,158.0,0.1859,28.0,0.0329,94.0,0.1106,74.0,0.0871,18.0,0.0212,14.0,0.0165,14.0,0.0165,64.0,0.0753,3.2189,2.91
63,3,5,581.0,143.0,0.2461,64.0,0.1102,59.0,0.1015,5.0,0.0086,8.0,0.0138,188.0,0.3236,3.0,0.0052,33.0,0.0568,14.0,0.0241,12.0,0.0207,6.0,0.0103,0.0,0.0,42.0,0.0723,2.7158,4.27
64,3,3,598.0,90.0,0.1505,58.0,0.097,46.0,0.0769,10.0,0.0167,0.0,0.0,218.0,0.3645,16.0,0.0268,68.0,0.1137,34.0,0.0569,8.0,0.0134,6.0,0.01,10.0,0.0167,34.0,0.0569,2.8671,3.71
65,3,4,1088.0,230.0,0.2114,108.0,0.0993,116.0,0.1066,36.0,0.0331,12.0,0.011,234.0,0.2151,24.0,0.0221,124.0,0.114,80.0,0.0735,18.0,0.0165,20.0,0.0184,30.0,0.0276,52.0,0.0478,3.1721,3.98
66,3,4,1281.0,237.0,0.185,134.0,0.1046,110.0,0.0859,38.0,0.0297,22.0,0.0172,279.0,0.2178,39.0,0.0304,154.0,0.1202,119.0,0.0929,19.0,0.0148,5.0,0.0039,42.0,0.0328,72.0,0.0562,3.1811,3.72
67,3,4,550.0,78.0,0.1418,54.0,0.0982,32.0,0.0582,4.0,0.0073,12.0,0.0218,164.0,0.2982,10.0,0.0182,68.0,0.1236,52.0,0.0945,8.0,0.0145,8.0,0.0145,8.0,0.0145,52.0,0.0945,3.0475,4.01
68,3,4,866.0,157.0,0.1813,101.0,0.1166,85.0,0.0982,23.0,0.0266,7.0,0.0081,199.0,0.2298,13.0,0.015,105.0,0.1212,62.0,0.0716,25.0,0.0289,5.0,0.0058,27.0,0.0312,48.0,0.0554,3.1299,4.04
69,3,4,550.0,88.0,0.16,58.0,0.1055,36.0,0.0655,10.0,0.0182,8.0,0.0145,154.0,0.28,6.0,0.0109,60.0,0.1091,46.0,0.0836,2.0,0.0036,12.0,0.0218,8.0,0.0145,62.0,0.1127,3.0436,4.13
70,3,3,340.0,76.0,0.2235,31.0,0.0912,48.0,0.1412,4.0,0.0118,4.0,0.0118,89.0,0.2618,4.0,0.0118,38.0,0.1118,16.0,0.0471,22.0,0.0647,4.0,0.0118,0.0,0.0,4.0,0.0118,2.8965,3.03
71,3,5,42.0,8.0,0.1905,10.0,0.2381,2.0,0.0476,2.0,0.0476,8.0,0.1905,2.0,0.0476,0.0,0.0,6.0,0.1429,4.0,0.0952,0.0,0.0,0.0,0.0,0.0,0.0,0.0,0.0,2.7559,4.18
72,3,4,698.0,108.0,0.1547,64.0,0.0917,66.0,0.0946,12.0,0.0172,4.0,0.0057,200.0,0.2865,16.0,0.0229,84.0,0.1203,70.0,0.1003,6.0,0.0086,2.0,0.0029,12.0,0.0172,50.0,0.0716,2.9961,3.88
73,3,4,498.0,72.0,0.1446,50.0,0.1004,44.0,0.0884,8.0,0.0161,8.0,0.0161,170.0,0.3414,12.0,0.0241,42.0,0.0843,36.0,0.0723,14.0,0.0281,0.0,0.0,6.0,0.012,32.0,0.0643,2.9469,3.91
74,3,4,248.0,48.0,0.1935,24.0,0.0968,22.0,0.0887,12.0,0.0484,8.0,0.0323,68.0,0.2742,2.0,0.0081,30.0,0.121,10.0,0.0403,14.0,0.0565,2.0,0.0081,0.0,0.0,8.0,0.0323,3.0392,3.54
75,3,4,402.0,58.0,0.1443,40.0,0.0995,38.0,0.0945,4.0,0.01,10.0,0.0249,108.0,0.2687,14.0,0.0348,52.0,0.1294,34.0,0.0846,4.0,0.01,2.0,0.005,10.0,0.0249,26.0,0.0647,3.1082,3.79
0,4,5,728.0,142.0,0.1951,68.0,0.0934,80.0,0.1099,20.0,0.0275,14.0,0.0192,154.0,0.2115,12.0,0.0165,92.0,0.1264,74.0,0.1016,14.0,0.0192,8.0,0.011,18.0,0.0247,28.0,0.0385,3.1596,4.54
1,4,3,995.0,155.0,0.1558,109.0,0.1095,87.0,0.0874,7.0,0.007,8.0,0.008,314.0,0.3156,25.0,0.0251,106.0,0.1065,71.0,0.0714,19.0,0.0191,5.0,0.005,23.0,0.0231,63.0,0.0633,2.9807,3.28
2,4,2,526.0,144.0,0.2738,74.0,0.1407,48.0,0.0913,12.0,0.0228,34.0,0.0646,16.0,0.0304,32.0,0.0608,44.0,0.0837,52.0,0.0989,10.0,0.019,6.0,0.0114,34.0,0.0646,20.0,0.038,3.2503,2.1
3,4,5,932.0,180.0,0.1931,110.0,0.118,79.0,0.0848,26.0,0.0279,18.0,0.0193,219.0,0.235,22.0,0.0236,98.0,0.1052,78.0,0.0837,14.0,0.015,2.0,0.0021,40.0,0.0429,40.0,0.0429,3.1375,3.56
4,4,2,136.0,38.0,0.2794,14.0,0.1029,18.0,0.1324,0.0,0.0,6.0,0.0441,28.0,0.2059,4.0,0.0294,10.0,0.0735,6.0,0.0441,6.0,0.0441,2.0,0.0147,0.0,0.0,4.0,0.0294,2.9688,2.16
5,4,4,698.0,144.0,0.2063,68.0,0.0974,60.0,0.086,20.0,0.0287,12.0,0.0172,154.0,0.2206,12.0,0.0172,78.0,0.1117,80.0,0.1146,16.0,0.0229,8.0,0.0115,16.0,0.0229,30.0,0.043,3.1611,3.94
6,4,2,860.0,196.0,0.2279,88.0,0.1023,70.0,0.0814,16.0,0.0186,24.0,0.0279,172.0,0.2,18.0,0.0209,112.0,0.1302,88.0,0.1023,18.0,0.0209,6.0,0.007,14.0,0.0163,38.0,0.0442,3.1313,2.69
7,4,1,286.0,68.0,0.2378,26.0,0.0909,34.0,0.1189,4.0,0.014,8.0,0.028,48.0,0.1678,8.0,0.028,36.0,0.1259,24.0,0.0839,12.0,0.042,0.0,0.0,6.0,0.021,12.0,0.042,3.1567,2.83
8,4,2,474.0,72.0,0.1519,44.0,0.0928,48.0,0.1013,10.0,0.0211,6.0,0.0127,114.0,0.2405,16.0,0.0338,64.0,0.135,36.0,0.0759,16.0,0.0338,2.0,0.0042,14.0,0.0295,32.0,0.0675,3.206,3.75
9,4,3,642.0,120.0,0.1869,64.0,0.0997,66.0,0.1028,16.0,0.0249,10.0,0.0156,160.0,0.2492,10.0,0.0156,68.0,0.1059,60.0,0.0935,22.0,0.0343,4.0,0.0062,16.0,0.0249,26.0,0.0405,3.1358,3.41
10,4,3,818.0,124.0,0.1516,80.0,0.0978,54.0,0.066,18.0,0.022,20.0,0.0244,238.0,0.291,22.0,0.0269,90.0,0.11,76.0,0.0929,12.0,0.0147,2.0,0.0024,28.0,0.0342,52.0,0.0636,3.1088,3.26
11,4,3,630.0,100.0,0.1587,76.0,0.1206,54.0,0.0857,10.0,0.0159,10.0,0.0159,166.0,0.2635,22.0,0.0349,64.0,0.1016,58.0,0.0921,16.0,0.0254,6.0,0.0095,12.0,0.019,28.0,0.0444,3.1181,3.12
12,4,5,708.0,120.0,0.1695,64.0,0.0904,50.0,0.0706,16.0,0.0226,14.0,0.0198,216.0,0.3051,10.0,0.0141,72.0,0.1017,68.0,0.096,8.0,0.0113,6.0,0.0085,8.0,0.0113,56.0,0.0791,3.0163,3.67
13,4,1,44.0,6.0,0.1364,6.0,0.1364,6.0,0.1364,0.0,0.0,6.0,0.1364,2.0,0.0455,4.0,0.0909,4.0,0.0909,6.0,0.1364,2.0,0.0455,0.0,0.0,0.0,0.0,2.0,0.0455,3.197,2.56
14,4,4,992.0,158.0,0.1593,80.0,0.0806,94.0,0.0948,22.0,0.0222,8.0,0.0081,274.0,0.2762,30.0,0.0302,122.0,0.123,80.0,0.0806,24.0,0.0242,10.0,0.0101,16.0,0.0161,66.0,0.0665,3.0982,3.66
15,4,2,300.0,45.0,0.15,28.0,0.0933,30.0,0.1,2.0,0.0067,6.0,0.02,87.0,0.29,8.0,0.0267,30.0,0.1,22.0,0.0733,2.0,0.0067,6.0,0.02,4.0,0.0133,22.0,0.0733,3.0096,2.84
16,4,4,890.0,170.0,0.191,108.0,0.1213,94.0,0.1056,22.0,0.0247,18.0,0.0202,182.0,0.2045,30.0,0.0337,78.0,0.0876,78.0,0.0876,16.0,0.018,18.0,0.0202,22.0,0.0247,46.0,0.0517,3.2334,3.9
17,4,4,136.0,48.0,0.3529,10.0,0.0735,12.0,0.0882,4.0,0.0294,2.0,0.0147,30.0,0.2206,4.0,0.0294,16.0,0.1176,8.0,0.0588,0.0,0.0,0.0,0.0,0.0,0.0,0.0,0.0,2.5897,2.86
18,4,3,932.0,229.0,0.2457,99.0,0.1062,67.0,0.0719,18.0,0.0193,18.0,0.0193,184.0,0.1974,31.0,0.0333,104.0,0.1116,77.0,0.0826,22.0,0.0236,9.0,0.0097,28.0,0.03,33.0,0.0354,3.1246,3.11
19,4,3,390.0,66.0,0.1692,48.0,0.1231,48.0,0.1231,6.0,0.0154,4.0,0.0103,88.0,0.2256,10.0,0.0256,36.0,0.0923,46.0,0.1179,6.0,0.0154,6.0,0.0154,10.0,0.0256,14.0,0.0359,3.1325,3.3
20,4,4,856.0,168.0,0.1963,98.0,0.1145,58.0,0.0678,20.0,0.0234,12.0,0.014,174.0,0.2033,28.0,0.0327,118.0,0.1379,82.0,0.0958,8.0,0.0093,4.0,0.0047,34.0,0.0397,46.0,0.0537,3.1526,3.75
21,4,4,20.0,4.0,0.2,2.0,0.1,6.0,0.3,0.0,0.0,2.0,0.1,0.0,0.0,0.0,0.0,2.0,0.1,4.0,0.2,0.0,0.0,0.0,0.0,0.0,0.0,0.0,0.0,2.4464,3.78
22,4,4,422.0,68.0,0.1611,44.0,0.1043,48.0,0.1137,6.0,0.0142,0.0,0.0,124.0,0.2938,6.0,0.0142,38.0,0.09,36.0,0.0853,10.0,0.0237,2.0,0.0047,8.0,0.019,28.0,0.0664,2.9632,3.81
23,4,4,582.0,168.0,0.2887,64.0,0.11,66.0,0.1134,8.0,0.0137,8.0,0.0137,66.0,0.1134,6.0,0.0103,76.0,0.1306,62.0,0.1065,26.0,0.0447,6.0,0.0103,22.0,0.0378,4.0,0.0069,3.0421,3.99
24,4,4,400.0,68.0,0.17,36.0,0.09,42.0,0.105,8.0,0.02,16.0,0.04,120.0,0.3,4.0,0.01,50.0,0.125,16.0,0.04,6.0,0.015,2.0,0.005,14.0,0.035,14.0,0.035,3.0032,3.77
25,4,5,488.0,110.0,0.2254,58.0,0.1189,58.0,0.1189,14.0,0.0287,4.0,0.0082,92.0,0.1885,4.0,0.0082,42.0,0.0861,28.0,0.0574,6.0,0.0123,8.0,0.0164,12.0,0.0246,46.0,0.0943,3.0983,4.51
26,4,3,630.0,138.0,0.219,56.0,0.0889,72.0,0.1143,22.0,0.0349,10.0,0.0159,108.0,0.1714,14.0,0.0222,72.0,0.1143,66.0,0.1048,16.0,0.0254,8.0,0.0127,8.0,0.0127,36.0,0.0571,3.1991,3.41
27,4,4,618.0,98.0,0.1586,52.0,0.0841,40.0,0.0647,10.0,0.0162,2.0,0.0032,224.0,0.3625,20.0,0.0324,66.0,0.1068,42.0,0.068,4.0,0.0065,6.0,0.0097,10.0,0.0162,42.0,0.068,2.8715,3.8
28,4,4,618.0,138.0,0.2233,60.0,0.0971,62.0,0.1003,12.0,0.0194,6.0,0.0097,132.0,0.2136,16.0,0.0259,92.0,0.1489,56.0,0.0906,10.0,0.0162,4.0,0.0065,12.0,0.0194,18.0,0.0291,3.0553,3.72
29,4,1,102.0,22.0,0.2157,16.0,0.1569,4.0,0.0392,2.0,0.0196,14.0,0.1373,4.0,0.0392,6.0,0.0588,14.0,0.1373,10.0,0.098,6.0,0.0588,2.0,0.0196,2.0,0.0196,0.0,0.0,3.1925,1.6
30,4,4,562.0,96.0,0.1708,42.0,0.0747,38.0,0.0676,12.0,0.0214,4.0,0.0071,188.0,0.3345,10.0,0.0178,60.0,0.1068,32.0,0.0569,18.0,0.032,4.0,0.0071,8.0,0.0142,50.0,0.089,2.9668,3.95
31,4,5,392.0,70.0,0.1786,48.0,0.1224,44.0,0.1122,8.0,0.0204,16.0,0.0408,74.0,0.1888,8.0,0.0204,34.0,0.0867,34.0,0.0867,8.0,0.0204,6.0,0.0153,12.0,0.0306,24.0,0.0612,3.26,4.35
32,4,2,556.0,94.0,0.1691,38.0,0.0683,40.0,0.0719,12.0,0.0216,10.0,0.018,154.0,0.277,26.0,0.0468,68.0,0.1223,40.0,0.0719,8.0,0.0144,2.0,0.0036,16.0,0.0288,38.0,0.0683,3.0876,2.8
33,4,4,810.0,165.0,0.2037,82.0,0.1012,72.0,0.0889,10.0,0.0123,11.0,0.0136,195.0,0.2407,15.0,0.0185,101.0,0.1247,75.0,0.0926,17.0,0.021,6.0,0.0074,4.0,0.0049,53.0,0.0654,3.0332,4.0
34,4,1,74.0,14.0,0.1892,10.0,0.1351,6.0,0.0811,4.0,0.0541,10.0,0.1351,0.0,0.0,12.0,0.1622,6.0,0.0811,6.0,0.0811,4.0,0.0541,0.0,0.0,0.0,0.0,0.0,0.0,2.9972,1.75
35,4,1,354.0,72.0,0.2034,34.0,0.096,46.0,0.1299,6.0,0.0169,12.0,0.0339,84.0,0.2373,20.0,0.0565,36.0,0.1017,22.0,0.0621,6.0,0.0169,2.0,0.0056,0.0,0.0,12.0,0.0339,3.0583,1.74
36,4,2,742.0,82.0,0.1105,70.0,0.0943,40.0,0.0539,7.0,0.0094,6.0,0.0081,300.0,0.4043,24.0,0.0323,87.0,0.1173,52.0,0.0701,8.0,0.0108,0.0,0.0,18.0,0.0243,42.0,0.0566,2.7741,2.61
37,4,5,858.0,134.0,0.1562,84.0,0.0979,58.0,0.0676,10.0,0.0117,8.0,0.0093,232.0,0.2704,42.0,0.049,90.0,0.1049,72.0,0.0839,20.0,0.0233,12.0,0.014,26.0,0.0303,62.0,0.0723,3.1509,4.24
38,4,3,1062.0,174.0,0.1638,100.0,0.0942,100.0,0.0942,12.0,0.0113,16.0,0.0151,278.0,0.2618,54.0,0.0508,112.0,0.1055,90.0,0.0847,14.0,0.0132,10.0,0.0094,28.0,0.0264,66.0,0.0621,3.1356,3.25
39,4,4,518.0,78.0,0.1506,54.0,0.1042,52.0,0.1004,8.0,0.0154,6.0,0.0116,119.0,0.2297,16.0,0.0309,78.0,0.1506,32.0,0.0618,10.0,0.0193,2.0,0.0039,14.0,0.027,42.0,0.0811,3.1291,3.73
40,4,4,938.0,138.0,0.1471,104.0,0.1109,56.0,0.0597,9.0,0.0096,8.0,0.0085,326.0,0.3475,32.0,0.0341,107.0,0.1141,68.0,0.0725,8.0,0.0085,0.0,0.0,20.0,0.0213,62.0,0.0661,2.8882,3.73
41,4,5,440.0,64.0,0.1455,40.0,0.0909,38.0,0.0864,8.0,0.0182,2.0,0.0045,156.0,0.3545,10.0,0.0227,54.0,0.1227,32.0,0.0727,8.0,0.0182,2.0,0.0045,10.0,0.0227,16.0,0.0364,2.904,4.4
42,4,4,840.0,170.0,0.2024,90.0,0.1071,74.0,0.0881,20.0,0.0238,12.0,0.0143,190.0,0.2262,30.0,0.0357,96.0,0.1143,62.0,0.0738,16.0,0.019,12.0,0.0143,14.0,0.0167,48.0,0.0571,3.1591,3.94
43,4,4,584.0,80.0,0.137,56.0,0.0959,66.0,0.113,20.0,0.0342,4.0,0.0068,188.0,0.3219,14.0,0.024,62.0,0.1062,30.0,0.0514,8.0,0.0137,2.0,0.0034,14.0,0.024,40.0,0.0685,3.0144,3.9
44,4,2,464.0,60.0,0.1293,42.0,0.0905,42.0,0.0905,16.0,0.0345,2.0,0.0043,182.0,0.3922,8.0,0.0172,44.0,0.0948,16.0,0.0345,6.0,0.0129,2.0,0.0043,10.0,0.0216,32.0,0.069,2.8312,2.8
45,4,3,406.0,72.0,0.1773,34.0,0.0837,26.0,0.064,18.0,0.0443,10.0,0.0246,108.0,0.266,12.0,0.0296,46.0,0.1133,34.0,0.0837,8.0,0.0197,2.0,0.0049,20.0,0.0493,10.0,0.0246,3.1359,3.11
46,4,4,626.0,102.0,0.1629,60.0,0.0958,58.0,0.0927,9.0,0.0144,6.0,0.0096,204.0,0.3259,8.0,0.0128,65.0,0.1038,46.0,0.0735,12.0,0.0192,6.0,0.0096,16.0,0.0256,28.0,0.0447,2.9539,3.67
47,4,2,78.0,16.0,0.2051,6.0,0.0769,6.0,0.0769,4.0,0.0513,4.0,0.0513,10.0,0.1282,2.0,0.0256,10.0,0.1282,8.0,0.1026,8.0,0.1026,0.0,0.0,2.0,0.0256,0.0,0.0,3.1825,1.42
48,4,5,724.0,126.0,0.174,70.0,0.0967,60.0,0.0829,30.0,0.0414,28.0,0.0387,200.0,0.2762,18.0,0.0249,72.0,0.0994,46.0,0.0635,10.0,0.0138,6.0,0.0083,32.0,0.0442,26.0,0.0359,3.1773,4.19
49,4,4,710.0,98.0,0.138,66.0,0.093,54.0,0.0761,16.0,0.0225,18.0,0.0254,192.0,0.2704,22.0,0.031,76.0,0.107,54.0,0.0761,22.0,0.031,6.0,0.0085,24.0,0.0338,52.0,0.0732,3.2015,3.74
50,4,3,478.0,84.0,0.1757,40.0,0.0837,68.0,0.1423,16.0,0.0335,8.0,0.0167,72.0,0.1506,20.0,0.0418,64.0,0.1339,46.0,0.0962,12.0,0.0251,2.0,0.0042,8.0,0.0167,34.0,0.0711,3.2562,3.15
51,4,4,36.0,6.0,0.1667,4.0,0.1111,4.0,0.1111,4.0,0.1111,8.0,0.2222,0.0,0.0,2.0,0.0556,4.0,0.1111,2.0,0.0556,0.0,0.0,2.0,0.0556,0.0,0.0,0.0,0.0,3.0169,3.19
52,4,4,766.0,102.0,0.1332,74.0,0.0966,54.0,0.0705,4.0,0.0052,4.0,0.0052,250.0,0.3264,24.0,0.0313,100.0,0.1305,78.0,0.1018,12.0,0.0157,4.0,0.0052,16.0,0.0209,44.0,0.0574,2.9517,3.58
53,4,5,524.0,82.0,0.1565,62.0,0.1183,42.0,0.0802,10.0,0.0191,20.0,0.0382,154.0,0.2939,12.0,0.0229,42.0,0.0802,34.0,0.0649,14.0,0.0267,12.0,0.0229,4.0,0.0076,32.0,0.0611,3.12,5.0
54,4,4,640.0,80.0,0.125,44.0,0.0688,52.0,0.0812,14.0,0.0219,6.0,0.0094,218.0,0.3406,20.0,0.0312,76.0,0.1188,50.0,0.0781,8.0,0.0125,2.0,0.0031,12.0,0.0188,56.0,0.0875,2.9766,3.48
55,4,5,1103.0,265.0,0.2403,115.0,0.1043,118.0,0.107,25.0,0.0227,14.0,0.0127,203.0,0.184,10.0,0.0091,143.0,0.1296,79.0,0.0716,15.0,0.0136,11.0,0.01,34.0,0.0308,65.0,0.0589,3.0946,4.58
56,4,5,534.0,88.0,0.1648,52.0,0.0974,58.0,0.1086,16.0,0.03,14.0,0.0262,142.0,0.2659,16.0,0.03,60.0,0.1124,26.0,0.0487,8.0,0.015,2.0,0.0037,16.0,0.03,28.0,0.0524,3.1152,4.31
57,4,4,1408.0,328.0,0.233,162.0,0.1151,130.0,0.0923,34.0,0.0241,32.0,0.0227,248.0,0.1761,38.0,0.027,182.0,0.1293,112.0,0.0795,24.0,0.017,26.0,0.0185,38.0,0.027,48.0,0.0341,3.187,3.96
58,4,4,586.0,110.0,0.1877,68.0,0.116,52.0,0.0887,12.0,0.0205,24.0,0.041,114.0,0.1945,10.0,0.0171,72.0,0.1229,54.0,0.0922,12.0,0.0205,4.0,0.0068,8.0,0.0137,38.0,0.0648,3.1802,3.49
59,4,3,922.0,200.0,0.2169,111.0,0.1204,99.0,0.1074,26.0,0.0282,20.0,0.0217,161.0,0.1746,20.0,0.0217,113.0,0.1226,76.0,0.0824,26.0,0.0282,16.0,0.0174,14.0,0.0152,40.0,0.0434,3.219,4.06
60,4,2,1069.0,265.0,0.2479,105.0,0.0982,82.0,0.0767,26.0,0.0243,38.0,0.0355,264.0,0.247,34.0,0.0318,62.0,0.058,57.0,0.0533,37.0,0.0346,8.0,0.0075,12.0,0.0112,62.0,0.058,3.0653,2.53
61,4,4,620.0,140.0,0.2258,74.0,0.1194,64.0,0.1032,14.0,0.0226,23.0,0.0371,94.0,0.1516,22.0,0.0355,63.0,0.1016,53.0,0.0855,23.0,0.0371,13.0,0.021,19.0,0.0306,11.0,0.0177,3.2613,3.58
62,4,2,614.0,128.0,0.2085,76.0,0.1238,62.0,0.101,18.0,0.0293,18.0,0.0293,106.0,0.1726,24.0,0.0391,62.0,0.101,50.0,0.0814,14.0,0.0228,10.0,0.0163,10.0,0.0163,26.0,0.0423,3.2373,2.6
63,4,5,692.0,155.0,0.224,62.0,0.0896,54.0,0.078,8.0,0.0116,7.0,0.0101,230.0,0.3324,3.0,0.0043,50.0,0.0723,37.0,0.0535,10.0,0.0145,6.0,0.0087,2.0,0.0029,63.0,0.091,2.7728,3.64
64,4,4,368.0,83.0,0.2255,40.0,0.1087,58.0,0.1576,8.0,0.0217,2.0,0.0054,51.0,0.1386,4.0,0.0109,54.0,0.1467,42.0,0.1141,6.0,0.0163,0.0,0.0,0.0,0.0,20.0,0.0543,2.9685,3.47
65,4,3,458.0,88.0,0.1921,52.0,0.1135,54.0,0.1179,10.0,0.0218,8.0,0.0175,108.0,0.2358,10.0,0.0218,48.0,0.1048,48.0,0.1048,6.0,0.0131,4.0,0.0087,6.0,0.0131,14.0,0.0306,3.0712,3.26
66,4,4,484.0,110.0,0.2273,52.0,0.1074,56.0,0.1157,16.0,0.0331,10.0,0.0207,86.0,0.1777,18.0,0.0372,52.0,0.1074,42.0,0.0868,2.0,0.0041,6.0,0.0124,14.0,0.0289,14.0,0.0289,3.1481,3.71
67,4,4,536.0,78.0,0.1455,44.0,0.0821,56.0,0.1045,4.0,0.0075,6.0,0.0112,170.0,0.3172,16.0,0.0299,50.0,0.0933,44.0,0.0821,16.0,0.0299,2.0,0.0037,6.0,0.0112,38.0,0.0709,2.983,3.74
68,4,4,394.0,50.0,0.1269,29.0,0.0736,25.0,0.0635,10.0,0.0254,6.0,0.0152,147.0,0.3731,13.0,0.033,45.0,0.1142,20.0,0.0508,7.0,0.0178,0.0,0.0,7.0,0.0178,31.0,0.0787,2.8979,3.72
69,4,2,700.0,94.0,0.1343,76.0,0.1086,60.0,0.0857,6.0,0.0086,8.0,0.0114,210.0,0.3,24.0,0.0343,80.0,0.1143,64.0,0.0914,20.0,0.0286,2.0,0.0029,18.0,0.0257,34.0,0.0486,3.0527,2.64
70,4,4,736.0,144.0,0.1957,74.0,0.1005,78.0,0.106,18.0,0.0245,16.0,0.0217,164.0,0.2228,22.0,0.0299,82.0,0.1114,32.0,0.0435,38.0,0.0516,14.0,0.019,14.0,0.019,40.0,0.0543,3.2379,3.56
71,4,5,1418.0,306.0,0.2158,140.0,0.0987,126.0,0.0889,31.0,0.0219,32.0,0.0226,260.0,0.1834,24.0,0.0169,205.0,0.1446,132.0,0.0931,24.0,0.0169,18.0,0.0127,20.0,0.0141,98.0,0.0691,3.1648,4.5
72,4,4,942.0,172.0,0.1826,102.0,0.1083,60.0,0.0637,22.0,0.0234,26.0,0.0276,228.0,0.242,22.0,0.0234,112.0,0.1189,74.0,0.0786,16.0,0.017,6.0,0.0064,34.0,0.0361,56.0,0.0594,3.1547,3.49
73,4,3,878.0,128.0,0.1458,90.0,0.1025,66.0,0.0752,11.0,0.0125,12.0,0.0137,252.0,0.287,32.0,0.0364,113.0,0.1287,88.0,0.1002,16.0,0.0182,4.0,0.0046,18.0,0.0205,40.0,0.0456,3.0494,3.14
74,4,4,126.0,24.0,0.1905,10.0,0.0794,10.0,0.0794,6.0,0.0476,0.0,0.0,22.0,0.1746,4.0,0.0317,18.0,0.1429,20.0,0.1587,2.0,0.0159,0.0,0.0,2.0,0.0159,8.0,0.0635,3.1075,3.6
75,4,4,466.0,52.0,0.1116,46.0,0.0987,36.0,0.0773,6.0,0.0129,0.0,0.0,162.0,0.3476,12.0,0.0258,62.0,0.133,42.0,0.0901,2.0,0.0043,2.0,0.0043,8.0,0.0172,34.0,0.073,2.8587,3.96
