user_id,file_id,rating,token_count,entity_count,entity_density,unique_entity_types,entity_label_entropy,avg_entity_length_tokens,ent_count_PERSON,ent_count_ORG,ent_count_GPE,ent_count_LOC,ent_count_NORP,ent_count_FAC,ent_count_EVENT,ent_count_WORK_OF_ART,ent_count_LAW,ent_count_LANGUAGE,ent_count_PRODUCT,ent_count_DATE,ent_count_TIME,ent_count_PERCENT,ent_count_MONEY,ent_count_QUANTITY,ent_count_ORDINAL,ent_count_CARDINAL,pred_rating
0,0,4.0,634.0,70.0,0.1104,8.0,2.4519,1.6857,6.0,14.0,8.0,0.0,2.0,2.0,0.0,0.0,0.0,0.0,0.0,8.0,2.0,0.0,0.0,0.0,0.0,28.0,4.2
1,0,5.0,2015.0,236.0,0.1171,13.0,3.0069,2.0678,48.0,55.0,13.0,13.0,1.0,26.0,0.0,2.0,0.0,0.0,1.0,20.0,40.0,0.0,0.0,3.0,5.0,9.0,4.72
2,0,4.0,978.0,66.0,0.0675,7.0,2.2226,1.3939,6.0,8.0,32.0,6.0,0.0,0.0,0.0,0.0,0.0,0.0,2.0,10.0,0.0,0.0,0.0,0.0,2.0,0.0,3.53
3,0,5.0,3078.0,315.0,0.1023,16.0,2.9409,2.0794,45.0,63.0,69.0,5.0,5.0,8.0,1.0,2.0,0.0,0.0,1.0,31.0,19.0,1.0,1.0,3.0,1.0,60.0,4.53
4,0,5.0,960.0,57.0,0.0594,6.0,2.1089,1.6667,8.0,11.0,26.0,0.0,2.0,0.0,0.0,0.0,0.0,0.0,0.0,8.0,2.0,0.0,0.0,0.0,0.0,0.0,4.43
5,0,4.0,994.0,102.0,0.1026,8.0,2.1604,1.6373,11.0,25.0,48.0,0.0,0.0,2.0,0.0,0.0,2.0,0.0,0.0,4.0,0.0,0.0,0.0,0.0,2.0,8.0,4.1
6,0,4.0,882.0,40.0,0.0454,5.0,1.419,1.4,2.0,2.0,28.0,0.0,0.0,0.0,0.0,0.0,0.0,0.0,0.0,6.0,2.0,0.0,0.0,0.0,0.0,0.0,3.67
7,0,4.0,952.0,50.0,0.0525,5.0,2.1778,1.6,8.0,8.0,16.0,0.0,0.0,0.0,0.0,0.0,0.0,0.0,0.0,4.0,0.0,0.0,0.0,0.0,0.0,14.0,3.81
8,0,2.0,689.0,65.0,0.0943,6.0,2.2037,1.6154,25.0,14.0,14.0,0.0,6.0,4.0,0.0,0.0,0.0,0.0,0.0,2.0,0.0,0.0,0.0,0.0,0.0,0.0,2.69
9,0,3.0,944.0,96.0,0.1017,8.0,2.2432,1.5833,8.0,16.0,48.0,2.0,2.0,4.0,0.0,0.0,0.0,0.0,0.0,6.0,0.0,0.0,0.0,0.0,0.0,10.0,3.93
10,0,3.0,596.0,92.0,0.1544,9.0,2.6909,1.6739,18.0,8.0,32.0,6.0,6.0,2.0,0.0,0.0,0.0,0.0,2.0,6.0,0.0,0.0,0.0,0.0,0.0,12.0,3.5
11,0,4.0,734.0,34.0,0.0463,5.0,1.736,1.7059,6.0,2.0,20.0,0.0,0.0,0.0,0.0,0.0,0.0,0.0,0.0,4.0,0.0,0.0,0.0,0.0,2.0,0.0,3.82
12,0,5.0,1340.0,106.0,0.0791,9.0,1.9688,1.566,4.0,16.0,62.0,2.0,2.0,2.0,0.0,0.0,0.0,0.0,0.0,14.0,0.0,0.0,0.0,0.0,2.0,2.0,4.63
13,0,3.0,1780.0,191.0,0.1073,12.0,3.1342,2.1257,20.0,30.0,24.0,10.0,1.0,11.0,4.0,2.0,0.0,0.0,0.0,13.0,30.0,0.0,0.0,6.0,0.0,40.0,3.65
14,0,5.0,986.0,66.0,0.0669,6.0,1.9468,1.6061,6.0,8.0,38.0,0.0,4.0,0.0,0.0,0.0,0.0,0.0,0.0,6.0,0.0,0.0,0.0,0.0,0.0,4.0,4.41
15,0,2.0,1010.0,90.0,0.0891,10.0,2.5484,1.4889,14.0,4.0,40.0,2.0,6.0,2.0,0.0,0.0,0.0,0.0,0.0,10.0,2.0,0.0,0.0,0.0,2.0,8.0,3.7
16,0,4.0,2387.0,255.0,0.1068,12.0,3.0321,1.6353,45.0,28.0,61.0,9.0,7.0,19.0,2.0,0.0,0.0,0.0,2.0,22.0,37.0,0.0,0.0,0.0,1.0,22.0,4.1
17,0,4.0,2138.0,139.0,0.065,7.0,2.3989,1.7626,20.0,25.0,52.0,4.0,4.0,0.0,0.0,0.0,0.0,0.0,0.0,22.0,0.0,0.0,0.0,0.0,0.0,12.0,3.81
18,0,4.0,1304.0,123.0,0.0943,10.0,2.7368,2.1138,12.0,22.0,43.0,4.0,2.0,14.0,0.0,0.0,0.0,0.0,0.0,4.0,12.0,0.0,0.0,1.0,0.0,9.0,3.99
19,0,5.0,2828.0,376.0,0.133,15.0,3.0873,1.9229,37.0,65.0,60.0,1.0,36.0,11.0,2.0,3.0,0.0,0.0,5.0,29.0,77.0,0.0,2.0,2.0,1.0,45.0,4.72
20,0,4.0,830.0,72.0,0.0867,6.0,1.9144,1.8611,10.0,18.0,36.0,0.0,4.0,2.0,0.0,0.0,0.0,0.0,0.0,2.0,0.0,0.0,0.0,0.0,0.0,0.0,3.81
21,0,4.0,978.0,62.0,0.0634,8.0,2.2806,2.5806,10.0,20.0,22.0,0.0,0.0,2.0,0.0,0.0,0.0,0.0,0.0,2.0,2.0,0.0,0.0,0.0,2.0,2.0,3.9
22,0,3.0,888.0,88.0,0.0991,7.0,1.8999,1.6818,8.0,14.0,52.0,4.0,0.0,2.0,0.0,0.0,0.0,0.0,0.0,6.0,2.0,0.0,0.0,0.0,0.0,0.0,4.16
23,0,2.0,40.0,2.0,0.05,1.0,-0.0,4.0,0.0,2.0,0.0,0.0,0.0,0.0,0.0,0.0,0.0,0.0,0.0,0.0,0.0,0.0,0.0,0.0,0.0,0.0,2.96
24,0,4.0,1158.0,48.0,0.0415,9.0,2.6659,2.2917,4.0,6.0,14.0,2.0,0.0,2.0,0.0,0.0,0.0,0.0,2.0,2.0,0.0,0.0,0.0,2.0,0.0,14.0,3.65
25,0,2.0,136.0,6.0,0.0441,2.0,0.9183,2.0,0.0,2.0,0.0,0.0,0.0,0.0,0.0,0.0,0.0,0.0,0.0,4.0,0.0,0.0,0.0,0.0,0.0,0.0,2.97
26,0,5.0,806.0,90.0,0.1117,9.0,2.3724,1.8667,8.0,22.0,38.0,2.0,2.0,0.0,0.0,2.0,0.0,0.0,0.0,4.0,2.0,0.0,0.0,0.0,0.0,10.0,4.37
27,0,2.0,776.0,34.0,0.0438,5.0,1.9831,2.1176,0.0,6.0,0.0,0.0,0.0,0.0,0.0,0.0,0.0,0.0,0.0,12.0,2.0,0.0,0.0,0.0,2.0,12.0,2.5
28,0,3.0,752.0,60.0,0.0798,6.0,2.1038,1.8333,22.0,18.0,12.0,0.0,2.0,4.0,0.0,0.0,0.0,0.0,0.0,2.0,0.0,0.0,0.0,0.0,0.0,0.0,3.06
29,0,4.0,2128.0,237.0,0.1114,12.0,3.0706,2.0169,62.0,27.0,48.0,9.0,12.0,13.0,3.0,3.0,0.0,0.0,0.0,20.0,17.0,0.0,0.0,3.0,0.0,20.0,4.21
30,0,4.0,704.0,47.0,0.0668,6.0,2.0496,1.4468,4.0,5.0,22.0,2.0,0.0,0.0,0.0,0.0,0.0,0.0,0.0,2.0,0.0,0.0,0.0,0.0,0.0,12.0,3.71
31,0,5.0,34.0,2.0,0.0588,1.0,-0.0,1.0,0.0,0.0,0.0,0.0,0.0,0.0,0.0,0.0,0.0,0.0,0.0,2.0,0.0,0.0,0.0,0.0,0.0,0.0,4.14
32,0,4.0,1925.0,185.0,0.0961,12.0,2.9031,1.9243,21.0,49.0,12.0,7.0,0.0,14.0,0.0,2.0,0.0,0.0,5.0,19.0,6.0,1.0,0.0,0.0,2.0,47.0,4.14
33,0,5.0,2757.0,225.0,0.0816,12.0,3.0885,1.84,33.0,37.0,37.0,5.0,5.0,16.0,3.0,4.0,0.0,0.0,0.0,16.0,22.0,0.0,0.0,2.0,0.0,45.0,4.03
34,0,4.0,946.0,56.0,0.0592,6.0,2.4052,2.1071,8.0,16.0,14.0,0.0,0.0,4.0,0.0,0.0,0.0,0.0,0.0,10.0,4.0,0.0,0.0,0.0,0.0,0.0,3.7
35,0,4.0,1048.0,80.0,0.0763,10.0,2.7319,2.15,2.0,20.0,20.0,2.0,2.0,4.0,0.0,2.0,0.0,0.0,0.0,12.0,0.0,0.0,0.0,0.0,2.0,14.0,4.08
36,0,4.0,32.0,0.0,0.0,0.0,0.0,0.0,0.0,0.0,0.0,0.0,0.0,0.0,0.0,0.0,0.0,0.0,0.0,0.0,0.0,0.0,0.0,0.0,0.0,0.0,4.12
37,0,5.0,1090.0,114.0,0.1046,10.0,2.6114,1.6667,16.0,24.0,42.0,6.0,0.0,0.0,0.0,2.0,0.0,0.0,2.0,8.0,2.0,0.0,0.0,0.0,2.0,10.0,4.6
38,0,2.0,14.0,0.0,0.0,0.0,0.0,0.0,0.0,0.0,0.0,0.0,0.0,0.0,0.0,0.0,0.0,0.0,0.0,0.0,0.0,0.0,0.0,0.0,0.0,0.0,3.51
39,0,4.0,984.0,62.0,0.063,6.0,2.4641,1.8387,10.0,6.0,20.0,0.0,0.0,8.0,0.0,0.0,0.0,0.0,0.0,10.0,0.0,0.0,0.0,0.0,0.0,8.0,2.58
40,0,2.0,1739.0,167.0,0.096,10.0,2.4298,1.8443,25.0,39.0,68.0,1.0,3.0,7.0,3.0,0.0,0.0,0.0,3.0,10.0,0.0,0.0,0.0,0.0,0.0,8.0,2.72
41,0,5.0,28.0,0.0,0.0,0.0,0.0,0.0,0.0,0.0,0.0,0.0,0.0,0.0,0.0,0.0,0.0,0.0,0.0,0.0,0.0,0.0,0.0,0.0,0.0,0.0,4.23
42,0,2.0,68.0,4.0,0.0588,2.0,1.0,2.5,0.0,2.0,0.0,0.0,0.0,0.0,0.0,0.0,0.0,0.0,0.0,2.0,0.0,0.0,0.0,0.0,0.0,0.0,3.65
43,0,4.0,18.0,2.0,0.1111,1.0,-0.0,1.0,0.0,0.0,0.0,0.0,0.0,0.0,0.0,0.0,0.0,0.0,0.0,2.0,0.0,0.0,0.0,0.0,0.0,0.0,3.55
44,0,4.0,62.0,4.0,0.0645,2.0,1.0,3.0,0.0,2.0,0.0,0.0,0.0,0.0,0.0,0.0,0.0,0.0,0.0,2.0,0.0,0.0,0.0,0.0,0.0,0.0,3.74
45,0,3.0,50.0,2.0,0.04,1.0,-0.0,4.0,0.0,2.0,0.0,0.0,0.0,0.0,0.0,0.0,0.0,0.0,0.0,0.0,0.0,0.0,0.0,0.0,0.0,0.0,2.63
46,0,5.0,888.0,38.0,0.0428,7.0,2.1838,1.4211,4.0,4.0,20.0,2.0,2.0,0.0,0.0,0.0,0.0,0.0,0.0,4.0,2.0,0.0,0.0,0.0,0.0,0.0,3.31
47,0,4.0,1586.0,92.0,0.058,8.0,2.5853,1.7174,14.0,16.0,32.0,4.0,2.0,4.0,0.0,0.0,0.0,0.0,0.0,8.0,0.0,0.0,0.0,0.0,0.0,12.0,3.73
48,0,4.0,50.0,7.0,0.14,3.0,1.3788,1.0,0.0,1.0,4.0,0.0,0.0,0.0,0.0,0.0,0.0,0.0,0.0,2.0,0.0,0.0,0.0,0.0,0.0,0.0,4.2
49,0,4.0,1539.0,196.0,0.1274,9.0,2.3303,1.449,16.0,17.0,22.0,2.0,0.0,4.0,2.0,0.0,0.0,0.0,0.0,8.0,32.0,0.0,0.0,0.0,0.0,93.0,4.07
50,0,4.0,832.0,82.0,0.0986,9.0,2.5509,1.561,4.0,24.0,22.0,2.0,2.0,2.0,0.0,0.0,0.0,0.0,0.0,8.0,0.0,0.0,0.0,2.0,0.0,16.0,3.84
51,0,3.0,1166.0,66.0,0.0566,7.0,2.2531,1.5152,8.0,8.0,30.0,2.0,0.0,0.0,0.0,2.0,0.0,0.0,0.0,4.0,0.0,0.0,0.0,0.0,0.0,12.0,3.16
52,0,1.0,558.0,54.0,0.0968,5.0,1.9379,1.963,6.0,8.0,28.0,0.0,0.0,0.0,0.0,0.0,0.0,0.0,0.0,4.0,0.0,0.0,0.0,0.0,0.0,8.0,2.14
53,0,5.0,850.0,68.0,0.08,9.0,2.8613,1.9118,6.0,14.0,18.0,0.0,6.0,8.0,0.0,0.0,0.0,0.0,0.0,4.0,2.0,0.0,0.0,0.0,2.0,8.0,4.58
54,0,5.0,2208.0,118.0,0.0534,10.0,2.7649,1.678,14.0,16.0,42.0,4.0,6.0,4.0,0.0,0.0,0.0,0.0,2.0,14.0,2.0,0.0,0.0,0.0,0.0,14.0,4.48
55,0,5.0,1985.0,169.0,0.0851,11.0,2.6937,2.1124,23.0,38.0,36.0,2.0,2.0,0.0,0.0,2.0,2.0,0.0,4.0,40.0,0.0,0.0,0.0,0.0,2.0,18.0,4.08
56,0,5.0,854.0,68.0,0.0796,10.0,2.9945,1.9412,6.0,14.0,16.0,6.0,2.0,4.0,0.0,0.0,0.0,0.0,0.0,8.0,2.0,0.0,0.0,0.0,2.0,8.0,4.28
57,0,4.0,1130.0,68.0,0.0602,6.0,2.3455,1.8235,8.0,10.0,26.0,0.0,4.0,0.0,0.0,0.0,0.0,0.0,0.0,8.0,0.0,0.0,0.0,0.0,0.0,12.0,3.1
58,0,3.0,1424.0,96.0,0.0674,9.0,2.5804,1.6458,16.0,12.0,36.0,2.0,4.0,2.0,0.0,0.0,0.0,0.0,0.0,8.0,2.0,0.0,0.0,0.0,0.0,14.0,3.29
59,0,4.0,3391.0,219.0,0.0646,13.0,3.0077,2.0228,39.0,34.0,39.0,4.0,8.0,4.0,1.0,0.0,0.0,2.0,2.0,18.0,36.0,0.0,0.0,0.0,1.0,31.0,4.05
60,0,4.0,1222.0,176.0,0.144,10.0,2.7495,1.8864,12.0,28.0,8.0,4.0,0.0,18.0,2.0,0.0,0.0,0.0,0.0,14.0,30.0,0.0,2.0,0.0,0.0,58.0,4.15
61,0,5.0,46.0,8.0,0.1739,3.0,1.5,1.75,0.0,0.0,4.0,0.0,0.0,2.0,0.0,0.0,0.0,0.0,0.0,2.0,0.0,0.0,0.0,0.0,0.0,0.0,4.74
62,0,2.0,824.0,46.0,0.0558,5.0,1.8547,1.7826,2.0,6.0,24.0,0.0,0.0,0.0,0.0,0.0,0.0,0.0,0.0,4.0,0.0,0.0,0.0,0.0,0.0,10.0,2.35
68,0,5.0,1782.0,209.0,0.1173,12.0,3.0492,1.8708,32.0,24.0,52.0,5.0,9.0,27.0,0.0,3.0,1.0,0.0,2.0,16.0,28.0,0.0,0.0,0.0,0.0,10.0,4.27
69,0,4.0,974.0,50.0,0.0513,8.0,2.3631,1.66,4.0,8.0,24.0,2.0,0.0,0.0,0.0,0.0,0.0,2.0,0.0,4.0,4.0,0.0,0.0,0.0,2.0,0.0,3.94
70,0,4.0,2212.0,231.0,0.1044,12.0,3.015,2.1429,18.0,47.0,41.0,20.0,0.0,20.0,1.0,1.0,0.0,0.0,1.0,11.0,42.0,0.0,0.0,4.0,0.0,25.0,4.19
71,0,4.0,922.0,72.0,0.0781,8.0,2.2779,1.5556,2.0,8.0,22.0,2.0,2.0,0.0,0.0,0.0,2.0,0.0,0.0,6.0,0.0,0.0,0.0,0.0,0.0,28.0,3.74
72,0,4.0,1310.0,191.0,0.1458,9.0,2.802,1.7644,24.0,26.0,34.0,0.0,0.0,9.0,3.0,0.0,0.0,0.0,0.0,24.0,20.0,0.0,0.0,2.0,0.0,49.0,4.17
73,0,5.0,912.0,50.0,0.0548,8.0,2.7827,2.0,4.0,12.0,4.0,6.0,0.0,2.0,0.0,0.0,0.0,0.0,0.0,4.0,6.0,0.0,0.0,0.0,0.0,12.0,4.21
74,0,4.0,2244.0,281.0,0.1252,15.0,2.9521,1.9288,30.0,74.0,57.0,4.0,3.0,22.0,1.0,1.0,0.0,1.0,6.0,14.0,23.0,0.0,0.0,1.0,1.0,43.0,4.37
75,0,5.0,2146.0,218.0,0.1016,12.0,2.907,2.5046,30.0,58.0,56.0,8.0,6.0,10.0,0.0,2.0,0.0,0.0,6.0,8.0,10.0,0.0,0.0,2.0,0.0,22.0,4.7
76,0,2.0,1885.0,125.0,0.0663,10.0,2.6031,1.824,15.0,39.0,32.0,2.0,2.0,4.0,0.0,0.0,0.0,0.0,0.0,14.0,2.0,0.0,0.0,0.0,1.0,14.0,2.67
77,0,3.0,1689.0,175.0,0.1036,9.0,2.871,1.9657,23.0,42.0,37.0,0.0,8.0,24.0,0.0,8.0,0.0,0.0,0.0,8.0,6.0,0.0,0.0,0.0,0.0,19.0,4.35
78,0,4.0,1736.0,156.0,0.0899,11.0,2.9343,1.7821,5.0,20.0,41.0,6.0,4.0,10.0,0.0,6.0,0.0,0.0,0.0,10.0,36.0,0.0,0.0,1.0,0.0,17.0,3.97
79,0,4.0,16.0,0.0,0.0,0.0,0.0,0.0,0.0,0.0,0.0,0.0,0.0,0.0,0.0,0.0,0.0,0.0,0.0,0.0,0.0,0.0,0.0,0.0,0.0,0.0,3.76
0,1,5.0,760.0,94.0,0.1237,7.0,2.1898,1.5319,8.0,12.0,18.0,0.0,2.0,0.0,0.0,0.0,0.0,0.0,2.0,8.0,0.0,0.0,0.0,0.0,0.0,44.0,4.58
1,1,5.0,838.0,104.0,0.1241,8.0,2.4376,2.0962,22.0,32.0,2.0,4.0,0.0,0.0,0.0,0.0,0.0,0.0,0.0,12.0,0.0,0.0,0.0,4.0,2.0,26.0,4.24
2,1,4.0,836.0,72.0,0.0861,6.0,2.3554,1.9167,16.0,12.0,18.0,2.0,0.0,6.0,0.0,0.0,0.0,0.0,0.0,18.0,0.0,0.0,0.0,0.0,0.0,0.0,2.89
3,1,5.0,4092.0,300.0,0.0733,12.0,2.6953,2.3133,66.0,100.0,46.0,6.0,4.0,12.0,2.0,0.0,0.0,0.0,4.0,16.0,4.0,0.0,0.0,0.0,4.0,36.0,4.43
4,1,5.0,648.0,74.0,0.1142,8.0,2.3761,1.6757,8.0,20.0,26.0,0.0,2.0,0.0,0.0,0.0,0.0,0.0,2.0,0.0,2.0,0.0,0.0,0.0,2.0,12.0,4.65
5,1,4.0,730.0,54.0,0.074,5.0,2.0665,1.4444,6.0,14.0,18.0,0.0,0.0,0.0,0.0,0.0,0.0,0.0,0.0,2.0,0.0,0.0,0.0,0.0,0.0,14.0,3.72
6,1,4.0,1070.0,68.0,0.0636,7.0,2.535,1.5294,10.0,12.0,22.0,2.0,4.0,0.0,0.0,0.0,0.0,0.0,0.0,8.0,0.0,0.0,0.0,0.0,0.0,10.0,3.71
7,1,4.0,1107.0,74.0,0.0668,6.0,1.7368,1.3378,5.0,12.0,46.0,0.0,6.0,0.0,0.0,0.0,0.0,0.0,2.0,3.0,0.0,0.0,0.0,0.0,0.0,0.0,4.03
8,1,2.0,890.0,66.0,0.0742,7.0,2.1386,1.8788,2.0,24.0,20.0,0.0,0.0,2.0,0.0,2.0,0.0,0.0,0.0,2.0,0.0,0.0,0.0,0.0,0.0,14.0,1.96
9,1,4.0,1866.0,171.0,0.0916,13.0,3.0019,1.8304,20.0,22.0,59.0,3.0,7.0,16.0,4.0,2.0,0.0,1.0,3.0,9.0,10.0,0.0,0.0,0.0,0.0,15.0,3.82
10,1,4.0,776.0,41.0,0.0528,5.0,2.1361,2.1951,0.0,9.0,12.0,0.0,0.0,0.0,0.0,0.0,0.0,0.0,0.0,6.0,0.0,0.0,0.0,0.0,2.0,12.0,3.65
11,1,4.0,818.0,52.0,0.0636,5.0,1.773,1.5,8.0,6.0,30.0,0.0,0.0,0.0,0.0,0.0,0.0,0.0,0.0,6.0,0.0,0.0,0.0,0.0,2.0,0.0,3.89
12,1,5.0,2457.0,249.0,0.1013,15.0,3.1102,1.8233,35.0,44.0,61.0,3.0,12.0,14.0,2.0,4.0,0.0,2.0,2.0,26.0,10.0,0.0,0.0,2.0,1.0,31.0,4.67
13,1,2.0,44.0,0.0,0.0,0.0,0.0,0.0,0.0,0.0,0.0,0.0,0.0,0.0,0.0,0.0,0.0,0.0,0.0,0.0,0.0,0.0,0.0,0.0,0.0,0.0,2.97
14,1,5.0,1380.0,114.0,0.0826,10.0,2.3118,1.5614,10.0,12.0,62.0,2.0,8.0,4.0,2.0,0.0,0.0,0.0,0.0,4.0,0.0,0.0,0.0,0.0,2.0,8.0,4.47
15,1,2.0,688.0,62.0,0.0901,9.0,2.7741,2.2903,8.0,10.0,20.0,4.0,2.0,2.0,0.0,2.0,0.0,0.0,0.0,6.0,0.0,0.0,0.0,0.0,0.0,8.0,3.76
16,1,4.0,1786.0,82.0,0.0459,7.0,2.5946,1.9512,6.0,26.0,14.0,6.0,0.0,6.0,0.0,0.0,0.0,0.0,0.0,10.0,0.0,0.0,0.0,0.0,0.0,14.0,3.41
17,1,4.0,346.0,34.0,0.0983,6.0,1.7314,1.5882,2.0,4.0,22.0,0.0,2.0,0.0,0.0,2.0,0.0,0.0,0.0,0.0,2.0,0.0,0.0,0.0,0.0,0.0,3.85
18,1,3.0,472.0,60.0,0.1271,6.0,2.0049,2.1667,0.0,18.0,24.0,0.0,2.0,0.0,0.0,2.0,0.0,0.0,0.0,0.0,2.0,0.0,0.0,0.0,0.0,12.0,4.07
19,1,5.0,1485.0,172.0,0.1158,12.0,2.8965,1.75,11.0,24.0,38.0,2.0,6.0,12.0,0.0,2.0,0.0,0.0,1.0,7.0,25.0,0.0,0.0,0.0,1.0,43.0,4.62
20,1,5.0,712.0,70.0,0.0983,6.0,1.8071,2.2571,8.0,20.0,36.0,2.0,0.0,2.0,0.0,0.0,0.0,0.0,0.0,2.0,0.0,0.0,0.0,0.0,0.0,0.0,4.42
21,1,4.0,20.0,2.0,0.1,1.0,-0.0,1.0,0.0,0.0,0.0,0.0,0.0,0.0,0.0,0.0,0.0,0.0,0.0,0.0,0.0,0.0,0.0,0.0,2.0,0.0,3.86
22,1,4.0,1052.0,102.0,0.097,9.0,2.4755,2.1373,8.0,18.0,44.0,4.0,6.0,4.0,0.0,2.0,0.0,0.0,0.0,14.0,0.0,0.0,0.0,0.0,0.0,2.0,3.83
23,1,3.0,1104.0,52.0,0.0471,6.0,1.879,1.5769,2.0,4.0,30.0,0.0,0.0,0.0,0.0,0.0,0.0,0.0,0.0,6.0,0.0,0.0,0.0,0.0,2.0,8.0,2.8
24,1,1.0,94.0,4.0,0.0426,1.0,-0.0,1.0,0.0,0.0,0.0,0.0,0.0,0.0,0.0,0.0,0.0,0.0,0.0,4.0,0.0,0.0,0.0,0.0,0.0,0.0,2.13
25,1,4.0,64.0,4.0,0.0625,1.0,-0.0,4.0,0.0,4.0,0.0,0.0,0.0,0.0,0.0,0.0,0.0,0.0,0.0,0.0,0.0,0.0,0.0,0.0,0.0,0.0,3.84
26,1,4.0,500.0,34.0,0.068,9.0,2.659,1.8529,2.0,9.0,9.0,1.0,1.0,0.0,0.0,0.0,0.0,0.0,0.0,4.0,1.0,0.0,0.0,0.0,1.0,6.0,3.71
27,1,2.0,732.0,54.0,0.0738,7.0,2.5229,2.4074,12.0,8.0,16.0,2.0,0.0,6.0,0.0,2.0,0.0,0.0,0.0,8.0,0.0,0.0,0.0,0.0,0.0,0.0,2.65
28,1,4.0,1100.0,68.0,0.0618,5.0,2.0115,2.2647,8.0,24.0,22.0,0.0,0.0,0.0,0.0,0.0,0.0,0.0,0.0,12.0,0.0,0.0,0.0,0.0,0.0,2.0,3.96
29,1,4.0,1666.0,152.0,0.0912,12.0,3.0177,1.9605,22.0,24.0,36.0,0.0,8.0,10.0,0.0,2.0,0.0,0.0,0.0,14.0,2.0,2.0,0.0,2.0,4.0,26.0,4.35
30,1,3.0,3174.0,283.0,0.0892,12.0,3.0567,1.6961,46.0,36.0,57.0,7.0,11.0,16.0,5.0,4.0,0.0,0.0,1.0,19.0,59.0,0.0,0.0,0.0,0.0,22.0,3.51
31,1,5.0,1172.0,111.0,0.0947,9.0,2.6088,2.0991,8.0,28.0,20.0,2.0,2.0,6.0,0.0,0.0,0.0,0.0,0.0,11.0,2.0,0.0,0.0,0.0,0.0,32.0,4.48
32,1,4.0,1381.0,133.0,0.0963,9.0,2.0227,1.7519,27.0,21.0,69.0,2.0,5.0,5.0,1.0,2.0,0.0,0.0,0.0,1.0,0.0,0.0,0.0,0.0,0.0,0.0,3.92
33,1,5.0,2525.0,182.0,0.0721,12.0,3.0935,2.3187,22.0,35.0,36.0,13.0,0.0,4.0,2.0,0.0,0.0,0.0,0.0,15.0,18.0,6.0,2.0,2.0,0.0,27.0,4.52
34,1,4.0,876.0,54.0,0.0616,9.0,2.8942,2.1481,10.0,6.0,10.0,2.0,0.0,12.0,0.0,0.0,0.0,0.0,4.0,6.0,2.0,0.0,0.0,0.0,0.0,2.0,3.88
35,1,2.0,786.0,52.0,0.0662,8.0,2.6182,2.0385,4.0,8.0,18.0,0.0,0.0,10.0,0.0,2.0,0.0,0.0,0.0,4.0,4.0,0.0,0.0,0.0,0.0,2.0,3.3
36,1,4.0,22.0,2.0,0.0909,1.0,-0.0,1.0,0.0,0.0,0.0,0.0,0.0,0.0,0.0,0.0,0.0,0.0,0.0,2.0,0.0,0.0,0.0,0.0,0.0,0.0,3.88
37,1,2.0,110.0,2.0,0.0182,1.0,-0.0,1.0,0.0,0.0,0.0,0.0,0.0,0.0,0.0,0.0,0.0,0.0,0.0,2.0,0.0,0.0,0.0,0.0,0.0,0.0,1.77
38,1,4.0,602.0,78.0,0.1296,7.0,2.2658,1.8974,16.0,14.0,30.0,2.0,0.0,2.0,0.0,0.0,0.0,0.0,0.0,0.0,2.0,0.0,0.0,0.0,0.0,12.0,3.89
39,1,3.0,652.0,56.0,0.0859,6.0,1.9815,1.9286,2.0,12.0,26.0,0.0,0.0,0.0,0.0,0.0,0.0,0.0,0.0,2.0,0.0,0.0,0.0,0.0,2.0,12.0,3.19
40,1,2.0,1786.0,152.0,0.0851,10.0,2.6213,2.0329,16.0,29.0,54.0,8.0,4.0,5.0,2.0,2.0,0.0,0.0,0.0,27.0,0.0,0.0,0.0,0.0,0.0,5.0,2.86
41,1,5.0,36.0,0.0,0.0,0.0,0.0,0.0,0.0,0.0,0.0,0.0,0.0,0.0,0.0,0.0,0.0,0.0,0.0,0.0,0.0,0.0,0.0,0.0,0.0,0.0,4.06
42,1,4.0,1822.0,148.0,0.0812,9.0,2.738,1.8041,28.0,25.0,39.0,6.0,0.0,8.0,0.0,0.0,0.0,0.0,2.0,26.0,4.0,0.0,0.0,0.0,0.0,10.0,3.66
43,1,5.0,16.0,2.0,0.125,1.0,-0.0,1.0,0.0,0.0,0.0,0.0,0.0,0.0,0.0,0.0,0.0,0.0,0.0,2.0,0.0,0.0,0.0,0.0,0.0,0.0,3.45
44,1,4.0,56.0,4.0,0.0714,1.0,-0.0,4.5,0.0,4.0,0.0,0.0,0.0,0.0,0.0,0.0,0.0,0.0,0.0,0.0,0.0,0.0,0.0,0.0,0.0,0.0,3.89
45,1,4.0,1266.0,100.0,0.079,10.0,2.3884,1.54,12.0,20.0,46.0,2.0,4.0,0.0,0.0,2.0,0.0,0.0,2.0,8.0,2.0,0.0,0.0,0.0,2.0,0.0,4.13
46,1,5.0,974.0,80.0,0.0821,5.0,1.5374,1.875,6.0,18.0,50.0,2.0,0.0,0.0,0.0,0.0,0.0,0.0,0.0,4.0,0.0,0.0,0.0,0.0,0.0,0.0,4.25
47,1,4.0,2324.0,150.0,0.0645,10.0,2.6114,1.7733,16.0,44.0,48.0,8.0,6.0,4.0,0.0,2.0,0.0,0.0,2.0,14.0,6.0,0.0,0.0,0.0,0.0,0.0,3.77
48,1,3.0,822.0,56.0,0.0681,6.0,2.091,1.6071,6.0,8.0,28.0,4.0,0.0,0.0,0.0,0.0,0.0,0.0,2.0,8.0,0.0,0.0,0.0,0.0,0.0,0.0,3.15
49,1,4.0,1474.0,149.0,0.1011,11.0,2.6718,2.1074,23.0,35.0,9.0,6.0,3.0,6.0,0.0,5.0,0.0,0.0,0.0,7.0,2.0,0.0,0.0,0.0,1.0,52.0,4.17
50,1,4.0,630.0,60.0,0.0952,7.0,2.3718,1.6333,4.0,4.0,22.0,2.0,0.0,8.0,0.0,0.0,0.0,0.0,0.0,4.0,0.0,0.0,0.0,0.0,0.0,16.0,3.8
51,1,4.0,14.0,2.0,0.1429,1.0,-0.0,1.0,0.0,0.0,0.0,0.0,0.0,0.0,0.0,0.0,0.0,0.0,0.0,2.0,0.0,0.0,0.0,0.0,0.0,0.0,4.57
52,1,2.0,674.0,62.0,0.092,7.0,2.1894,2.0645,8.0,14.0,28.0,2.0,0.0,2.0,0.0,0.0,0.0,0.0,0.0,6.0,2.0,0.0,0.0,0.0,0.0,0.0,2.8
53,1,5.0,716.0,44.0,0.0615,6.0,2.1147,1.9091,6.0,10.0,20.0,0.0,2.0,0.0,0.0,0.0,0.0,0.0,0.0,4.0,0.0,0.0,0.0,0.0,2.0,0.0,4.36
54,1,5.0,2174.0,122.0,0.0561,11.0,2.8113,1.6393,10.0,14.0,40.0,2.0,4.0,4.0,4.0,2.0,0.0,0.0,0.0,18.0,0.0,0.0,0.0,0.0,2.0,22.0,4.42
55,1,5.0,3373.0,328.0,0.0972,12.0,3.0393,2.1951,58.0,75.0,28.0,9.0,12.0,26.0,0.0,0.0,1.0,0.0,1.0,25.0,29.0,0.0,0.0,7.0,0.0,57.0,4.82
56,1,5.0,878.0,48.0,0.0547,6.0,2.0944,1.6667,4.0,6.0,24.0,4.0,0.0,0.0,0.0,0.0,0.0,0.0,0.0,8.0,2.0,0.0,0.0,0.0,0.0,0.0,4.21
57,1,2.0,810.0,91.0,0.1123,8.0,2.5146,1.9341,10.0,23.0,28.0,2.0,0.0,4.0,0.0,6.0,0.0,0.0,0.0,2.0,0.0,0.0,0.0,0.0,0.0,16.0,2.93
58,1,2.0,1932.0,132.0,0.0683,7.0,2.5127,1.8333,12.0,24.0,42.0,0.0,0.0,14.0,0.0,0.0,0.0,0.0,0.0,14.0,2.0,0.0,0.0,0.0,0.0,24.0,2.51
59,1,5.0,941.0,135.0,0.1435,9.0,2.6136,2.3185,16.0,17.0,8.0,0.0,0.0,3.0,1.0,2.0,0.0,0.0,0.0,18.0,25.0,0.0,0.0,0.0,0.0,45.0,4.65
60,1,4.0,773.0,82.0,0.1061,10.0,2.4684,1.9512,6.0,11.0,27.0,3.0,0.0,1.0,0.0,0.0,0.0,0.0,1.0,4.0,2.0,0.0,1.0,0.0,0.0,26.0,3.92
61,1,5.0,36.0,6.0,0.1667,3.0,1.585,2.3333,0.0,0.0,2.0,0.0,0.0,2.0,0.0,0.0,0.0,0.0,0.0,2.0,0.0,0.0,0.0,0.0,0.0,0.0,4.71
62,1,2.0,782.0,58.0,0.0742,6.0,1.9712,1.3793,2.0,2.0,26.0,0.0,0.0,0.0,0.0,0.0,0.0,0.0,0.0,16.0,2.0,0.0,0.0,0.0,0.0,10.0,2.66
63,1,5.0,4294.0,162.0,0.0377,10.0,2.881,2.5185,26.0,52.0,16.0,4.0,12.0,10.0,0.0,0.0,0.0,0.0,0.0,12.0,2.0,0.0,0.0,0.0,8.0,20.0,4.62
64,1,5.0,936.0,118.0,0.1261,10.0,2.8418,1.839,14.0,23.0,10.0,1.0,5.0,13.0,1.0,0.0,0.0,0.0,0.0,11.0,6.0,0.0,0.0,0.0,0.0,34.0,4.71
65,1,4.0,854.0,66.0,0.0773,6.0,2.2405,1.8182,8.0,16.0,24.0,0.0,0.0,4.0,0.0,0.0,0.0,0.0,0.0,2.0,0.0,0.0,0.0,0.0,0.0,12.0,3.1
66,1,4.0,872.0,62.0,0.0711,6.0,1.8359,1.871,2.0,8.0,36.0,0.0,0.0,0.0,0.0,0.0,0.0,0.0,0.0,4.0,0.0,0.0,0.0,0.0,2.0,10.0,2.73
67,1,2.0,876.0,36.0,0.0411,6.0,1.9491,1.7778,2.0,6.0,20.0,0.0,2.0,0.0,0.0,0.0,0.0,0.0,0.0,4.0,0.0,0.0,0.0,0.0,2.0,0.0,2.44
68,1,4.0,1128.0,125.0,0.1108,10.0,2.6548,1.864,12.0,18.0,46.0,0.0,3.0,5.0,4.0,0.0,0.0,0.0,2.0,0.0,13.0,0.0,0.0,0.0,1.0,21.0,4.01
69,1,5.0,828.0,77.0,0.093,11.0,2.9791,2.2468,12.0,12.0,12.0,2.0,2.0,4.0,2.0,2.0,2.0,0.0,0.0,7.0,0.0,0.0,0.0,0.0,0.0,20.0,4.6
70,1,5.0,616.0,92.0,0.1494,8.0,2.613,1.6522,0.0,8.0,16.0,8.0,0.0,6.0,0.0,0.0,0.0,0.0,2.0,4.0,18.0,0.0,0.0,0.0,0.0,30.0,4.01
71,1,3.0,1686.0,100.0,0.0593,6.0,2.4062,1.93,20.0,18.0,28.0,0.0,0.0,0.0,0.0,0.0,0.0,0.0,4.0,10.0,0.0,0.0,0.0,0.0,0.0,20.0,3.04
72,1,5.0,80.0,4.0,0.05,2.0,0.8113,1.0,0.0,0.0,3.0,0.0,0.0,0.0,0.0,0.0,0.0,0.0,0.0,1.0,0.0,0.0,0.0,0.0,0.0,0.0,4.33
73,1,4.0,1435.0,125.0,0.0871,10.0,2.9291,2.24,11.0,36.0,16.0,8.0,0.0,14.0,0.0,2.0,0.0,0.0,0.0,11.0,18.0,0.0,0.0,0.0,1.0,8.0,4.3
74,1,2.0,1195.0,93.0,0.0778,10.0,2.738,1.8387,6.0,19.0,32.0,8.0,0.0,4.0,2.0,3.0,0.0,0.0,1.0,6.0,0.0,0.0,0.0,0.0,0.0,12.0,2.8
75,1,4.0,42.0,0.0,0.0,0.0,0.0,0.0,0.0,0.0,0.0,0.0,0.0,0.0,0.0,0.0,0.0,0.0,0.0,0.0,0.0,0.0,0.0,0.0,0.0,0.0,3.58
0,2,5.0,614.0,80.0,0.1303,7.0,2.4419,1.7,6.0,10.0,20.0,0.0,0.0,0.0,0.0,0.0,0.0,0.0,0.0,12.0,4.0,0.0,0.0,2.0,0.0,26.0,4.62
1,2,4.0,1122.0,146.0,0.1301,8.0,2.5235,2.4658,26.0,50.0,10.0,4.0,0.0,2.0,0.0,0.0,0.0,0.0,0.0,18.0,0.0,0.0,0.0,8.0,0.0,28.0,4.13
2,2,4.0,2878.0,160.0,0.0556,11.0,2.994,1.9375,26.0,26.0,40.0,6.0,10.0,4.0,2.0,0.0,0.0,0.0,2.0,20.0,8.0,0.0,0.0,0.0,0.0,16.0,4.04
3,2,5.0,42.0,4.0,0.0952,2.0,1.0,1.5,0.0,2.0,0.0,0.0,0.0,0.0,0.0,2.0,0.0,0.0,0.0,0.0,0.0,0.0,0.0,0.0,0.0,0.0,4.36
4,2,5.0,950.0,80.0,0.0842,10.0,2.2118,1.45,2.0,10.0,46.0,4.0,4.0,0.0,2.0,2.0,0.0,0.0,0.0,6.0,0.0,0.0,0.0,0.0,2.0,2.0,4.51
5,2,3.0,1046.0,74.0,0.0707,7.0,2.2874,1.6216,6.0,12.0,34.0,6.0,0.0,2.0,0.0,0.0,0.0,0.0,0.0,4.0,0.0,0.0,0.0,0.0,0.0,10.0,3.17
6,2,4.0,1004.0,80.0,0.0797,8.0,2.7538,1.675,12.0,14.0,22.0,4.0,4.0,4.0,0.0,0.0,0.0,0.0,0.0,12.0,0.0,0.0,0.0,0.0,0.0,8.0,4.0
7,2,4.0,1062.0,66.0,0.0621,5.0,2.0181,1.697,0.0,18.0,22.0,2.0,0.0,0.0,0.0,0.0,0.0,0.0,0.0,6.0,0.0,0.0,0.0,0.0,0.0,18.0,3.82
8,2,1.0,890.0,66.0,0.0742,7.0,2.1386,1.8788,2.0,24.0,20.0,0.0,0.0,2.0,0.0,2.0,0.0,0.0,0.0,2.0,0.0,0.0,0.0,0.0,0.0,14.0,1.96
9,2,3.0,2086.0,147.0,0.0705,12.0,2.8934,1.9524,27.0,29.0,41.0,10.0,2.0,5.0,2.0,0.0,0.0,0.0,1.0,10.0,11.0,0.0,0.0,1.0,0.0,8.0,3.53
10,2,4.0,532.0,62.0,0.1165,6.0,2.0082,2.129,2.0,20.0,26.0,0.0,0.0,0.0,0.0,2.0,0.0,0.0,0.0,4.0,0.0,0.0,0.0,0.0,0.0,8.0,3.94
11,2,3.0,1024.0,88.0,0.0859,8.0,2.4768,1.5227,4.0,10.0,34.0,2.0,8.0,2.0,0.0,0.0,0.0,0.0,0.0,10.0,0.0,0.0,0.0,0.0,0.0,18.0,3.4
12,2,5.0,2321.0,228.0,0.0982,11.0,2.8049,1.5658,41.0,45.0,60.0,3.0,19.0,6.0,0.0,0.0,0.0,2.0,4.0,10.0,4.0,0.0,0.0,0.0,0.0,34.0,4.52
13,2,4.0,36.0,2.0,0.0556,1.0,-0.0,1.0,0.0,0.0,0.0,0.0,0.0,0.0,0.0,0.0,0.0,0.0,0.0,2.0,0.0,0.0,0.0,0.0,0.0,0.0,4.16
14,2,5.0,726.0,68.0,0.0937,8.0,2.5083,1.7353,6.0,14.0,24.0,2.0,0.0,0.0,0.0,2.0,0.0,0.0,0.0,6.0,2.0,0.0,0.0,0.0,0.0,12.0,4.39
15,2,3.0,774.0,54.0,0.0698,6.0,2.2186,1.8519,4.0,10.0,20.0,0.0,0.0,0.0,0.0,0.0,0.0,0.0,0.0,4.0,2.0,0.0,0.0,0.0,0.0,14.0,3.18
16,2,4.0,852.0,78.0,0.0915,9.0,2.6685,1.6923,16.0,8.0,28.0,4.0,2.0,4.0,0.0,0.0,0.0,0.0,0.0,8.0,2.0,0.0,0.0,0.0,0.0,6.0,3.88
17,2,4.0,528.0,44.0,0.0833,6.0,1.9585,1.6364,4.0,4.0,24.0,2.0,0.0,0.0,0.0,0.0,0.0,0.0,0.0,8.0,0.0,0.0,0.0,0.0,0.0,2.0,3.76
18,2,3.0,490.0,32.0,0.0653,5.0,1.9212,1.5625,4.0,10.0,0.0,0.0,0.0,0.0,0.0,0.0,0.0,0.0,2.0,2.0,0.0,0.0,0.0,0.0,0.0,14.0,3.29
19,2,5.0,1578.0,227.0,0.1439,13.0,3.1012,1.8811,27.0,28.0,39.0,1.0,13.0,20.0,2.0,0.0,0.0,0.0,0.0,14.0,22.0,2.0,2.0,4.0,0.0,53.0,4.72
20,2,4.0,1346.0,88.0,0.0654,10.0,2.6363,1.5909,4.0,12.0,36.0,2.0,4.0,2.0,0.0,2.0,0.0,0.0,0.0,14.0,8.0,0.0,0.0,0.0,0.0,4.0,3.95
21,2,4.0,20.0,2.0,0.1,1.0,-0.0,1.0,0.0,0.0,0.0,0.0,0.0,0.0,0.0,0.0,0.0,0.0,0.0,0.0,0.0,0.0,0.0,0.0,2.0,0.0,3.86
22,2,4.0,1072.0,102.0,0.0951,9.0,2.3627,1.902,6.0,16.0,48.0,4.0,2.0,4.0,0.0,4.0,0.0,0.0,0.0,16.0,2.0,0.0,0.0,0.0,0.0,0.0,3.62
23,2,2.0,1104.0,52.0,0.0471,6.0,1.879,1.5769,2.0,4.0,30.0,0.0,0.0,0.0,0.0,0.0,0.0,0.0,0.0,6.0,0.0,0.0,0.0,0.0,2.0,8.0,2.8
24,2,2.0,992.0,60.0,0.0605,8.0,2.3968,1.9667,4.0,4.0,28.0,4.0,0.0,8.0,0.0,0.0,0.0,0.0,2.0,8.0,0.0,0.0,0.0,0.0,2.0,0.0,2.42
25,2,3.0,64.0,4.0,0.0625,2.0,1.0,2.0,0.0,2.0,0.0,0.0,0.0,0.0,0.0,0.0,0.0,0.0,0.0,2.0,0.0,0.0,0.0,0.0,0.0,0.0,3.25
26,2,5.0,505.0,39.0,0.0772,6.0,2.3316,1.6154,6.0,10.0,13.0,0.0,2.0,0.0,0.0,0.0,0.0,0.0,0.0,3.0,0.0,0.0,0.0,0.0,0.0,5.0,3.57
27,2,2.0,668.0,58.0,0.0868,6.0,2.1409,1.6552,12.0,12.0,24.0,0.0,2.0,2.0,0.0,0.0,0.0,0.0,0.0,6.0,0.0,0.0,0.0,0.0,0.0,0.0,2.68
28,2,4.0,1503.0,165.0,0.1098,13.0,2.9854,1.9515,42.0,28.0,37.0,5.0,9.0,8.0,3.0,2.0,1.0,0.0,0.0,10.0,5.0,0.0,0.0,0.0,1.0,14.0,4.12
29,2,5.0,1070.0,94.0,0.0879,10.0,2.6224,2.2128,16.0,36.0,8.0,0.0,0.0,0.0,0.0,2.0,0.0,0.0,2.0,16.0,6.0,0.0,0.0,2.0,2.0,4.0,4.47
30,2,4.0,904.0,88.0,0.0973,11.0,3.0263,1.6364,18.0,16.0,12.0,2.0,8.0,2.0,0.0,2.0,0.0,2.0,0.0,12.0,2.0,0.0,0.0,0.0,0.0,12.0,4.08
31,2,4.0,834.0,66.0,0.0791,8.0,2.3887,2.0606,6.0,20.0,22.0,0.0,2.0,2.0,0.0,2.0,0.0,0.0,0.0,0.0,0.0,0.0,0.0,0.0,2.0,10.0,4.07
32,2,4.0,428.0,52.0,0.1215,5.0,1.6095,1.6923,6.0,10.0,32.0,0.0,2.0,0.0,0.0,0.0,0.0,0.0,0.0,2.0,0.0,0.0,0.0,0.0,0.0,0.0,3.97
33,2,5.0,2525.0,182.0,0.0721,12.0,3.0935,2.3187,22.0,35.0,36.0,13.0,0.0,4.0,2.0,0.0,0.0,0.0,0.0,15.0,18.0,6.0,2.0,2.0,0.0,27.0,4.52
34,2,4.0,832.0,58.0,0.0697,8.0,2.2886,1.5172,0.0,6.0,26.0,4.0,2.0,2.0,0.0,0.0,0.0,0.0,2.0,2.0,0.0,0.0,0.0,0.0,0.0,14.0,3.68
35,2,2.0,1006.0,48.0,0.0477,6.0,2.1865,2.2917,6.0,22.0,8.0,0.0,2.0,6.0,0.0,0.0,0.0,0.0,0.0,4.0,0.0,0.0,0.0,0.0,0.0,0.0,2.7
36,2,4.0,10.0,0.0,0.0,0.0,0.0,0.0,0.0,0.0,0.0,0.0,0.0,0.0,0.0,0.0,0.0,0.0,0.0,0.0,0.0,0.0,0.0,0.0,0.0,0.0,4.08
37,2,1.0,94.0,2.0,0.0213,1.0,-0.0,1.0,0.0,0.0,0.0,0.0,0.0,0.0,0.0,0.0,0.0,0.0,0.0,2.0,0.0,0.0,0.0,0.0,0.0,0.0,1.38
38,2,4.0,1258.0,94.0,0.0747,8.0,2.2343,1.617,6.0,14.0,48.0,4.0,2.0,0.0,0.0,0.0,0.0,0.0,0.0,8.0,2.0,0.0,0.0,0.0,0.0,10.0,3.91
39,2,3.0,1040.0,70.0,0.0673,8.0,2.4671,1.5714,6.0,8.0,28.0,2.0,2.0,0.0,0.0,0.0,0.0,0.0,2.0,12.0,0.0,0.0,0.0,0.0,0.0,10.0,3.21
40,2,2.0,1290.0,98.0,0.076,8.0,2.5107,1.4898,16.0,12.0,38.0,6.0,0.0,0.0,0.0,2.0,0.0,0.0,0.0,10.0,2.0,0.0,0.0,0.0,0.0,12.0,2.55
41,2,5.0,16.0,2.0,0.125,1.0,-0.0,1.0,0.0,0.0,0.0,0.0,0.0,0.0,0.0,0.0,0.0,0.0,0.0,2.0,0.0,0.0,0.0,0.0,0.0,0.0,3.45
42,2,4.0,1576.0,124.0,0.0787,8.0,2.2988,1.5484,12.0,14.0,60.0,0.0,6.0,2.0,0.0,0.0,0.0,0.0,0.0,16.0,0.0,0.0,0.0,0.0,2.0,12.0,4.03
43,2,5.0,14.0,2.0,0.1429,1.0,-0.0,2.0,0.0,2.0,0.0,0.0,0.0,0.0,0.0,0.0,0.0,0.0,0.0,0.0,0.0,0.0,0.0,0.0,0.0,0.0,4.54
44,2,4.0,60.0,4.0,0.0667,1.0,-0.0,4.5,0.0,4.0,0.0,0.0,0.0,0.0,0.0,0.0,0.0,0.0,0.0,0.0,0.0,0.0,0.0,0.0,0.0,0.0,3.92
45,2,4.0,1014.0,112.0,0.1105,6.0,1.9026,1.7679,16.0,28.0,56.0,0.0,0.0,4.0,0.0,0.0,0.0,0.0,2.0,6.0,0.0,0.0,0.0,0.0,0.0,0.0,3.95
46,2,5.0,1262.0,100.0,0.0792,9.0,2.7908,1.7,10.0,20.0,30.0,8.0,10.0,2.0,0.0,0.0,0.0,2.0,0.0,10.0,0.0,0.0,0.0,0.0,0.0,8.0,4.52
47,2,4.0,2044.0,166.0,0.0812,10.0,2.4357,1.7229,24.0,38.0,68.0,8.0,4.0,2.0,2.0,0.0,0.0,0.0,0.0,6.0,2.0,0.0,0.0,0.0,0.0,12.0,3.87
48,2,2.0,880.0,58.0,0.0659,6.0,2.1108,1.5862,6.0,8.0,28.0,4.0,0.0,0.0,0.0,0.0,0.0,0.0,2.0,10.0,0.0,0.0,0.0,0.0,0.0,0.0,2.81
49,2,3.0,612.0,69.0,0.1127,8.0,2.5629,1.5942,4.0,18.0,22.0,0.0,4.0,2.0,0.0,0.0,0.0,0.0,6.0,3.0,0.0,0.0,0.0,0.0,0.0,10.0,3.4
50,2,5.0,1060.0,114.0,0.1075,10.0,2.9301,2.0,12.0,22.0,26.0,4.0,14.0,18.0,0.0,2.0,0.0,0.0,2.0,10.0,4.0,0.0,0.0,0.0,0.0,0.0,4.63
51,2,4.0,14.0,0.0,0.0,0.0,0.0,0.0,0.0,0.0,0.0,0.0,0.0,0.0,0.0,0.0,0.0,0.0,0.0,0.0,0.0,0.0,0.0,0.0,0.0,0.0,3.51
52,2,1.0,968.0,80.0,0.0826,7.0,2.1691,1.775,6.0,10.0,42.0,6.0,2.0,0.0,0.0,0.0,0.0,0.0,0.0,8.0,0.0,0.0,0.0,0.0,0.0,6.0,2.2
53,2,5.0,774.0,48.0,0.062,6.0,2.1006,2.0417,6.0,14.0,20.0,0.0,2.0,0.0,0.0,0.0,0.0,0.0,0.0,4.0,0.0,0.0,0.0,0.0,2.0,0.0,4.89
54,2,4.0,2338.0,194.0,0.083,12.0,2.825,1.5876,24.0,26.0,66.0,4.0,6.0,4.0,2.0,0.0,0.0,0.0,0.0,30.0,8.0,2.0,0.0,0.0,2.0,20.0,4.07
55,2,5.0,2687.0,314.0,0.1169,12.0,2.7187,2.121,48.0,82.0,64.0,1.0,3.0,32.0,0.0,1.0,0.0,0.0,4.0,17.0,4.0,0.0,0.0,0.0,2.0,56.0,4.75
56,2,4.0,1040.0,72.0,0.0692,6.0,1.928,2.1111,8.0,16.0,38.0,0.0,0.0,0.0,0.0,0.0,0.0,0.0,2.0,4.0,0.0,0.0,0.0,0.0,0.0,4.0,3.97
57,2,4.0,882.0,60.0,0.068,9.0,2.7396,1.7333,12.0,12.0,16.0,4.0,2.0,0.0,0.0,0.0,0.0,2.0,0.0,8.0,2.0,0.0,0.0,0.0,2.0,0.0,3.97
58,2,3.0,1818.0,134.0,0.0737,7.0,2.4929,1.7761,10.0,32.0,40.0,0.0,0.0,14.0,0.0,0.0,0.0,0.0,0.0,14.0,2.0,0.0,0.0,0.0,0.0,22.0,2.61
59,2,4.0,744.0,114.0,0.1532,10.0,2.8892,1.807,28.0,26.0,14.0,2.0,2.0,10.0,0.0,0.0,0.0,0.0,2.0,8.0,12.0,0.0,0.0,0.0,0.0,10.0,4.09
60,2,2.0,1060.0,62.0,0.0585,8.0,2.6734,2.0161,6.0,6.0,20.0,0.0,2.0,6.0,0.0,0.0,0.0,0.0,0.0,10.0,2.0,0.0,0.0,0.0,0.0,10.0,2.76
61,2,5.0,1544.0,115.0,0.0745,13.0,3.064,2.3478,16.0,33.0,11.0,1.0,5.0,9.0,1.0,4.0,1.0,0.0,0.0,10.0,17.0,0.0,0.0,0.0,1.0,6.0,4.62
62,2,4.0,722.0,40.0,0.0554,5.0,1.9464,1.85,2.0,8.0,16.0,0.0,0.0,0.0,0.0,0.0,0.0,0.0,0.0,2.0,0.0,0.0,0.0,0.0,0.0,12.0,3.46
63,2,5.0,1074.0,72.0,0.067,8.0,2.69,2.0556,8.0,14.0,20.0,0.0,6.0,4.0,2.0,0.0,0.0,0.0,0.0,4.0,0.0,0.0,0.0,0.0,0.0,14.0,4.48
64,2,3.0,656.0,64.0,0.0976,8.0,2.731,2.0312,10.0,18.0,9.0,3.0,0.0,8.0,0.0,0.0,0.0,0.0,1.0,7.0,8.0,0.0,0.0,0.0,0.0,0.0,3.27
65,2,4.0,962.0,53.0,0.0551,7.0,2.0266,1.4906,2.0,11.0,28.0,2.0,2.0,0.0,0.0,0.0,0.0,0.0,0.0,6.0,0.0,0.0,0.0,0.0,2.0,0.0,4.04
66,2,4.0,836.0,45.0,0.0538,7.0,2.335,1.6889,4.0,3.0,16.0,2.0,0.0,0.0,0.0,0.0,0.0,0.0,0.0,4.0,2.0,0.0,0.0,0.0,0.0,14.0,3.98
67,2,4.0,708.0,41.0,0.0579,7.0,2.3119,1.9512,2.0,7.0,16.0,0.0,0.0,2.0,0.0,0.0,0.0,0.0,0.0,2.0,0.0,0.0,0.0,0.0,2.0,10.0,3.6
68,2,4.0,995.0,89.0,0.0894,9.0,2.6884,2.2022,8.0,28.0,10.0,1.0,4.0,7.0,0.0,0.0,0.0,0.0,0.0,1.0,17.0,0.0,0.0,0.0,0.0,13.0,4.06
69,2,4.0,660.0,63.0,0.0955,9.0,2.8354,2.0,4.0,13.0,14.0,0.0,0.0,8.0,2.0,2.0,0.0,0.0,0.0,2.0,6.0,0.0,0.0,0.0,0.0,12.0,3.94
70,2,4.0,1154.0,146.0,0.1265,8.0,2.7924,1.8767,10.0,16.0,34.0,4.0,0.0,12.0,0.0,0.0,0.0,0.0,0.0,16.0,28.0,0.0,0.0,0.0,0.0,26.0,4.09
71,2,5.0,1116.0,92.0,0.0824,11.0,3.0191,2.3804,9.0,20.0,23.0,2.0,2.0,4.0,0.0,4.0,0.0,0.0,0.0,10.0,2.0,0.0,0.0,9.0,0.0,7.0,4.66
72,2,5.0,2028.0,180.0,0.0888,11.0,2.9327,2.2667,24.0,50.0,30.0,4.0,10.0,20.0,2.0,8.0,0.0,0.0,0.0,24.0,2.0,0.0,0.0,0.0,0.0,6.0,4.78
73,2,4.0,3341.0,336.0,0.1006,14.0,3.1791,2.1845,21.0,58.0,65.0,21.0,9.0,34.0,1.0,6.0,0.0,0.0,3.0,26.0,29.0,0.0,2.0,0.0,2.0,59.0,4.21
74,2,3.0,1607.0,124.0,0.0772,11.0,2.6335,1.9839,10.0,36.0,34.0,2.0,0.0,4.0,2.0,1.0,0.0,0.0,0.0,12.0,1.0,0.0,0.0,0.0,2.0,20.0,3.37
75,2,4.0,396.0,52.0,0.1313,6.0,1.8502,2.3077,4.0,16.0,26.0,2.0,2.0,0.0,0.0,0.0,0.0,0.0,0.0,0.0,0.0,0.0,0.0,0.0,0.0,2.0,4.04
0,3,5.0,718.0,82.0,0.1142,8.0,2.6678,1.9024,10.0,16.0,14.0,0.0,4.0,2.0,0.0,0.0,0.0,0.0,0.0,8.0,0.0,0.0,0.0,4.0,0.0,24.0,4.1
1,3,4.0,1024.0,86.0,0.084,10.0,2.8715,2.0465,10.0,26.0,4.0,4.0,0.0,4.0,2.0,0.0,0.0,0.0,0.0,10.0,18.0,0.0,0.0,0.0,4.0,4.0,4.13
2,3,4.0,938.0,80.0,0.0853,9.0,2.2902,1.575,10.0,10.0,40.0,0.0,2.0,0.0,2.0,0.0,0.0,2.0,0.0,2.0,2.0,0.0,0.0,0.0,0.0,10.0,3.82
3,3,5.0,3552.0,380.0,0.107,9.0,2.1673,1.5158,32.0,60.0,208.0,20.0,4.0,0.0,0.0,0.0,0.0,0.0,0.0,16.0,16.0,0.0,0.0,0.0,4.0,20.0,4.65
4,3,5.0,742.0,64.0,0.0863,7.0,1.7278,1.625,2.0,16.0,38.0,0.0,2.0,0.0,2.0,0.0,0.0,0.0,0.0,2.0,0.0,0.0,0.0,0.0,2.0,0.0,4.57
5,3,4.0,948.0,66.0,0.0696,9.0,2.7782,1.6061,6.0,10.0,22.0,2.0,6.0,4.0,0.0,2.0,0.0,0.0,0.0,10.0,4.0,0.0,0.0,0.0,0.0,0.0,3.98
6,3,4.0,962.0,54.0,0.0561,6.0,1.9803,1.6296,4.0,10.0,28.0,0.0,0.0,0.0,0.0,0.0,0.0,2.0,0.0,8.0,2.0,0.0,0.0,0.0,0.0,0.0,3.84
7,3,4.0,1060.0,94.0,0.0887,7.0,1.895,1.2128,6.0,4.0,58.0,2.0,6.0,0.0,0.0,0.0,0.0,0.0,0.0,8.0,0.0,0.0,0.0,0.0,0.0,10.0,3.82
8,3,3.0,1167.0,108.0,0.0925,8.0,2.6055,1.3056,23.0,28.0,17.0,2.0,16.0,4.0,0.0,0.0,0.0,0.0,0.0,2.0,0.0,0.0,0.0,0.0,0.0,16.0,3.25
9,3,3.0,2077.0,200.0,0.0963,9.0,2.4783,2.185,65.0,34.0,49.0,7.0,3.0,2.0,0.0,1.0,0.0,0.0,0.0,20.0,0.0,0.0,0.0,0.0,0.0,19.0,3.3
10,3,3.0,620.0,84.0,0.1355,6.0,1.9836,1.7143,12.0,20.0,40.0,8.0,2.0,0.0,0.0,0.0,0.0,0.0,0.0,2.0,0.0,0.0,0.0,0.0,0.0,0.0,4.06
11,3,4.0,1028.0,89.0,0.0866,8.0,2.4973,1.5169,5.0,10.0,34.0,2.0,8.0,2.0,0.0,0.0,0.0,0.0,0.0,10.0,0.0,0.0,0.0,0.0,0.0,18.0,3.56
12,3,5.0,40.0,6.0,0.15,2.0,0.9183,1.6667,0.0,0.0,0.0,0.0,0.0,0.0,0.0,0.0,0.0,0.0,0.0,4.0,0.0,0.0,0.0,0.0,0.0,2.0,4.51
13,3,2.0,16.0,2.0,0.125,1.0,-0.0,1.0,0.0,0.0,0.0,0.0,0.0,0.0,0.0,0.0,0.0,0.0,0.0,2.0,0.0,0.0,0.0,0.0,0.0,0.0,3.45
14,3,5.0,1038.0,74.0,0.0713,7.0,2.1599,1.5676,6.0,12.0,36.0,4.0,0.0,2.0,0.0,0.0,0.0,0.0,0.0,12.0,0.0,0.0,0.0,0.0,2.0,0.0,4.19
15,3,4.0,766.0,56.0,0.0731,6.0,1.9192,1.75,4.0,6.0,30.0,0.0,0.0,0.0,0.0,2.0,0.0,0.0,0.0,2.0,0.0,0.0,0.0,0.0,0.0,12.0,3.78
16,3,4.0,670.0,64.0,0.0955,8.0,2.2949,1.8125,4.0,14.0,28.0,2.0,0.0,0.0,2.0,0.0,0.0,0.0,0.0,2.0,2.0,0.0,0.0,0.0,0.0,10.0,3.63
17,3,5.0,38.0,2.0,0.0526,1.0,-0.0,1.0,0.0,0.0,0.0,0.0,0.0,0.0,0.0,0.0,0.0,0.0,0.0,2.0,0.0,0.0,0.0,0.0,0.0,0.0,4.3
18,3,4.0,1324.0,123.0,0.0929,10.0,2.7368,2.1138,12.0,22.0,43.0,4.0,2.0,14.0,0.0,0.0,0.0,0.0,0.0,4.0,12.0,0.0,0.0,1.0,0.0,9.0,4.0
19,3,5.0,1701.0,208.0,0.1223,10.0,2.7969,2.0721,29.0,32.0,42.0,1.0,0.0,18.0,0.0,2.0,0.0,0.0,0.0,10.0,22.0,0.0,0.0,2.0,0.0,50.0,4.71
20,3,4.0,1145.0,100.0,0.0873,8.0,2.5127,1.69,14.0,17.0,30.0,0.0,0.0,3.0,0.0,0.0,0.0,0.0,0.0,6.0,2.0,0.0,0.0,0.0,3.0,25.0,3.73
21,3,4.0,20.0,2.0,0.1,1.0,-0.0,1.0,0.0,0.0,0.0,0.0,0.0,0.0,0.0,0.0,0.0,0.0,0.0,0.0,0.0,0.0,0.0,0.0,2.0,0.0,3.86
22,3,4.0,1070.0,104.0,0.0972,9.0,2.4132,1.9423,10.0,20.0,44.0,4.0,2.0,4.0,0.0,2.0,0.0,2.0,0.0,16.0,0.0,0.0,0.0,0.0,0.0,0.0,3.26
23,3,3.0,1104.0,52.0,0.0471,6.0,1.879,1.5769,2.0,4.0,30.0,0.0,0.0,0.0,0.0,0.0,0.0,0.0,0.0,6.0,0.0,0.0,0.0,0.0,2.0,8.0,2.8
24,3,3.0,754.0,70.0,0.0928,7.0,2.1388,1.6571,4.0,8.0,36.0,2.0,0.0,0.0,0.0,0.0,0.0,0.0,0.0,8.0,0.0,0.0,0.0,0.0,2.0,10.0,3.38
25,3,4.0,794.0,56.0,0.0705,6.0,1.9728,1.8571,10.0,14.0,26.0,0.0,2.0,2.0,0.0,0.0,0.0,0.0,0.0,0.0,0.0,0.0,0.0,0.0,2.0,0.0,3.94
26,3,4.0,383.0,24.0,0.0627,5.0,2.2773,1.3333,4.0,5.0,6.0,0.0,0.0,0.0,0.0,0.0,0.0,0.0,0.0,6.0,0.0,0.0,0.0,0.0,0.0,3.0,3.8
27,3,2.0,708.0,74.0,0.1045,9.0,2.3639,1.9459,2.0,18.0,32.0,2.0,0.0,2.0,0.0,0.0,0.0,2.0,0.0,6.0,0.0,0.0,0.0,0.0,2.0,8.0,2.92
28,3,3.0,1130.0,108.0,0.0956,12.0,2.7672,1.8519,12.0,22.0,40.0,1.0,3.0,6.0,1.0,1.0,0.0,0.0,3.0,8.0,4.0,0.0,0.0,0.0,0.0,7.0,3.46
29,3,3.0,822.0,58.0,0.0706,9.0,2.9447,2.2069,10.0,12.0,10.0,4.0,0.0,0.0,0.0,6.0,0.0,0.0,0.0,2.0,4.0,0.0,0.0,0.0,2.0,8.0,3.58
30,3,4.0,902.0,56.0,0.0621,7.0,2.2295,1.9286,6.0,14.0,24.0,2.0,0.0,2.0,2.0,0.0,0.0,0.0,0.0,6.0,0.0,0.0,0.0,0.0,0.0,0.0,3.62
31,3,5.0,1153.0,108.0,0.0937,11.0,2.693,1.7037,28.0,24.0,24.0,2.0,4.0,2.0,2.0,0.0,0.0,0.0,2.0,2.0,2.0,0.0,0.0,0.0,0.0,16.0,4.54
32,3,4.0,928.0,66.0,0.0711,6.0,2.2424,1.8485,6.0,14.0,28.0,4.0,0.0,0.0,0.0,0.0,0.0,0.0,0.0,8.0,0.0,0.0,0.0,0.0,0.0,6.0,3.45
33,3,5.0,2865.0,261.0,0.0911,12.0,3.104,2.1456,37.0,49.0,34.0,14.0,13.0,29.0,1.0,2.0,0.0,0.0,4.0,10.0,17.0,0.0,0.0,0.0,0.0,51.0,4.86
34,3,4.0,818.0,42.0,0.0513,6.0,2.3323,1.7619,4.0,10.0,4.0,0.0,0.0,2.0,0.0,0.0,0.0,0.0,0.0,8.0,0.0,0.0,0.0,0.0,0.0,14.0,3.66
35,3,1.0,908.0,60.0,0.0661,5.0,1.6573,1.8,4.0,16.0,34.0,0.0,0.0,4.0,0.0,0.0,0.0,0.0,0.0,0.0,2.0,0.0,0.0,0.0,0.0,0.0,2.33
36,3,4.0,10.0,2.0,0.2,1.0,-0.0,1.0,0.0,0.0,0.0,0.0,0.0,0.0,0.0,0.0,0.0,0.0,0.0,2.0,0.0,0.0,0.0,0.0,0.0,0.0,4.54
37,3,1.0,100.0,2.0,0.02,1.0,-0.0,1.0,0.0,0.0,0.0,0.0,0.0,0.0,0.0,0.0,0.0,0.0,0.0,2.0,0.0,0.0,0.0,0.0,0.0,0.0,1.51
38,3,4.0,640.0,64.0,0.1,6.0,1.8649,2.5938,4.0,24.0,28.0,0.0,0.0,2.0,0.0,4.0,0.0,0.0,0.0,2.0,0.0,0.0,0.0,0.0,0.0,0.0,3.87
39,3,2.0,566.0,51.0,0.0901,6.0,1.9942,1.7647,2.0,9.0,24.0,0.0,0.0,0.0,0.0,0.0,0.0,0.0,0.0,2.0,0.0,0.0,0.0,0.0,2.0,12.0,2.76
40,3,1.0,30.0,3.0,0.1,2.0,0.9183,2.0,0.0,1.0,0.0,0.0,0.0,0.0,0.0,0.0,0.0,0.0,0.0,0.0,0.0,0.0,0.0,0.0,0.0,2.0,2.43
41,3,4.0,30.0,0.0,0.0,0.0,0.0,0.0,0.0,0.0,0.0,0.0,0.0,0.0,0.0,0.0,0.0,0.0,0.0,0.0,0.0,0.0,0.0,0.0,0.0,0.0,4.2
42,3,3.0,535.0,31.0,0.0579,9.0,2.5613,2.2903,2.0,9.0,8.0,1.0,0.0,1.0,0.0,0.0,0.0,0.0,0.0,1.0,1.0,0.0,0.0,0.0,1.0,7.0,3.2
43,3,5.0,14.0,2.0,0.1429,1.0,-0.0,1.0,0.0,0.0,0.0,0.0,0.0,0.0,0.0,0.0,0.0,0.0,0.0,2.0,0.0,0.0,0.0,0.0,0.0,0.0,4.57
44,3,4.0,84.0,4.0,0.0476,1.0,-0.0,4.5,0.0,4.0,0.0,0.0,0.0,0.0,0.0,0.0,0.0,0.0,0.0,0.0,0.0,0.0,0.0,0.0,0.0,0.0,3.43
45,3,4.0,746.0,50.0,0.067,5.0,1.7922,1.68,6.0,13.0,26.0,0.0,0.0,3.0,0.0,0.0,0.0,0.0,0.0,2.0,0.0,0.0,0.0,0.0,0.0,0.0,4.0
46,3,5.0,866.0,84.0,0.097,10.0,2.805,2.119,10.0,12.0,24.0,8.0,0.0,2.0,2.0,0.0,0.0,0.0,0.0,4.0,2.0,0.0,0.0,0.0,2.0,18.0,4.56
47,3,5.0,2304.0,206.0,0.0894,11.0,2.8739,1.9223,16.0,40.0,60.0,24.0,12.0,28.0,2.0,2.0,0.0,0.0,0.0,10.0,0.0,0.0,0.0,0.0,2.0,10.0,4.65
48,3,4.0,886.0,66.0,0.0745,8.0,2.3456,1.9394,4.0,18.0,24.0,0.0,0.0,2.0,0.0,0.0,0.0,0.0,0.0,2.0,2.0,0.0,0.0,0.0,2.0,12.0,3.54
49,3,2.0,960.0,96.0,0.1,8.0,2.5267,1.9375,10.0,18.0,22.0,2.0,2.0,0.0,0.0,0.0,0.0,0.0,0.0,8.0,4.0,0.0,0.0,0.0,0.0,30.0,2.86
50,3,4.0,782.0,62.0,0.0793,10.0,3.0905,2.5484,12.0,12.0,8.0,4.0,2.0,4.0,0.0,0.0,0.0,0.0,0.0,4.0,6.0,0.0,0.0,2.0,0.0,8.0,4.1
51,3,5.0,10.0,2.0,0.2,1.0,-0.0,1.0,0.0,0.0,0.0,0.0,0.0,0.0,0.0,0.0,0.0,0.0,0.0,2.0,0.0,0.0,0.0,0.0,0.0,0.0,4.54
52,3,2.0,882.0,70.0,0.0794,6.0,2.3083,1.6,10.0,12.0,26.0,0.0,0.0,2.0,0.0,0.0,0.0,0.0,0.0,8.0,0.0,0.0,0.0,0.0,0.0,12.0,2.76
53,3,5.0,774.0,48.0,0.062,6.0,2.1006,2.0417,6.0,14.0,20.0,0.0,2.0,0.0,0.0,0.0,0.0,0.0,0.0,4.0,0.0,0.0,0.0,0.0,2.0,0.0,4.89
54,3,4.0,2182.0,210.0,0.0962,10.0,2.8569,1.7238,18.0,34.0,58.0,8.0,10.0,16.0,0.0,2.0,0.0,0.0,6.0,14.0,0.0,0.0,0.0,0.0,0.0,44.0,4.09
55,3,5.0,2982.0,270.0,0.0905,12.0,2.8298,2.2,54.0,68.0,49.0,4.0,28.0,23.0,1.0,5.0,1.0,0.0,1.0,8.0,0.0,0.0,0.0,0.0,0.0,28.0,4.86
56,3,4.0,1462.0,98.0,0.067,10.0,2.8849,1.8367,10.0,12.0,30.0,8.0,6.0,6.0,0.0,4.0,0.0,0.0,2.0,18.0,2.0,0.0,0.0,0.0,0.0,0.0,3.91
57,3,4.0,842.0,54.0,0.0641,5.0,1.8359,1.7407,4.0,8.0,28.0,2.0,0.0,0.0,0.0,0.0,0.0,0.0,0.0,12.0,0.0,0.0,0.0,0.0,0.0,0.0,3.82
58,3,2.0,1416.0,74.0,0.0523,9.0,2.3398,1.3243,4.0,10.0,36.0,0.0,0.0,2.0,0.0,0.0,0.0,0.0,2.0,2.0,4.0,0.0,0.0,0.0,2.0,12.0,2.61
59,3,3.0,616.0,40.0,0.0649,8.0,2.5464,2.25,2.0,6.0,16.0,0.0,0.0,2.0,0.0,0.0,0.0,0.0,0.0,6.0,2.0,0.0,0.0,4.0,0.0,2.0,3.18
60,3,4.0,1976.0,227.0,0.1149,15.0,2.8616,2.0617,21.0,46.0,47.0,2.0,1.0,12.0,2.0,2.0,0.0,0.0,4.0,9.0,13.0,0.0,1.0,2.0,1.0,64.0,4.3
61,3,5.0,1513.0,170.0,0.1124,12.0,3.1154,1.8882,20.0,29.0,29.0,2.0,12.0,14.0,3.0,3.0,0.0,0.0,1.0,7.0,31.0,0.0,0.0,0.0,0.0,19.0,4.2
62,3,2.0,820.0,52.0,0.0634,6.0,2.4557,1.5385,6.0,8.0,16.0,4.0,0.0,0.0,0.0,0.0,0.0,0.0,0.0,10.0,0.0,0.0,0.0,0.0,0.0,8.0,2.68
63,3,5.0,3528.0,176.0,0.0499,11.0,2.479,2.1364,24.0,46.0,20.0,2.0,0.0,2.0,0.0,2.0,0.0,2.0,0.0,8.0,0.0,2.0,0.0,0.0,4.0,64.0,4.24
64,3,5.0,1131.0,102.0,0.0902,12.0,3.0891,2.2941,14.0,20.0,20.0,0.0,4.0,18.0,0.0,4.0,2.0,0.0,0.0,6.0,8.0,0.0,2.0,0.0,1.0,3.0,4.58
65,3,4.0,1495.0,122.0,0.0816,8.0,2.5044,1.6066,18.0,23.0,46.0,6.0,4.0,0.0,0.0,2.0,0.0,0.0,0.0,13.0,0.0,0.0,0.0,0.0,0.0,10.0,3.73
66,3,4.0,66.0,3.0,0.0455,2.0,0.9183,1.0,0.0,0.0,2.0,0.0,0.0,0.0,0.0,0.0,0.0,0.0,0.0,1.0,0.0,0.0,0.0,0.0,0.0,0.0,3.82
67,3,5.0,1216.0,124.0,0.102,7.0,2.119,1.6129,6.0,14.0,54.0,0.0,0.0,2.0,0.0,0.0,0.0,0.0,0.0,12.0,0.0,0.0,0.0,0.0,2.0,34.0,4.61
68,3,2.0,832.0,13.0,0.0156,3.0,0.7732,2.6923,1.0,11.0,0.0,0.0,0.0,0.0,0.0,0.0,0.0,0.0,0.0,0.0,1.0,0.0,0.0,0.0,0.0,0.0,2.54
69,3,4.0,956.0,92.0,0.0962,13.0,3.0329,2.2391,8.0,36.0,8.0,8.0,6.0,6.0,2.0,4.0,0.0,0.0,2.0,4.0,2.0,0.0,0.0,0.0,2.0,4.0,4.19
70,3,5.0,1074.0,122.0,0.1136,7.0,2.562,1.8525,18.0,28.0,22.0,0.0,0.0,10.0,0.0,0.0,0.0,0.0,0.0,8.0,4.0,0.0,0.0,0.0,0.0,32.0,4.46
71,3,4.0,442.0,49.0,0.1109,8.0,2.3652,1.5714,4.0,8.0,22.0,1.0,1.0,0.0,0.0,2.0,0.0,0.0,0.0,5.0,0.0,0.0,0.0,0.0,0.0,6.0,3.89
72,3,4.0,240.0,24.0,0.1,7.0,2.3538,2.6667,6.0,3.0,1.0,1.0,1.0,0.0,0.0,0.0,0.0,0.0,0.0,9.0,0.0,0.0,0.0,0.0,0.0,3.0,3.66
73,3,4.0,962.0,130.0,0.1351,11.0,3.0829,2.2615,14.0,24.0,28.0,6.0,4.0,12.0,2.0,2.0,0.0,0.0,0.0,20.0,10.0,0.0,0.0,0.0,0.0,8.0,4.13
74,3,3.0,1929.0,184.0,0.0954,11.0,2.962,1.8967,13.0,24.0,52.0,7.0,5.0,15.0,4.0,0.0,0.0,0.0,1.0,19.0,34.0,0.0,0.0,0.0,0.0,10.0,3.4
75,3,4.0,768.0,76.0,0.099,5.0,1.9436,1.9474,8.0,22.0,32.0,0.0,0.0,2.0,0.0,0.0,0.0,0.0,0.0,0.0,0.0,0.0,0.0,0.0,0.0,12.0,3.6
0,4,5.0,460.0,62.0,0.1348,7.0,2.3479,1.871,4.0,12.0,12.0,0.0,0.0,2.0,0.0,0.0,0.0,0.0,2.0,6.0,0.0,0.0,0.0,0.0,0.0,24.0,4.66
1,4,4.0,666.0,58.0,0.0871,8.0,2.5633,1.7241,6.0,14.0,18.0,2.0,0.0,0.0,0.0,0.0,0.0,0.0,2.0,4.0,0.0,0.0,0.0,0.0,2.0,10.0,3.96
2,4,4.0,2752.0,190.0,0.069,12.0,3.0234,1.9053,26.0,26.0,54.0,14.0,6.0,10.0,6.0,2.0,0.0,0.0,0.0,18.0,2.0,0.0,0.0,0.0,2.0,24.0,3.91
3,4,5.0,1592.0,148.0,0.093,8.0,2.2319,1.8378,30.0,46.0,48.0,14.0,2.0,0.0,0.0,2.0,0.0,0.0,2.0,4.0,0.0,0.0,0.0,0.0,0.0,0.0,4.2
4,4,5.0,1076.0,86.0,0.0799,10.0,2.7097,1.6047,14.0,14.0,32.0,4.0,0.0,2.0,2.0,0.0,0.0,2.0,0.0,6.0,4.0,0.0,0.0,0.0,0.0,6.0,4.44
5,4,3.0,910.0,92.0,0.1011,9.0,2.4711,1.8913,10.0,16.0,40.0,6.0,0.0,4.0,0.0,2.0,0.0,2.0,0.0,2.0,0.0,0.0,0.0,0.0,0.0,10.0,3.0
6,4,4.0,770.0,50.0,0.0649,5.0,1.6457,1.24,0.0,2.0,28.0,0.0,2.0,0.0,0.0,0.0,0.0,0.0,0.0,4.0,0.0,0.0,0.0,0.0,0.0,14.0,3.7
7,4,4.0,953.0,65.0,0.0682,7.0,2.1302,1.5385,2.0,10.0,32.0,0.0,2.0,3.0,0.0,0.0,0.0,0.0,0.0,4.0,0.0,0.0,0.0,0.0,0.0,12.0,3.86
8,4,3.0,1207.0,120.0,0.0994,8.0,2.6544,1.625,21.0,19.0,41.0,6.0,8.0,7.0,0.0,0.0,0.0,0.0,0.0,6.0,0.0,0.0,0.0,0.0,0.0,12.0,3.7
9,4,3.0,1737.0,149.0,0.0858,9.0,2.5213,1.7919,14.0,30.0,63.0,2.0,7.0,6.0,0.0,0.0,0.0,0.0,0.0,10.0,9.0,0.0,0.0,0.0,0.0,8.0,3.1
10,4,3.0,394.0,32.0,0.0812,4.0,1.1863,1.5625,4.0,2.0,24.0,0.0,2.0,0.0,0.0,0.0,0.0,0.0,0.0,0.0,0.0,0.0,0.0,0.0,0.0,0.0,3.45
11,4,4.0,1266.0,100.0,0.079,11.0,2.7673,1.64,12.0,10.0,26.0,2.0,2.0,4.0,0.0,2.0,0.0,2.0,0.0,8.0,2.0,0.0,0.0,0.0,0.0,30.0,4.06
12,4,5.0,2218.0,265.0,0.1195,11.0,2.8108,1.917,52.0,74.0,53.0,8.0,18.0,12.0,0.0,5.0,0.0,0.0,2.0,22.0,0.0,0.0,0.0,0.0,1.0,18.0,4.8
13,4,4.0,148.0,4.0,0.027,1.0,-0.0,1.0,0.0,0.0,0.0,0.0,0.0,0.0,0.0,0.0,0.0,0.0,0.0,4.0,0.0,0.0,0.0,0.0,0.0,0.0,2.85
14,4,5.0,934.0,98.0,0.1049,7.0,1.9435,1.7959,8.0,18.0,56.0,2.0,4.0,0.0,0.0,0.0,0.0,0.0,0.0,4.0,0.0,0.0,0.0,0.0,0.0,6.0,3.8
15,4,1.0,1024.0,50.0,0.0488,5.0,2.0173,1.8,2.0,8.0,22.0,0.0,0.0,0.0,0.0,0.0,0.0,0.0,0.0,8.0,0.0,0.0,0.0,0.0,0.0,10.0,1.8
16,4,4.0,1292.0,88.0,0.0681,8.0,2.0949,1.5682,8.0,16.0,48.0,4.0,2.0,4.0,2.0,0.0,0.0,0.0,0.0,4.0,0.0,0.0,0.0,0.0,0.0,0.0,4.05
17,4,4.0,192.0,24.0,0.125,4.0,1.4183,2.1667,0.0,4.0,16.0,0.0,0.0,0.0,0.0,0.0,0.0,0.0,0.0,2.0,2.0,0.0,0.0,0.0,0.0,0.0,3.95
18,4,4.0,1324.0,123.0,0.0929,10.0,2.7368,2.1138,12.0,22.0,43.0,4.0,2.0,14.0,0.0,0.0,0.0,0.0,0.0,4.0,12.0,0.0,0.0,1.0,0.0,9.0,4.0
19,4,5.0,2761.0,247.0,0.0895,10.0,2.8977,2.0648,35.0,31.0,61.0,4.0,5.0,18.0,0.0,0.0,0.0,0.0,0.0,21.0,37.0,0.0,0.0,0.0,1.0,34.0,4.2
20,4,4.0,1082.0,66.0,0.061,6.0,2.1471,1.7576,10.0,8.0,32.0,0.0,0.0,4.0,0.0,0.0,0.0,0.0,0.0,8.0,4.0,0.0,0.0,0.0,0.0,0.0,3.7
21,4,4.0,20.0,2.0,0.1,1.0,-0.0,1.0,0.0,0.0,0.0,0.0,0.0,0.0,0.0,0.0,0.0,0.0,0.0,0.0,0.0,0.0,0.0,0.0,2.0,0.0,3.86
22,4,3.0,1282.0,91.0,0.071,8.0,2.248,2.0,8.0,13.0,42.0,4.0,0.0,2.0,2.0,0.0,0.0,0.0,0.0,18.0,0.0,0.0,0.0,0.0,2.0,0.0,3.19
23,4,3.0,1104.0,52.0,0.0471,6.0,1.879,1.5769,2.0,4.0,30.0,0.0,0.0,0.0,0.0,0.0,0.0,0.0,0.0,6.0,0.0,0.0,0.0,0.0,2.0,8.0,2.8
24,4,4.0,798.0,54.0,0.0677,6.0,2.1169,1.5556,4.0,6.0,26.0,0.0,0.0,0.0,0.0,0.0,0.0,0.0,0.0,6.0,0.0,0.0,0.0,0.0,2.0,10.0,3.46
25,4,4.0,2274.0,140.0,0.0616,9.0,2.12,1.7857,12.0,26.0,76.0,2.0,4.0,4.0,0.0,0.0,0.0,0.0,0.0,10.0,0.0,0.0,0.0,0.0,2.0,4.0,3.75
26,4,5.0,1864.0,175.0,0.0939,11.0,3.0863,2.1543,14.0,25.0,28.0,10.0,5.0,20.0,2.0,0.0,0.0,0.0,0.0,12.0,23.0,0.0,0.0,0.0,1.0,35.0,4.71
27,4,2.0,788.0,44.0,0.0558,6.0,2.4085,1.8636,10.0,8.0,12.0,4.0,2.0,0.0,0.0,0.0,0.0,0.0,0.0,8.0,0.0,0.0,0.0,0.0,0.0,0.0,2.65
28,4,4.0,1328.0,135.0,0.1017,10.0,2.6194,1.8667,23.0,34.0,36.0,0.0,7.0,9.0,1.0,0.0,0.0,0.0,2.0,2.0,0.0,0.0,0.0,0.0,1.0,20.0,3.88
29,4,4.0,1004.0,86.0,0.0857,8.0,2.6908,1.5116,12.0,16.0,20.0,6.0,0.0,0.0,0.0,2.0,0.0,0.0,10.0,2.0,0.0,0.0,0.0,0.0,0.0,18.0,3.56
30,4,4.0,726.0,74.0,0.1019,8.0,2.6901,2.0405,12.0,22.0,14.0,4.0,4.0,2.0,0.0,0.0,0.0,0.0,0.0,8.0,0.0,0.0,0.0,0.0,0.0,8.0,3.91
31,4,4.0,1192.0,104.0,0.0872,9.0,2.6326,1.8462,7.0,14.0,44.0,6.0,8.0,2.0,0.0,0.0,0.0,0.0,0.0,7.0,0.0,0.0,0.0,6.0,0.0,10.0,3.55
32,4,4.0,742.0,91.0,0.1226,9.0,2.7941,1.8132,20.0,18.0,22.0,4.0,4.0,6.0,0.0,2.0,0.0,0.0,0.0,5.0,0.0,0.0,0.0,0.0,0.0,10.0,3.98
33,4,5.0,2863.0,337.0,0.1177,14.0,3.0668,2.0208,52.0,84.0,42.0,9.0,14.0,26.0,6.0,2.0,1.0,0.0,3.0,22.0,13.0,0.0,2.0,0.0,0.0,61.0,4.78
34,4,4.0,636.0,60.0,0.0943,7.0,2.326,2.3,8.0,24.0,4.0,0.0,0.0,6.0,0.0,0.0,0.0,0.0,2.0,2.0,0.0,0.0,0.0,0.0,0.0,14.0,3.8
35,4,1.0,1174.0,66.0,0.0562,7.0,2.0544,1.8788,4.0,10.0,36.0,4.0,0.0,2.0,0.0,0.0,0.0,0.0,0.0,8.0,0.0,0.0,0.0,0.0,2.0,0.0,2.09
36,4,4.0,8.0,0.0,0.0,0.0,0.0,0.0,0.0,0.0,0.0,0.0,0.0,0.0,0.0,0.0,0.0,0.0,0.0,0.0,0.0,0.0,0.0,0.0,0.0,0.0,4.08
37,4,5.0,1824.0,124.0,0.068,8.0,2.3589,1.5645,6.0,10.0,58.0,8.0,2.0,10.0,0.0,0.0,0.0,0.0,0.0,22.0,0.0,0.0,0.0,0.0,0.0,8.0,3.37
38,4,4.0,18.0,2.0,0.1111,1.0,-0.0,1.0,0.0,0.0,0.0,0.0,0.0,0.0,0.0,0.0,0.0,0.0,0.0,2.0,0.0,0.0,0.0,0.0,0.0,0.0,3.55
39,4,2.0,1070.0,84.0,0.0785,8.0,2.2677,1.4048,4.0,6.0,40.0,6.0,2.0,0.0,0.0,0.0,0.0,0.0,0.0,6.0,2.0,0.0,0.0,0.0,0.0,18.0,2.7
40,4,2.0,1315.0,77.0,0.0586,9.0,2.5403,1.9351,6.0,18.0,30.0,2.0,0.0,2.0,2.0,4.0,0.0,0.0,0.0,6.0,0.0,0.0,0.0,0.0,0.0,7.0,2.51
41,4,5.0,12.0,0.0,0.0,0.0,0.0,0.0,0.0,0.0,0.0,0.0,0.0,0.0,0.0,0.0,0.0,0.0,0.0,0.0,0.0,0.0,0.0,0.0,0.0,0.0,4.12
42,4,3.0,1520.0,96.0,0.0632,8.0,2.7302,1.5625,18.0,12.0,18.0,0.0,6.0,2.0,0.0,0.0,0.0,0.0,0.0,22.0,4.0,0.0,0.0,0.0,0.0,14.0,3.39
43,4,5.0,14.0,2.0,0.1429,1.0,-0.0,1.0,0.0,0.0,0.0,0.0,0.0,0.0,0.0,0.0,0.0,0.0,0.0,2.0,0.0,0.0,0.0,0.0,0.0,0.0,4.57
44,4,3.0,98.0,4.0,0.0408,2.0,1.0,3.0,0.0,2.0,0.0,0.0,0.0,0.0,0.0,0.0,0.0,0.0,0.0,2.0,0.0,0.0,0.0,0.0,0.0,0.0,2.88
45,4,4.0,1246.0,90.0,0.0722,4.0,1.4414,2.2,6.0,28.0,52.0,0.0,4.0,0.0,0.0,0.0,0.0,0.0,0.0,0.0,0.0,0.0,0.0,0.0,0.0,0.0,4.09
46,4,5.0,726.0,58.0,0.0799,6.0,2.403,1.7241,8.0,10.0,20.0,0.0,0.0,0.0,0.0,0.0,0.0,0.0,0.0,6.0,4.0,0.0,0.0,0.0,0.0,10.0,3.64
47,4,5.0,1820.0,138.0,0.0758,11.0,2.6707,1.9275,12.0,28.0,54.0,4.0,2.0,6.0,2.0,4.0,0.0,0.0,0.0,10.0,2.0,0.0,0.0,0.0,0.0,14.0,4.22
48,4,5.0,802.0,66.0,0.0823,7.0,2.1305,2.1212,8.0,22.0,26.0,0.0,0.0,4.0,0.0,2.0,0.0,0.0,2.0,0.0,0.0,0.0,0.0,0.0,2.0,0.0,4.39
49,4,4.0,692.0,92.0,0.1329,9.0,2.6747,2.0435,12.0,18.0,14.0,2.0,0.0,4.0,0.0,2.0,0.0,0.0,4.0,6.0,0.0,0.0,0.0,0.0,0.0,30.0,4.04
50,4,4.0,1034.0,100.0,0.0967,9.0,2.6549,2.4,6.0,18.0,26.0,2.0,4.0,28.0,0.0,0.0,0.0,0.0,2.0,8.0,0.0,0.0,0.0,0.0,0.0,6.0,4.04
51,4,4.0,20.0,0.0,0.0,0.0,0.0,0.0,0.0,0.0,0.0,0.0,0.0,0.0,0.0,0.0,0.0,0.0,0.0,0.0,0.0,0.0,0.0,0.0,0.0,0.0,3.97
52,4,2.0,872.0,84.0,0.0963,8.0,2.4856,1.8333,20.0,22.0,22.0,0.0,0.0,2.0,0.0,2.0,0.0,0.0,0.0,6.0,2.0,0.0,0.0,0.0,0.0,8.0,2.54
53,4,5.0,774.0,48.0,0.062,6.0,2.1006,2.0417,6.0,14.0,20.0,0.0,2.0,0.0,0.0,0.0,0.0,0.0,0.0,4.0,0.0,0.0,0.0,0.0,2.0,0.0,4.89
54,4,4.0,2352.0,193.0,0.0821,11.0,2.7401,1.8653,18.0,29.0,74.0,16.0,2.0,24.0,4.0,4.0,0.0,0.0,0.0,8.0,2.0,0.0,0.0,0.0,0.0,12.0,3.81
55,4,5.0,2953.0,281.0,0.0952,12.0,2.6382,2.4235,29.0,116.0,40.0,25.0,23.0,11.0,0.0,4.0,0.0,0.0,3.0,2.0,1.0,0.0,0.0,0.0,1.0,26.0,4.37
56,4,2.0,1036.0,94.0,0.0907,8.0,2.2719,1.8511,14.0,18.0,44.0,4.0,0.0,4.0,0.0,0.0,0.0,2.0,0.0,4.0,0.0,0.0,0.0,0.0,0.0,4.0,2.67
57,4,5.0,2329.0,161.0,0.0691,10.0,2.6943,1.7826,23.0,28.0,57.0,7.0,6.0,4.0,0.0,0.0,0.0,0.0,3.0,10.0,0.0,0.0,0.0,0.0,2.0,21.0,3.84
58,4,3.0,1416.0,74.0,0.0523,9.0,2.3398,1.3243,4.0,10.0,36.0,0.0,0.0,2.0,0.0,0.0,0.0,0.0,2.0,2.0,4.0,0.0,0.0,0.0,2.0,12.0,2.61
59,4,4.0,2341.0,211.0,0.0901,12.0,2.5855,2.0095,42.0,54.0,65.0,2.0,7.0,6.0,1.0,1.0,0.0,4.0,0.0,6.0,2.0,0.0,0.0,0.0,0.0,21.0,3.67
60,4,4.0,1443.0,171.0,0.1185,12.0,2.639,1.8129,8.0,40.0,67.0,1.0,0.0,5.0,1.0,3.0,0.0,0.0,0.0,11.0,13.0,0.0,4.0,3.0,0.0,15.0,4.08
61,4,5.0,2765.0,301.0,0.1089,12.0,3.0063,2.0233,17.0,66.0,33.0,6.0,2.0,29.0,6.0,0.0,0.0,1.0,0.0,21.0,37.0,0.0,0.0,12.0,0.0,71.0,4.57
62,4,4.0,1034.0,84.0,0.0812,7.0,2.3982,1.7143,6.0,8.0,34.0,4.0,0.0,4.0,0.0,0.0,0.0,0.0,0.0,16.0,0.0,0.0,0.0,0.0,0.0,12.0,3.72
63,4,5.0,1224.0,88.0,0.0719,8.0,2.7597,1.7727,14.0,12.0,4.0,0.0,14.0,2.0,0.0,0.0,0.0,0.0,0.0,20.0,6.0,0.0,0.0,0.0,0.0,16.0,3.62
64,4,4.0,1328.0,70.0,0.0527,7.0,2.4128,1.8,2.0,14.0,2.0,6.0,0.0,0.0,0.0,0.0,0.0,0.0,0.0,14.0,8.0,0.0,0.0,0.0,0.0,24.0,2.81
65,4,4.0,586.0,40.0,0.0683,6.0,2.1087,1.55,0.0,6.0,16.0,0.0,0.0,2.0,0.0,0.0,0.0,0.0,0.0,2.0,2.0,0.0,0.0,0.0,0.0,12.0,3.78
66,4,4.0,80.0,4.0,0.05,2.0,1.0,3.0,0.0,2.0,2.0,0.0,0.0,0.0,0.0,0.0,0.0,0.0,0.0,0.0,0.0,0.0,0.0,0.0,0.0,0.0,3.64
67,4,3.0,718.0,27.0,0.0376,3.0,1.5305,2.2963,0.0,9.0,0.0,0.0,0.0,0.0,0.0,0.0,0.0,0.0,0.0,6.0,0.0,0.0,0.0,0.0,0.0,12.0,2.93
68,4,3.0,354.0,6.0,0.0169,2.0,1.0,4.0,0.0,3.0,0.0,0.0,0.0,0.0,0.0,0.0,0.0,0.0,0.0,3.0,0.0,0.0,0.0,0.0,0.0,0.0,2.93
69,4,4.0,844.0,91.0,0.1078,7.0,2.3914,2.3407,23.0,28.0,20.0,0.0,0.0,6.0,2.0,0.0,0.0,0.0,0.0,4.0,0.0,0.0,0.0,0.0,0.0,8.0,3.89
70,4,4.0,1090.0,114.0,0.1046,9.0,2.6935,1.8421,4.0,20.0,8.0,2.0,2.0,10.0,0.0,0.0,0.0,0.0,0.0,10.0,24.0,0.0,0.0,0.0,0.0,34.0,4.09
71,4,5.0,1971.0,220.0,0.1116,12.0,3.0214,2.0182,29.0,41.0,52.0,14.0,0.0,19.0,1.0,3.0,0.0,0.0,1.0,13.0,16.0,0.0,0.0,0.0,3.0,28.0,4.71
72,4,5.0,1124.0,168.0,0.1495,11.0,3.1124,1.7262,24.0,22.0,32.0,4.0,12.0,6.0,4.0,0.0,0.0,0.0,2.0,14.0,28.0,0.0,0.0,0.0,0.0,20.0,4.17
73,4,4.0,1576.0,204.0,0.1294,10.0,2.9687,1.8824,21.0,38.0,54.0,7.0,8.0,11.0,0.0,4.0,0.0,0.0,0.0,16.0,27.0,0.0,0.0,0.0,0.0,18.0,4.05
74,4,1.0,2594.0,155.0,0.0598,11.0,2.7773,1.7871,11.0,31.0,35.0,11.0,0.0,7.0,3.0,2.0,0.0,0.0,0.0,10.0,0.0,0.0,0.0,2.0,1.0,42.0,2.43
75,4,4.0,916.0,68.0,0.0742,8.0,2.1873,1.5,4.0,10.0,34.0,0.0,2.0,2.0,0.0,0.0,0.0,0.0,0.0,12.0,2.0,0.0,0.0,0.0,0.0,2.0,3.81
