user_id,file_id,rating,proportion_top10,proportion_top100,proportion_top1000,proportion_over1000,mean_rank,median_rank,rank_entropy,n_pred_tokens,pred_rating
0,0,4,0.8524,0.0883,0.0502,0.0091,48.66,1.0,0.7842,657,3.63
1,0,1,0.7816,0.1379,0.0575,0.023,109.15,1.0,1.034,87,1.05
2,0,1,0.8084,0.1078,0.0719,0.012,52.08,1.0,0.9439,167,1.54
3,0,5,0.8028,0.1282,0.0568,0.0122,61.06,1.0,0.9469,1724,4.65
4,0,1,0.8132,0.1099,0.0769,0.0,23.98,1.0,0.8774,91,1.07
5,0,3,0.8289,0.0749,0.0802,0.016,94.44,1.0,0.892,187,2.11
6,0,4,0.8498,0.0939,0.0516,0.0047,30.95,1.0,0.7771,213,3.39
7,0,4,0.8761,0.0899,0.0265,0.0076,24.52,1.0,0.6717,1057,3.94
8,0,2,0.6807,0.1989,0.0924,0.028,163.89,2.0,1.3032,357,2.31
9,0,5,0.8498,0.0863,0.0479,0.016,77.24,1.0,0.8098,313,2.17
10,0,2,0.8358,0.1194,0.0448,0.0,23.48,1.0,0.783,67,1.58
11,0,4,0.8707,0.0951,0.0266,0.0076,25.59,1.0,0.6894,263,3.68
12,0,1,0.7782,0.1355,0.0698,0.0164,76.8,1.0,1.0378,487,2.29
13,0,2,0.7954,0.1419,0.0495,0.0132,55.28,2.0,0.9595,303,2.52
14,0,4,0.8503,0.068,0.0748,0.0068,39.14,1.0,0.7915,147,3.0
15,0,1,0.8571,0.0971,0.0457,0.0,24.58,1.0,0.7209,175,1.78
16,0,1,0.867,0.0987,0.0343,0.0,17.3,1.0,0.6753,233,1.98
17,0,1,0.8608,0.038,0.1013,0.0,35.43,1.0,0.7,79,1.32
18,0,4,0.7895,0.1496,0.0499,0.0111,61.17,2.0,0.9669,361,2.68
19,0,5,0.7939,0.1163,0.0735,0.0163,97.89,1.0,0.9991,490,4.19
20,0,1,0.7692,0.0989,0.1099,0.022,86.69,1.0,1.0924,91,1.19
21,0,1,0.8116,0.1449,0.0435,0.0,26.75,1.0,0.845,69,1.04
22,0,4,0.8414,0.0759,0.0759,0.0069,40.14,1.0,0.8237,145,2.45
23,0,4,0.8151,0.1132,0.0566,0.0151,76.28,1.0,0.9221,265,4.0
24,0,1,0.8403,0.1176,0.0336,0.0084,33.71,1.0,0.7966,119,1.38
25,0,5,0.7599,0.1201,0.0714,0.0486,200.07,1.0,1.1523,658,2.92
26,0,4,0.8065,0.1106,0.0507,0.0323,229.79,1.0,0.9795,217,3.78
27,0,1,0.8757,0.0757,0.0432,0.0054,22.84,1.0,0.6862,185,1.03
28,0,4,0.8221,0.0982,0.0736,0.0061,30.2,1.0,0.8832,163,3.09
29,0,1,0.7765,0.1176,0.0941,0.0118,113.24,1.0,1.0429,85,1.07
30,0,1,0.7874,0.0945,0.0551,0.063,469.85,1.0,1.0749,127,2.78
31,0,3,0.7556,0.0889,0.1333,0.0222,83.38,1.0,1.1256,45,1.42
32,0,1,0.8387,0.1398,0.0215,0.0,13.17,1.0,0.7288,93,1.21
33,0,4,0.8198,0.107,0.0535,0.0196,92.37,1.0,0.9172,766,3.68
34,0,4,0.844,0.0993,0.0496,0.0071,42.67,1.0,0.8031,423,3.85
35,0,1,0.8041,0.134,0.0515,0.0103,28.52,1.0,0.93,97,1.08
36,0,2,0.781,0.1143,0.0762,0.0286,399.16,1.0,1.0657,105,1.96
37,0,1,0.7966,0.1525,0.0508,0.0,32.14,1.0,0.8937,59,1.03
38,0,1,0.7586,0.1724,0.0345,0.0345,88.72,1.0,1.0746,29,1.17
39,0,2,0.7835,0.1645,0.039,0.013,192.27,1.0,0.9679,231,2.19
40,0,3,0.8933,0.0622,0.0444,0.0,15.39,1.0,0.5943,225,2.62
41,0,2,0.7647,0.098,0.0784,0.0588,318.55,1.0,1.1529,51,1.99
42,0,1,0.8249,0.0922,0.0507,0.0323,159.79,1.0,0.924,217,2.99
43,0,2,0.8476,0.0943,0.0459,0.0121,53.36,1.0,0.8046,827,2.64
44,0,5,0.7944,0.1028,0.0717,0.0312,294.57,1.0,1.0296,321,4.3
45,0,3,0.872,0.09,0.0311,0.0069,26.87,1.0,0.6904,289,3.44
46,0,2,0.8207,0.0621,0.0897,0.0276,107.08,1.0,0.9377,145,1.81
47,0,1,0.8133,0.1325,0.0422,0.012,68.23,1.0,0.8984,166,1.18
48,0,1,0.8444,0.0963,0.0444,0.0148,40.87,1.0,0.8208,135,1.37
49,0,1,0.878,0.0647,0.0388,0.0185,71.76,1.0,0.7087,541,1.58
50,0,1,0.8182,0.1299,0.039,0.013,31.75,1.0,0.8831,77,1.03
51,0,1,0.4,0.0,0.4,0.2,1023.0,141.0,1.5219,5,2.69
52,0,3,0.8538,0.0994,0.0234,0.0234,115.9,1.0,0.7792,171,3.09
53,0,1,0.8025,0.1481,0.0494,0.0,19.36,1.0,0.8772,81,1.88
54,0,1,0.789,0.156,0.055,0.0,31.08,1.0,0.9181,109,1.41
55,0,5,0.8447,0.082,0.054,0.0193,105.57,1.0,0.8387,1037,3.59
56,0,1,0.7931,0.1379,0.0345,0.0345,54.86,1.0,0.9945,29,1.27
57,0,1,0.8664,0.096,0.0324,0.0052,28.06,1.0,0.7035,771,3.83
58,0,1,0.8182,0.0866,0.0693,0.026,110.56,1.0,0.9461,231,1.12
59,0,5,0.7953,0.115,0.0698,0.0198,105.5,1.0,1.0019,1461,4.64
60,0,4,0.8609,0.0914,0.0436,0.0042,28.3,1.0,0.7315,963,3.86
61,0,5,0.6471,0.1176,0.1176,0.1176,1050.71,1.0,1.4961,17,4.54
62,0,1,0.7771,0.1338,0.0446,0.0446,347.34,1.0,1.0711,157,1.63
63,0,5,0.6409,0.1988,0.1186,0.0417,235.02,3.0,1.4307,2445,3.7
64,0,4,0.8727,0.0899,0.0262,0.0112,117.67,1.0,0.6944,267,3.69
65,0,1,0.6087,0.087,0.2174,0.087,173.52,1.0,1.5274,23,2.21
66,0,4,0.8119,0.115,0.0575,0.0156,103.02,1.0,0.9335,1026,3.95
67,0,4,0.8167,0.1235,0.0398,0.0199,88.93,1.0,0.909,251,3.46
68,0,3,0.8487,0.1,0.0385,0.0128,38.09,1.0,0.7944,390,2.75
69,0,5,0.8229,0.1086,0.0582,0.0103,48.06,1.0,0.8858,1169,4.58
70,0,1,0.8605,0.0853,0.0543,0.0,21.65,1.0,0.7175,129,1.45
71,0,1,0.7234,0.1489,0.0851,0.0426,370.49,1.0,1.2434,47,1.78
72,0,4,0.836,0.0952,0.0582,0.0106,40.07,1.0,0.8474,189,3.43
73,0,2,0.8257,0.1158,0.0573,0.0013,27.53,1.0,0.8368,786,3.47
74,0,2,0.8117,0.1209,0.057,0.0104,58.37,1.0,0.9166,579,2.92
75,0,4,0.6957,0.0435,0.1739,0.087,355.48,1.0,1.3062,23,3.29
0,1,1,0.8189,0.1024,0.063,0.0157,91.7,1.0,0.9182,127,1.69
1,1,4,0.8191,0.1081,0.0499,0.0229,94.66,1.0,0.9232,481,3.82
2,1,1,0.8238,0.0828,0.0722,0.0212,108.76,1.0,0.9197,471,2.84
3,1,5,0.8044,0.1257,0.0569,0.013,53.15,1.0,0.9456,1687,4.72
4,1,1,0.8095,0.1333,0.0571,0.0,19.9,1.0,0.8703,105,1.32
5,1,3,0.766,0.1206,0.0922,0.0213,185.79,1.0,1.0979,141,2.36
6,1,1,0.8436,0.067,0.0615,0.0279,137.18,1.0,0.8599,179,2.1
7,1,2,0.8728,0.0769,0.0414,0.0089,29.61,1.0,0.7067,338,2.49
8,1,1,0.8137,0.1015,0.0664,0.0185,86.34,1.0,0.9432,542,3.05
9,1,1,0.7971,0.1159,0.087,0.0,42.83,1.0,0.9276,69,1.04
10,1,1,0.8194,0.1322,0.0352,0.0132,63.3,1.0,0.8739,227,2.06
11,1,3,0.8641,0.0801,0.0501,0.0057,28.41,1.0,0.7328,699,3.45
12,1,2,0.8216,0.112,0.0493,0.0171,98.61,1.0,0.901,527,2.64
13,1,1,0.7027,0.0811,0.1351,0.0811,215.16,1.0,1.3356,37,1.88
14,1,4,0.8571,0.0829,0.0553,0.0046,43.4,1.0,0.7553,217,2.46
15,1,4,0.7942,0.0903,0.0758,0.0397,267.19,1.0,1.0441,277,3.78
16,1,1,0.8189,0.1102,0.0394,0.0315,125.2,1.0,0.9276,127,1.46
17,1,4,0.7899,0.1261,0.0672,0.0168,70.05,1.0,1.0063,119,2.46
18,1,4,0.814,0.1256,0.0512,0.0093,56.76,1.0,0.8998,215,3.12
19,1,1,0.7398,0.1789,0.0732,0.0081,59.04,1.0,1.0982,123,1.78
20,1,1,0.8155,0.0971,0.0874,0.0,37.96,1.0,0.8738,103,1.11
21,1,4,0.6957,0.1304,0.087,0.087,173.65,2.0,1.3603,23,3.61
22,1,4,0.8658,0.0835,0.0311,0.0196,84.82,1.0,0.7461,611,3.52
23,1,4,0.8151,0.1132,0.0566,0.0151,76.28,1.0,0.9221,265,4.0
24,1,4,0.7754,0.1337,0.0642,0.0267,112.55,1.0,1.0666,187,3.25
25,1,4,0.7485,0.1405,0.0845,0.0265,150.51,1.0,1.1506,1018,3.29
26,1,5,0.8528,0.0957,0.0408,0.0106,48.92,1.0,0.7779,564,4.08
27,1,1,0.8757,0.0757,0.0432,0.0054,22.84,1.0,0.6862,185,1.03
28,1,1,0.8387,0.0839,0.0581,0.0194,61.5,1.0,0.8613,155,1.96
29,1,1,0.8249,0.0734,0.0678,0.0339,259.86,1.0,0.9346,177,1.67
30,1,1,0.8202,0.1236,0.0562,0.0,33.81,1.0,0.8407,89,1.04
31,1,4,0.89,0.0753,0.0289,0.0058,28.62,1.0,0.6214,691,3.44
32,1,4,0.8348,0.1032,0.0531,0.0088,83.47,1.0,0.8409,339,3.15
33,1,4,0.8414,0.0994,0.037,0.0222,92.28,1.0,0.8385,1217,4.19
34,1,2,0.8368,0.0861,0.0534,0.0237,81.5,1.0,0.8735,337,2.79
35,1,5,0.8026,0.0943,0.0636,0.0395,245.59,1.0,1.0127,456,4.26
36,1,1,0.8266,0.0809,0.0636,0.0289,217.5,1.0,0.9212,173,1.46
37,1,4,0.8268,0.0894,0.0615,0.0223,80.69,1.0,0.9081,179,2.98
38,1,3,0.8145,0.1131,0.0452,0.0271,116.9,1.0,0.9401,221,3.06
39,1,3,0.8136,0.1288,0.0407,0.0169,99.67,1.0,0.9107,295,2.71
40,1,4,0.7868,0.1168,0.0558,0.0406,120.53,1.0,1.0541,197,3.24
41,1,1,0.8423,0.0958,0.0451,0.0169,73.12,1.0,0.8338,355,1.89
42,1,1,0.7687,0.1429,0.0408,0.0476,191.12,1.0,1.0903,147,1.76
43,1,4,0.7914,0.107,0.0695,0.0321,269.37,1.0,1.0386,187,3.71
44,1,4,0.8314,0.0928,0.053,0.0227,108.31,1.0,0.8885,528,3.74
45,1,1,0.8255,0.1007,0.0537,0.0201,57.4,1.0,0.9018,149,1.48
46,1,3,0.8361,0.082,0.0437,0.0383,117.01,1.0,0.8893,183,2.57
47,1,1,0.8471,0.1059,0.0353,0.0118,31.05,1.0,0.7915,85,1.17
48,1,1,0.8561,0.0719,0.0432,0.0288,100.12,1.0,0.8081,139,1.42
49,1,1,0.8547,0.0782,0.0447,0.0223,84.69,1.0,0.804,179,1.54
50,1,3,0.8869,0.0721,0.0312,0.0097,46.66,1.0,0.6483,513,2.85
51,1,5,0.6,0.0667,0.2,0.1333,417.47,1.0,1.5546,15,3.82
52,1,2,0.8345,0.0828,0.0621,0.0207,64.51,1.0,0.88,145,2.06
53,1,1,0.8025,0.1481,0.0494,0.0,19.36,1.0,0.8772,81,1.88
54,1,3,0.8378,0.1081,0.045,0.009,102.23,1.0,0.8235,111,2.15
55,1,5,0.7996,0.1162,0.0661,0.018,84.78,1.0,0.9825,998,4.54
56,1,5,0.8519,0.0889,0.0296,0.0296,87.21,1.0,0.8083,135,3.17
57,1,1,0.8598,0.1028,0.0374,0.0,15.69,1.0,0.702,107,1.16
58,1,1,0.8155,0.0858,0.073,0.0258,109.53,1.0,0.9556,233,1.32
59,1,5,0.8109,0.1121,0.0595,0.0175,203.11,1.0,0.9437,571,4.23
60,1,1,0.7935,0.1548,0.0452,0.0065,37.83,1.0,0.9302,155,1.22
61,1,4,0.8767,0.0616,0.0431,0.0185,177.76,1.0,0.7163,649,2.94
62,1,1,0.7785,0.1275,0.0604,0.0336,360.38,1.0,1.069,149,1.5
63,1,4,0.8467,0.0845,0.0553,0.0136,58.6,1.0,0.8194,959,3.98
64,1,4,0.8727,0.0899,0.0262,0.0112,117.67,1.0,0.6944,267,3.69
65,1,4,0.8085,0.1021,0.0638,0.0255,147.14,1.0,0.9726,235,3.38
66,1,4,0.8192,0.1017,0.0678,0.0113,258.06,1.0,0.9074,177,3.09
67,1,4,0.7698,0.1079,0.0863,0.036,385.95,1.0,1.1148,139,3.43
68,1,1,0.7403,0.1558,0.0909,0.013,81.08,1.0,1.135,77,1.04
69,1,2,0.8194,0.1097,0.0581,0.0129,66.45,1.0,0.9046,155,1.82
70,1,3,0.8565,0.0843,0.0524,0.0068,47.42,1.0,0.7642,878,3.1
71,1,5,0.8688,0.0892,0.0331,0.0089,48.83,1.0,0.7108,785,4.36
72,1,1,0.8154,0.1385,0.0308,0.0154,40.02,1.0,0.8822,65,1.11
73,1,2,0.8184,0.1076,0.05,0.024,131.59,1.0,0.9278,1041,2.94
74,1,3,0.8268,0.1126,0.0541,0.0065,41.47,1.0,0.8564,462,3.49
75,1,1,0.7551,0.102,0.0816,0.0612,271.12,1.0,1.1838,49,1.68
0,2,4,0.8327,0.1206,0.0311,0.0156,68.35,1.0,0.8373,257,3.61
1,2,5,0.8082,0.1136,0.0577,0.0205,83.47,1.0,0.9572,537,4.51
2,2,1,0.8627,0.0924,0.0336,0.0112,179.64,1.0,0.7385,357,2.21
3,2,5,0.8042,0.1264,0.0564,0.0131,51.64,1.0,0.9457,1685,4.75
4,2,1,0.7727,0.1364,0.0722,0.0187,95.64,1.0,1.0606,374,1.93
5,2,1,0.7532,0.1818,0.0519,0.013,37.48,1.0,1.0581,77,1.26
6,2,2,0.8543,0.0729,0.0567,0.0162,139.68,1.0,0.8005,247,2.05
7,2,1,0.7826,0.1565,0.0522,0.0087,130.48,1.0,0.9774,115,1.24
8,2,2,0.8137,0.1015,0.0664,0.0185,86.34,1.0,0.9432,542,3.05
9,2,1,0.806,0.1194,0.0597,0.0149,37.64,1.0,0.9502,67,1.05
10,2,3,0.801,0.0995,0.0733,0.0262,111.76,1.0,1.0015,191,3.19
11,2,3,0.8528,0.0964,0.0355,0.0152,51.49,1.0,0.7844,197,3.07
12,2,4,0.8,0.1289,0.0489,0.0222,94.53,1.0,0.9734,225,3.32
13,2,1,0.6774,0.1613,0.129,0.0323,113.16,1.0,1.3462,31,1.41
14,2,2,0.8309,0.0918,0.0676,0.0097,46.44,1.0,0.8658,207,2.7
15,2,5,0.8387,0.0896,0.0466,0.0251,333.9,1.0,0.8642,279,4.25
16,2,1,0.8522,0.0985,0.0394,0.0099,58.4,1.0,0.7755,203,3.03
17,2,1,0.7419,0.1613,0.0,0.0968,205.68,1.0,1.0701,31,1.37
18,2,3,0.8062,0.1219,0.0562,0.0156,47.82,1.0,0.9479,320,3.19
19,2,1,0.8172,0.0968,0.0753,0.0108,107.27,1.0,0.9153,93,1.03
20,2,1,0.7485,0.1595,0.0613,0.0307,219.85,1.0,1.1365,163,1.2
21,2,4,0.6957,0.1304,0.087,0.087,173.65,2.0,1.3603,23,3.61
22,2,3,0.865,0.0675,0.0613,0.0061,32.42,1.0,0.7355,163,2.67
23,2,4,0.8151,0.1132,0.0566,0.0151,76.28,1.0,0.9221,265,4.0
24,2,3,0.8295,0.0922,0.0584,0.02,100.17,1.0,0.8927,651,3.42
25,2,2,0.8304,0.114,0.0439,0.0117,46.8,1.0,0.8528,342,2.54
26,2,4,0.8256,0.1131,0.0466,0.0148,56.1,1.0,0.8798,1353,3.92
27,2,1,0.8757,0.0757,0.0432,0.0054,22.84,1.0,0.6862,185,1.03
28,2,4,0.8326,0.1088,0.046,0.0126,50.03,1.0,0.8519,239,3.4
29,2,1,0.7882,0.1412,0.0706,0.0,33.14,1.0,0.9393,85,1.01
30,2,4,0.8475,0.0792,0.0616,0.0117,61.43,1.0,0.8149,341,3.24
31,2,1,0.8916,0.0624,0.0377,0.0082,53.19,1.0,0.6327,849,1.73
32,2,1,0.8308,0.1077,0.0462,0.0154,33.17,1.0,0.8659,65,1.11
33,2,5,0.8414,0.0994,0.037,0.0222,92.28,1.0,0.8385,1217,4.19
34,2,5,0.8177,0.1079,0.0528,0.0216,73.21,1.0,0.9274,417,4.37
35,2,1,0.8105,0.0842,0.0947,0.0105,109.39,1.0,0.9375,95,1.04
36,2,1,0.8645,0.0452,0.0774,0.0129,147.14,1.0,0.7501,155,1.73
37,2,1,0.8028,0.1408,0.0423,0.0141,69.97,1.0,0.9322,71,1.02
38,2,1,0.7473,0.1978,0.0549,0.0,32.04,1.0,1.0065,91,1.32
39,2,3,0.7652,0.0957,0.1391,0.0,42.02,1.0,1.0152,115,2.54
40,2,2,0.7805,0.1138,0.0813,0.0244,356.82,1.0,1.0609,123,1.97
41,2,1,0.8474,0.0924,0.0482,0.012,105.13,1.0,0.8075,249,1.98
42,2,1,0.8195,0.122,0.0585,0.0,21.62,1.0,0.8452,205,2.9
43,2,1,0.7922,0.1429,0.0649,0.0,21.13,1.0,0.9234,77,1.07
44,2,3,0.7823,0.1136,0.0883,0.0158,214.17,1.0,1.0371,317,3.29
45,2,1,0.8344,0.1104,0.0491,0.0061,31.38,1.0,0.8275,163,1.57
46,2,1,0.8363,0.1111,0.0409,0.0117,32.56,1.0,0.8317,171,1.39
47,2,1,0.8148,0.1235,0.0494,0.0123,32.46,1.0,0.9059,81,1.03
48,2,1,0.8511,0.0638,0.0496,0.0355,107.57,1.0,0.8373,141,1.73
49,2,1,0.7922,0.1299,0.0649,0.013,106.05,1.0,0.9862,77,1.02
50,2,5,0.8797,0.0795,0.0311,0.0097,57.84,1.0,0.6736,931,3.89
51,2,5,0.68,0.08,0.16,0.08,1144.2,1.0,1.3844,25,4.34
52,2,1,0.8705,0.0777,0.0466,0.0052,48.65,1.0,0.7062,193,1.8
53,2,5,0.8025,0.1481,0.0494,0.0,19.36,1.0,0.8772,81,1.88
54,2,1,0.8065,0.1505,0.043,0.0,25.16,1.0,0.8567,93,1.02
55,2,5,0.84,0.0875,0.0507,0.0219,93.96,1.0,0.8575,1006,4.29
56,2,2,0.8337,0.1129,0.0472,0.0062,37.76,1.0,0.8274,487,3.49
57,2,1,0.7945,0.1781,0.0274,0.0,11.23,1.0,0.8492,73,1.45
58,2,3,0.8182,0.0866,0.0693,0.026,110.56,1.0,0.9461,231,1.12
59,2,5,0.8149,0.1127,0.0604,0.0121,81.23,1.0,0.917,497,4.38
60,2,4,0.751,0.1651,0.0734,0.0105,52.29,2.0,1.0848,763,3.95
61,2,5,0.7879,0.138,0.0572,0.0168,66.05,2.0,1.0008,594,4.26
62,2,1,0.779,0.1215,0.0497,0.0497,558.81,1.0,1.0808,181,2.03
63,2,5,0.8028,0.093,0.0789,0.0254,145.11,1.0,0.9964,355,4.08
64,2,4,0.8326,0.1163,0.0372,0.014,39.43,1.0,0.8438,215,3.42
65,2,3,0.8238,0.0958,0.0651,0.0153,56.36,1.0,0.9036,261,3.21
66,2,3,0.8854,0.0637,0.0318,0.0191,46.57,1.0,0.676,157,2.67
67,2,5,0.7739,0.1357,0.0704,0.0201,296.59,1.0,1.0599,199,3.9
68,2,4,0.7706,0.1193,0.0887,0.0214,104.53,1.0,1.0842,654,3.67
69,2,1,0.8478,0.087,0.0616,0.0036,30.55,1.0,0.7854,276,2.19
70,2,4,0.8316,0.1012,0.0544,0.0128,105.94,1.0,0.8644,1176,4.06
71,2,4,0.8207,0.1195,0.0517,0.0081,50.42,1.0,0.8774,1857,4.24
72,2,1,0.5882,0.2941,0.0,0.1176,288.88,1.0,1.3328,17,1.73
73,2,1,0.8216,0.117,0.0439,0.0175,82.65,1.0,0.8952,1026,2.34
74,2,1,0.8288,0.1081,0.0541,0.009,45.17,1.0,0.8602,111,1.35
75,2,4,0.7368,0.0526,0.1579,0.0526,662.53,1.0,1.1923,19,3.46
0,3,3,0.8329,0.1057,0.0565,0.0049,35.04,1.0,0.8342,407,3.3
1,3,4,0.8542,0.0843,0.0494,0.012,43.73,1.0,0.7862,830,3.08
2,3,1,0.7815,0.106,0.0861,0.0265,212.43,1.0,1.0645,151,1.57
3,3,5,0.8689,0.0782,0.0444,0.0085,45.89,1.0,0.7214,473,4.09
4,3,1,0.8349,0.0917,0.0734,0.0,17.08,1.0,0.8101,109,1.76
5,3,1,0.7733,0.16,0.0667,0.0,23.28,1.0,0.9703,75,1.07
6,3,2,0.8014,0.0922,0.078,0.0284,121.28,1.0,1.0059,141,2.04
7,3,2,0.8547,0.0878,0.0473,0.0101,35.43,1.0,0.7771,296,2.46
8,3,1,0.7928,0.1011,0.0685,0.0375,130.33,1.0,1.0426,613,2.35
9,3,4,0.9002,0.0726,0.02,0.0073,37.72,1.0,0.5756,551,3.25
10,3,1,0.8,0.1091,0.0909,0.0,23.35,1.0,0.9207,110,1.56
11,3,4,0.8528,0.0964,0.0355,0.0152,51.49,1.0,0.7844,197,3.07
12,3,4,0.8205,0.1011,0.0613,0.0171,93.57,1.0,0.9156,702,3.55
13,3,1,0.5385,0.3077,0.1538,0.0,102.23,3.0,1.4196,13,2.31
14,3,2,0.8145,0.1321,0.0409,0.0126,34.29,1.0,0.8948,318,2.69
15,3,5,0.8639,0.0838,0.0419,0.0105,34.91,1.0,0.7426,191,3.74
16,3,1,0.8497,0.0694,0.0636,0.0173,101.03,1.0,0.8209,173,2.15
17,3,4,0.7143,0.1429,0.0857,0.0571,1009.77,1.0,1.2875,35,3.03
18,3,4,0.7895,0.1496,0.0499,0.0111,61.17,2.0,0.9669,361,2.68
19,3,1,0.8485,0.101,0.0505,0.0,18.42,1.0,0.7528,99,1.25
20,3,2,0.7867,0.1327,0.0332,0.0474,163.86,1.0,1.0304,211,2.44
21,3,4,0.6957,0.1304,0.087,0.087,173.65,2.0,1.3603,23,3.61
22,3,3,0.8785,0.0693,0.043,0.0092,50.06,1.0,0.6885,2395,2.95
23,3,4,0.8151,0.1132,0.0566,0.0151,76.28,1.0,0.9221,265,4.0
24,3,1,0.8095,0.1333,0.0381,0.019,204.96,1.0,0.9228,105,1.15
25,3,5,0.8179,0.1187,0.0507,0.0127,52.58,1.0,0.9002,1499,4.43
26,3,4,0.7608,0.1511,0.0737,0.0144,53.5,2.0,1.0774,556,3.82
27,3,1,0.8757,0.0757,0.0432,0.0054,22.84,1.0,0.6862,185,1.03
28,3,2,0.817,0.1152,0.0545,0.0133,56.73,1.0,0.9093,825,2.92
29,3,1,0.7913,0.1565,0.0348,0.0174,56.03,1.0,0.9562,115,1.12
30,3,4,0.8515,0.0935,0.0432,0.0118,60.74,1.0,0.7883,1529,3.81
31,3,2,0.7886,0.142,0.0473,0.0221,91.09,1.0,0.9997,317,2.34
32,3,4,0.795,0.1211,0.0652,0.0186,79.14,1.0,0.9959,322,3.65
33,3,5,0.7738,0.1299,0.0806,0.0157,115.36,1.0,1.0556,1724,4.08
34,3,2,0.8194,0.1097,0.0581,0.0129,48.99,1.0,0.9046,155,1.71
35,3,1,0.7697,0.1697,0.0545,0.0061,27.04,1.0,0.9985,165,1.51
36,3,2,0.8467,0.0803,0.0511,0.0219,108.97,1.0,0.8354,137,1.8
37,3,1,0.8218,0.1287,0.0495,0.0,24.11,1.0,0.8281,101,1.2
38,3,3,0.7773,0.1179,0.0568,0.048,202.62,1.0,1.0915,229,2.93
39,3,1,0.8512,0.0956,0.0366,0.0165,92.47,1.0,0.7941,847,2.09
40,3,1,0.8753,0.0733,0.0376,0.0137,116.7,1.0,0.7075,1091,1.87
41,3,1,0.7802,0.1538,0.0549,0.011,47.08,1.0,0.9963,91,1.01
42,3,1,0.8756,0.081,0.0375,0.006,42.24,1.0,0.6833,667,2.11
43,3,2,0.8915,0.0706,0.0308,0.007,52.18,1.0,0.6225,1005,2.62
44,3,2,0.6911,0.1707,0.0894,0.0488,217.23,1.0,1.3279,123,2.28
45,3,2,0.807,0.0936,0.0819,0.0175,57.65,1.0,0.9674,171,2.03
46,3,5,0.8413,0.0998,0.0544,0.0045,25.08,1.0,0.8054,441,4.23
47,3,1,0.7901,0.1605,0.0494,0.0,24.83,1.0,0.9064,81,1.09
48,3,2,0.8042,0.1189,0.0699,0.007,71.8,1.0,0.9365,143,2.1
49,3,1,0.8747,0.0835,0.0344,0.0074,35.98,1.0,0.6876,407,1.98
50,3,1,0.8133,0.12,0.0667,0.0,27.19,1.0,0.87,75,1.06
51,3,4,0.6,0.28,0.12,0.0,54.2,6.0,1.3235,25,2.8
52,3,4,0.7919,0.1066,0.0812,0.0203,100.95,1.0,1.0192,197,3.37
53,3,1,0.8025,0.1481,0.0494,0.0,19.36,1.0,0.8772,81,1.88
54,3,3,0.8381,0.1143,0.0476,0.0,29.3,1.0,0.7803,105,2.19
55,3,4,0.8617,0.0903,0.0382,0.0099,43.58,1.0,0.744,1518,4.05
56,3,1,0.7633,0.1479,0.0769,0.0118,79.55,1.0,1.0657,169,1.23
57,3,1,0.7761,0.194,0.0299,0.0,12.01,1.0,0.894,67,1.53
58,3,1,0.8182,0.0866,0.0693,0.026,110.56,1.0,0.9461,231,1.12
59,3,2,0.7883,0.0945,0.0847,0.0326,145.57,1.0,1.0547,307,2.47
60,3,2,0.8558,0.0949,0.038,0.0114,35.6,1.0,0.7673,527,2.82
61,3,5,0.7091,0.1734,0.0925,0.025,158.4,2.0,1.2409,519,3.81
62,3,1,0.8031,0.1024,0.0709,0.0236,325.35,1.0,0.9889,127,1.55
63,3,5,0.7831,0.1144,0.0763,0.0262,113.22,1.0,1.0551,839,4.03
64,3,4,0.8602,0.0681,0.0609,0.0108,68.69,1.0,0.7671,279,2.39
65,3,1,0.7797,0.1525,0.0678,0.0,38.78,1.0,0.957,59,1.02
66,3,4,0.8135,0.0984,0.0777,0.0104,58.7,1.0,0.9263,193,3.5
67,3,4,0.8724,0.092,0.0356,0.0,17.53,1.0,0.6598,337,3.15
68,3,3,0.7882,0.1184,0.0717,0.0218,112.36,1.0,1.0279,321,3.15
69,3,2,0.8241,0.105,0.0446,0.0262,96.61,1.0,0.9094,381,2.39
70,3,1,0.7885,0.1667,0.0449,0.0,19.05,1.0,0.9021,156,1.4
71,3,4,0.8395,0.0774,0.0667,0.0164,72.99,1.0,0.8556,1034,3.71
72,3,4,0.7953,0.1053,0.0526,0.0468,174.89,1.0,1.0349,171,3.24
73,3,1,0.8482,0.0792,0.038,0.0347,110.34,1.0,0.8385,606,1.72
74,3,1,0.7512,0.1705,0.0599,0.0184,81.26,1.0,1.0947,217,2.02
75,3,4,0.7522,0.0973,0.1062,0.0442,155.81,1.0,1.1788,113,3.19
0,4,2,0.8301,0.098,0.0654,0.0065,112.25,1.0,0.8562,153,2.21
1,4,4,0.839,0.0969,0.045,0.0191,97.48,1.0,0.8491,733,3.56
2,4,1,0.8752,0.0746,0.038,0.0122,99.4,1.0,0.7046,737,1.47
3,4,5,0.8571,0.0832,0.0416,0.0181,61.17,1.0,0.7845,553,3.19
4,4,1,0.855,0.1145,0.0305,0.0,12.79,1.0,0.705,131,1.65
5,4,1,0.7732,0.1443,0.0825,0.0,35.78,1.0,0.9869,97,1.01
6,4,3,0.8829,0.078,0.0244,0.0146,49.42,1.0,0.6656,205,2.96
7,4,2,0.8719,0.1003,0.0251,0.0028,41.25,1.0,0.6622,359,3.08
8,4,3,0.8239,0.0982,0.0652,0.0126,55.12,1.0,0.8956,1028,4.01
9,4,4,0.8743,0.0914,0.0286,0.0057,20.53,1.0,0.6741,175,3.18
10,4,5,0.8054,0.1477,0.047,0.0,20.22,2.0,0.8662,149,2.92
11,4,1,0.8534,0.0995,0.0471,0.0,14.23,1.0,0.7341,191,2.08
12,4,4,0.8084,0.12,0.0526,0.0189,75.78,1.0,0.9471,475,3.85
13,4,1,0.7931,0.1264,0.046,0.0345,207.7,1.0,1.0142,87,1.31
14,4,1,0.84,0.12,0.04,0.0,23.47,1.0,0.7641,125,1.27
15,4,5,0.7826,0.1118,0.0683,0.0373,278.09,1.0,1.0715,161,3.55
16,4,1,0.7654,0.1728,0.0494,0.0123,137.35,1.0,1.0255,81,1.08
17,4,4,0.7731,0.1008,0.084,0.042,155.52,1.0,1.1132,119,2.83
18,4,3,0.7895,0.1496,0.0499,0.0111,61.17,2.0,0.9669,361,2.68
19,4,1,0.8151,0.1261,0.0588,0.0,26.61,1.0,0.8575,119,1.4
20,4,2,0.8492,0.0854,0.0452,0.0201,119.77,1.0,0.8187,199,2.23
21,4,4,0.6957,0.1304,0.087,0.087,173.65,2.0,1.3603,23,3.61
22,4,2,0.8921,0.0705,0.0273,0.0101,49.49,1.0,0.6255,695,2.42
23,4,4,0.8151,0.1132,0.0566,0.0151,76.28,1.0,0.9221,265,4.0
24,4,4,0.8514,0.1066,0.0339,0.0081,83.07,1.0,0.7637,619,3.7
25,4,4,0.8409,0.0963,0.0428,0.0201,73.46,1.0,0.8429,748,3.79
26,4,1,0.7971,0.1667,0.0362,0.0,12.89,1.0,0.865,138,1.31
27,4,1,0.8757,0.0757,0.0432,0.0054,22.84,1.0,0.6862,185,1.03
28,4,4,0.8193,0.1266,0.0469,0.0071,28.78,1.0,0.8709,703,3.67
29,4,2,0.7648,0.1201,0.0897,0.0254,146.73,1.0,1.1097,591,2.84
30,4,4,0.8753,0.0705,0.0404,0.0138,61.07,1.0,0.7101,1163,3.3
31,4,1,0.789,0.0917,0.1101,0.0092,73.55,1.0,0.9985,109,1.45
32,4,1,0.8522,0.0783,0.0696,0.0,22.43,1.0,0.7518,115,1.46
33,4,5,0.8286,0.1041,0.0561,0.0112,57.49,1.0,0.8704,980,4.47
34,4,2,0.7829,0.1086,0.0743,0.0343,240.34,1.0,1.0697,175,2.29
35,4,1,0.7362,0.1411,0.1043,0.0184,86.85,1.0,1.1701,163,1.43
36,4,1,0.8242,0.0989,0.0659,0.011,77.98,1.0,0.8902,91,1.03
37,4,5,0.7706,0.1743,0.055,0.0,28.87,1.0,0.9592,109,2.63
38,4,5,0.8282,0.1227,0.0429,0.0061,25.69,1.0,0.8367,163,1.25
39,4,1,0.8316,0.1474,0.0211,0.0,9.4,1.0,0.7456,95,1.19
40,4,5,0.8644,0.0814,0.0488,0.0054,30.94,1.0,0.7298,553,4.07
41,4,5,0.8621,0.0943,0.0345,0.0092,53.26,1.0,0.7355,435,4.4
42,4,4,0.8314,0.0881,0.0307,0.0498,280.97,1.0,0.8999,261,3.75
43,4,2,0.7224,0.1673,0.0819,0.0285,184.72,1.0,1.2121,281,2.2
44,4,4,0.7951,0.1193,0.0612,0.0245,208.65,1.0,1.0064,327,3.95
45,4,2,0.8491,0.0943,0.044,0.0126,47.87,1.0,0.7995,159,1.77
46,4,2,0.7686,0.1405,0.0579,0.0331,108.15,1.0,1.0901,121,1.68
47,4,1,0.8182,0.1039,0.0779,0.0,36.01,1.0,0.8632,77,1.02
48,4,5,0.809,0.0955,0.0653,0.0302,122.5,1.0,0.9803,199,4.1
49,4,2,0.8559,0.083,0.0524,0.0087,39.32,1.0,0.7728,229,2.35
50,4,1,0.8257,0.0826,0.0826,0.0092,49.36,1.0,0.8845,109,1.23
51,4,4,0.6,0.1333,0.1333,0.1333,237.87,1.0,1.6049,15,3.36
52,4,1,0.836,0.0707,0.0643,0.0289,205.15,1.0,0.8888,311,1.92
53,4,1,0.7975,0.1392,0.0633,0.0,21.65,1.0,0.9084,79,1.06
54,4,3,0.7848,0.1392,0.0759,0.0,51.67,1.0,0.9528,79,1.01
55,4,5,0.8458,0.081,0.0609,0.0123,61.57,1.0,0.8222,1543,4.52
56,4,2,0.7975,0.125,0.0669,0.0106,91.43,1.0,0.9657,568,2.86
57,4,1,0.8082,0.1096,0.0822,0.0,41.95,1.0,0.8941,73,1.02
58,4,1,0.8182,0.0866,0.0693,0.026,110.56,1.0,0.9461,231,1.12
59,4,2,0.7664,0.1516,0.0492,0.0328,411.09,1.0,1.0822,244,2.97
60,4,1,0.8761,0.0671,0.043,0.0138,66.23,1.0,0.7092,581,1.78
61,4,5,0.735,0.1797,0.0672,0.0181,58.63,2.0,1.138,551,4.09
62,4,1,0.8058,0.0777,0.0971,0.0194,408.65,1.0,0.9744,103,1.49
63,4,5,0.7435,0.1657,0.077,0.0139,69.71,1.0,1.1179,1805,4.3
64,4,4,0.8244,0.0822,0.0708,0.0227,107.39,1.0,0.9202,353,2.29
65,4,3,0.845,0.093,0.0543,0.0078,27.74,1.0,0.8066,129,2.38
66,4,4,0.834,0.0988,0.0435,0.0237,47.98,1.0,0.8731,253,3.69
67,4,4,0.8482,0.0785,0.0628,0.0105,39.32,1.0,0.8095,191,3.41
68,4,1,0.8261,0.1304,0.0435,0.0,15.87,1.0,0.8077,115,1.11
69,4,4,0.8811,0.0663,0.0448,0.0078,28.46,1.0,0.6758,513,3.16
70,4,3,0.8185,0.0924,0.0828,0.0064,45.13,1.0,0.898,314,2.9
71,4,4,0.8046,0.1084,0.0687,0.0183,94.55,1.0,0.971,1310,4.27
72,4,2,0.7593,0.1481,0.0833,0.0093,67.73,2.0,1.0711,108,2.08
73,4,2,0.7072,0.1711,0.0899,0.0317,108.04,3.0,1.2598,567,2.53
74,4,1,0.822,0.1157,0.0445,0.0178,102.15,1.0,0.8959,337,1.77
75,4,4,0.8233,0.107,0.0558,0.014,51.14,1.0,0.8943,215,3.7
