user_id,file_id,rating,combo_5_C__dep_grid_ner_sent_len__pred,avg_tree_depth,max_tree_depth,std_tree_depth,avg_dep_distance,root_children_mean,unique_entities,avg_entities_per_sent,entity_continuity,entity_introductions,role_transitions,grid_density,entity_count,entity_density,unique_entity_types,entity_label_entropy,avg_entity_length_tokens,vader_compound,tb_subjectivity,sentence_length
0,0,4.0,4.31,3.9259,8.0,2.2431,2.4073,3.7778,128.0,9.1481,0.2656,0.7344,0.1681,0.0715,45.0,0.093,8.0,2.3343,1.8667,0.9939,0.4278,378.0
1,0,4.0,4.12,5.1579,9.0,2.4976,4.1759,3.8421,125.0,27.3684,0.944,0.056,0.1139,0.2189,154.0,0.1344,6.0,1.8385,1.526,0.9983,0.4471,736.0
2,0,4.0,4.03,4.1905,9.0,1.8418,3.2965,4.2857,157.0,13.381,0.3057,0.6943,0.2097,0.0852,81.0,0.1486,9.0,2.5254,2.0741,0.9589,0.4452,367.0
3,0,5.0,4.7,4.1864,8.0,2.004,2.946,4.1356,244.0,14.2542,0.5533,0.4467,0.2044,0.0584,320.0,0.189,9.0,2.1534,1.7438,0.9995,0.4344,1197.0
4,0,5.0,4.73,5.2963,9.0,1.5591,3.2256,3.4074,158.0,15.4074,0.4494,0.5506,0.2016,0.0975,137.0,0.1645,10.0,2.5962,1.8467,0.9976,0.4369,562.0
5,0,4.0,3.73,5.0,12.0,2.5298,3.1358,3.96,114.0,11.48,0.4561,0.5439,0.1676,0.1007,79.0,0.125,7.0,2.4338,1.9494,0.9934,0.3741,418.0
6,0,4.0,3.95,6.9167,17.0,3.4751,3.9025,4.8333,186.0,30.8333,0.3656,0.6344,0.2391,0.1658,61.0,0.0917,8.0,2.4445,2.4426,0.9931,0.3694,483.0
7,0,5.0,4.65,5.0192,9.0,1.8552,3.1517,4.4423,177.0,8.7692,0.4124,0.5876,0.3441,0.0495,113.0,0.0986,8.0,2.4147,2.1858,0.9987,0.4507,871.0
8,0,3.0,3.4,4.8276,10.0,1.931,2.7206,4.3103,121.0,6.0345,0.2645,0.7355,0.4444,0.0499,23.0,0.0473,6.0,2.3551,2.2609,0.9956,0.4453,396.0
9,0,4.0,4.18,6.4615,12.0,2.5605,3.4208,3.9231,117.0,22.7692,0.4615,0.5385,0.2961,0.1946,138.0,0.2015,8.0,2.0714,1.5507,0.9916,0.4808,469.0
10,0,3.0,3.59,5.25,9.0,1.7854,3.4461,4.5625,165.0,20.1875,0.3515,0.6485,0.2658,0.1223,108.0,0.1484,8.0,2.112,1.7222,0.9896,0.4168,517.0
11,0,3.0,3.31,5.3,9.0,2.2825,2.7237,2.9,75.0,11.6,0.28,0.72,0.2927,0.1547,47.0,0.1655,7.0,1.8111,1.5106,0.969,0.3407,203.0
12,0,5.0,4.38,4.6154,9.0,2.0583,2.74,4.2308,99.0,12.9231,0.2929,0.7071,0.2319,0.1305,26.0,0.076,5.0,2.1001,2.3462,0.9926,0.5075,279.0
13,0,1.0,2.58,5.2,9.0,2.6382,3.4097,5.2,90.0,43.4,0.3889,0.6111,0.0787,0.4822,99.0,0.2097,8.0,1.9916,1.5253,0.9938,0.5012,323.0
14,0,5.0,4.86,5.5,10.0,2.3629,3.5591,5.0,128.0,23.1667,0.4531,0.5469,0.2733,0.181,124.0,0.2003,9.0,2.0854,1.6613,0.9935,0.4193,460.0
15,0,5.0,4.35,5.5,11.0,3.0648,3.1898,3.5714,127.0,18.0714,0.3307,0.6693,0.373,0.1423,96.0,0.1534,6.0,2.1175,1.9792,0.9656,0.5044,357.0
16,0,4.0,4.18,5.6296,10.0,2.1628,3.8087,4.9259,166.0,15.4074,0.4759,0.5241,0.244,0.0928,109.0,0.119,9.0,2.6153,1.7431,0.9908,0.5391,676.0
17,0,4.0,4.2,4.5833,8.0,1.6562,2.9925,4.6875,140.0,8.0833,0.4571,0.5429,0.2984,0.0577,122.0,0.1256,9.0,2.358,1.7869,0.9953,0.5482,684.0
18,0,4.0,3.47,6.2917,12.0,2.5245,3.5188,4.75,114.0,14.5,0.5439,0.4561,0.2991,0.1272,113.0,0.1251,7.0,2.262,2.2478,0.997,0.5015,646.0
19,0,5.0,4.75,4.9423,14.0,2.6991,3.4308,4.6635,287.0,16.6731,0.8118,0.1882,0.2094,0.0581,455.0,0.1234,8.0,2.3551,1.6901,0.9988,0.4762,2666.0
20,0,5.0,4.84,5.4167,10.0,2.08,2.8644,4.25,136.0,13.75,0.4265,0.5735,0.3814,0.1011,144.0,0.1943,8.0,2.2119,1.4583,0.9934,0.5205,537.0
21,0,4.0,4.05,7.375,12.0,2.8257,3.5085,5.5,121.0,34.25,0.3884,0.6116,0.2418,0.2831,104.0,0.1688,7.0,2.111,1.6538,0.9909,0.5067,424.0
22,0,5.0,4.28,5.55,9.0,1.3592,3.116,4.35,128.0,13.25,0.3984,0.6016,0.2847,0.1035,134.0,0.2151,8.0,2.2317,1.4851,0.9879,0.5393,453.0
23,0,4.0,3.91,5.1,7.0,1.7578,3.2612,4.5,89.0,17.7,0.2472,0.7528,0.2955,0.1989,36.0,0.0942,5.0,1.7892,1.8056,0.9761,0.5063,258.0
24,0,4.0,3.85,5.3,9.0,2.3259,3.9777,5.0,84.0,18.6,0.4048,0.5952,0.0686,0.2214,60.0,0.1364,6.0,1.995,2.0833,0.9836,0.3815,255.0
25,0,5.0,4.17,6.0,11.0,2.5635,3.2065,4.0,152.0,26.1429,0.4276,0.5724,0.3178,0.172,175.0,0.2297,8.0,2.0694,1.5029,0.9861,0.5037,548.0
26,0,5.0,4.7,4.2609,9.0,1.916,3.765,4.3478,133.0,19.8261,0.7594,0.2406,0.1331,0.1491,136.0,0.1211,8.0,2.2211,2.1029,0.999,0.4922,697.0
27,0,3.0,3.78,4.5517,9.0,1.7633,2.848,3.7931,147.0,6.7241,0.4286,0.5714,0.2387,0.0457,103.0,0.1045,7.0,2.1603,1.7476,0.9977,0.5189,685.0
28,0,3.0,3.58,7.2308,12.0,3.117,4.1573,5.6154,123.0,42.3846,0.7398,0.2602,0.1986,0.3446,281.0,0.225,12.0,1.9355,1.3879,0.9971,0.5003,924.0
29,0,4.0,4.05,6.0,14.0,3.8079,3.3264,3.875,134.0,19.3125,0.4328,0.5672,0.1771,0.1441,147.0,0.2149,6.0,1.6801,1.2449,0.9916,0.5223,509.0
30,0,4.0,4.25,5.4615,9.0,1.9852,3.1269,4.2692,166.0,14.0385,0.4096,0.5904,0.1508,0.0846,70.0,0.0943,7.0,2.274,1.6429,0.9686,0.4407,541.0
31,0,5.0,3.91,5.1905,9.0,1.7625,4.0179,3.9048,126.0,15.5714,0.4921,0.5079,0.2289,0.1236,132.0,0.1886,8.0,1.933,1.6061,0.9661,0.5089,465.0
32,0,5.0,4.76,4.5897,14.0,2.8259,2.9533,4.5128,284.0,18.7436,0.4718,0.5282,0.2058,0.066,187.0,0.1257,8.0,2.0455,2.369,0.9992,0.4496,1038.0
33,0,4.0,4.39,4.0597,10.0,1.9074,2.5471,3.8209,230.0,7.3731,0.4,0.6,0.2765,0.0321,135.0,0.1194,9.0,2.3483,1.8444,0.9936,0.4567,828.0
34,0,5.0,4.7,7.0,12.0,2.4037,3.8396,4.4444,133.0,33.3333,0.4887,0.5113,0.1617,0.2506,85.0,0.1458,6.0,2.303,1.9647,0.9926,0.4659,397.0
35,0,4.0,3.89,5.6364,9.0,1.6664,3.6419,4.9091,104.0,20.0909,0.3654,0.6346,0.2051,0.1932,83.0,0.1832,8.0,1.9413,1.8795,0.9098,0.4928,317.0
36,0,5.0,4.64,5.8667,10.0,1.8571,3.7455,4.9333,134.0,19.4,0.3806,0.6194,0.1783,0.1448,88.0,0.1381,6.0,2.1943,1.5568,0.9941,0.2763,411.0
37,0,5.0,4.61,4.95,11.0,2.5194,3.1255,4.0,143.0,15.75,0.4336,0.5664,0.2558,0.1101,82.0,0.1192,6.0,1.8601,1.622,0.9984,0.5372,522.0
38,0,4.0,4.1,4.913,8.0,1.3804,2.9566,3.8696,141.0,11.4783,0.3404,0.6596,0.1951,0.0814,74.0,0.137,6.0,1.8666,2.0946,0.9906,0.4507,397.0
39,0,2.0,4.11,6.3636,10.0,2.2268,4.3949,6.0,163.0,32.5455,0.4294,0.5706,0.1538,0.1997,113.0,0.1423,6.0,1.9081,2.0088,0.9042,0.4685,467.0
40,0,4.0,4.05,7.6667,11.0,2.4267,4.5394,4.8333,120.0,43.1667,0.375,0.625,0.1871,0.3597,160.0,0.2822,6.0,1.8908,1.5375,0.9455,0.5361,420.0
41,0,5.0,4.6,6.1818,10.0,2.0369,4.9345,8.0,137.0,27.4545,0.438,0.562,0.1636,0.2004,76.0,0.107,8.0,2.1541,2.0921,0.9545,0.5454,413.0
42,0,5.0,4.15,4.875,10.0,2.6897,3.1418,4.75,153.0,21.0625,0.3333,0.6667,0.1848,0.1377,176.0,0.2319,8.0,2.0838,1.3636,0.9965,0.5479,573.0
43,0,5.0,4.23,6.6667,14.0,2.9059,3.3017,4.3333,102.0,27.3333,0.4608,0.5392,0.2014,0.268,90.0,0.1661,7.0,2.0074,1.7667,0.988,0.6231,375.0
44,0,2.0,2.76,4.6,10.0,2.01,2.8407,3.6,113.0,11.9,0.4159,0.5841,0.2,0.1053,84.0,0.1644,6.0,2.1544,1.6905,0.9884,0.568,361.0
45,0,2.0,3.74,6.0,13.0,3.1972,4.2996,5.6667,107.0,40.3333,0.4953,0.5047,0.1484,0.3769,169.0,0.2397,7.0,2.0522,1.4793,0.9941,0.5117,497.0
46,0,5.0,3.48,5.5714,10.0,2.6108,3.7982,5.7143,102.0,38.8571,0.451,0.549,0.0765,0.381,113.0,0.219,9.0,2.0637,1.6637,0.9896,0.489,342.0
47,0,4.0,4.15,5.4419,14.0,2.4333,3.0893,4.5814,150.0,9.7442,0.46,0.54,0.2491,0.065,110.0,0.1019,9.0,2.2556,1.9364,0.9945,0.588,757.0
48,0,4.0,3.8,4.8824,13.0,2.8051,2.7007,3.8824,123.0,10.1765,0.2033,0.7967,0.32,0.0827,22.0,0.0556,9.0,2.9363,2.5909,0.8244,0.4286,275.0
49,0,5.0,4.66,5.2308,9.0,2.3256,3.2953,5.0769,116.0,21.6923,0.4483,0.5517,0.2048,0.187,101.0,0.1689,7.0,1.9306,1.6733,0.9931,0.4892,415.0
50,0,4.0,4.03,5.5833,10.0,2.8711,4.4403,5.5,130.0,25.0833,0.3769,0.6231,0.1579,0.1929,80.0,0.1264,7.0,2.0303,2.65,0.9929,0.4531,370.0
51,0,4.0,3.91,6.625,13.0,3.0797,3.3683,4.625,93.0,17.5,0.4624,0.5376,0.1765,0.1882,120.0,0.1712,8.0,2.248,1.95,0.9942,0.5081,470.0
52,0,4.0,3.84,3.9474,11.0,1.8346,2.6953,3.4737,111.0,4.2895,0.2342,0.7658,0.4615,0.0386,24.0,0.0517,6.0,2.4176,2.375,0.9858,0.4644,317.0
53,0,5.0,4.8,6.5,10.0,2.0125,3.6271,4.9,150.0,32.6,0.3667,0.6333,0.142,0.2173,134.0,0.2151,8.0,2.1356,1.7761,0.9921,0.4053,429.0
54,0,5.0,4.78,4.8049,11.0,2.2439,2.9628,4.0244,158.0,8.7561,0.4114,0.5886,0.3532,0.0554,120.0,0.1275,9.0,2.0993,1.65,0.9991,0.4997,710.0
55,0,5.0,4.5,5.6735,18.0,3.413,3.2858,3.9796,309.0,23.3673,0.6343,0.3657,0.177,0.0756,323.0,0.147,9.0,1.9625,1.7585,0.9942,0.439,1548.0
56,0,5.0,4.44,4.0714,10.0,2.1865,2.4212,3.7857,134.0,7.4286,0.2761,0.7239,0.3378,0.0554,36.0,0.0784,8.0,2.652,2.1389,0.9723,0.4707,360.0
57,0,5.0,4.47,6.0833,20.0,4.8384,2.6166,2.9167,137.0,23.1667,0.4088,0.5912,0.2057,0.1691,107.0,0.1807,7.0,2.1566,1.8131,0.9819,0.4521,419.0
58,0,2.0,2.4,5.7143,8.0,1.906,5.1879,7.2857,98.0,38.2857,0.4184,0.5816,0.0471,0.3907,96.0,0.1444,8.0,1.6736,1.6146,0.9726,0.4522,371.0
59,0,4.0,3.8,4.6257,11.0,2.227,2.791,4.1754,451.0,7.3333,0.4435,0.5565,0.3512,0.0163,207.0,0.063,12.0,2.5347,2.0338,0.9999,0.4874,2735.0
60,0,4.0,4.12,4.2449,10.0,1.8242,2.6541,3.7347,177.0,6.9388,0.3785,0.6215,0.2454,0.0392,67.0,0.0781,9.0,2.4623,2.0,0.9927,0.3959,583.0
61,0,5.0,4.64,3.039,10.0,2.1947,2.5257,4.2987,277.0,7.6623,0.4224,0.5776,0.262,0.0277,157.0,0.1185,11.0,2.5073,2.0892,0.9958,0.4345,888.0
62,0,4.0,4.23,5.1667,9.0,1.6997,3.6995,4.9583,144.0,14.8333,0.3681,0.6319,0.1274,0.103,130.0,0.1529,9.0,2.1742,1.6538,0.992,0.433,482.0
63,0,5.0,3.93,4.3547,11.0,1.8271,2.8985,4.2302,522.0,7.1925,0.5441,0.4559,0.3078,0.0138,387.0,0.0806,11.0,2.451,1.9561,0.9999,0.4205,3609.0
64,0,5.0,4.84,5.8636,13.0,2.7846,3.3333,4.8182,155.0,18.0909,0.4774,0.5226,0.2058,0.1167,182.0,0.1949,9.0,2.3398,1.7912,0.994,0.528,632.0
65,0,4.0,3.85,6.7,13.0,2.8302,3.7147,4.6,133.0,29.0,0.3609,0.6391,0.2102,0.218,143.0,0.2134,9.0,2.0531,1.3986,0.9612,0.5502,476.0
66,0,4.0,3.68,5.0,10.0,2.4179,3.5123,4.1538,98.0,20.0769,0.398,0.602,0.2147,0.2049,86.0,0.1369,7.0,2.16,2.0,0.9968,0.5756,433.0
67,0,4.0,4.1,6.2222,9.0,1.8725,6.3305,6.6667,131.0,39.8889,0.4122,0.5878,0.1228,0.3045,121.0,0.1537,8.0,1.5221,1.3636,0.9925,0.4964,514.0
68,0,4.0,4.16,5.0833,10.0,2.9285,3.2174,4.7083,151.0,15.9583,0.5497,0.4503,0.2759,0.1057,90.0,0.0969,6.0,2.1595,1.6444,0.9928,0.5497,601.0
69,0,4.0,4.01,3.899,8.0,1.6606,2.4209,3.4242,190.0,4.6566,0.4579,0.5421,0.3026,0.0245,68.0,0.061,7.0,2.3527,1.7647,0.9963,0.5018,849.0
70,0,5.0,4.7,6.2917,11.0,2.318,3.6346,5.0,195.0,25.25,0.6615,0.3385,0.1436,0.1295,169.0,0.1381,11.0,2.5638,1.9408,0.9875,0.4754,884.0
71,0,5.0,4.82,7.0,11.0,2.4495,3.8283,5.3333,137.0,22.6667,0.4526,0.5474,0.197,0.1655,124.0,0.1676,7.0,1.8134,1.5323,0.9948,0.4101,519.0
72,0,5.0,4.23,7.25,22.0,5.5095,3.6326,4.5833,122.0,31.75,0.5082,0.4918,0.2085,0.2602,152.0,0.1638,8.0,1.7741,1.5,0.9941,0.4819,673.0
73,0,4.0,4.59,5.7368,10.0,2.0987,3.3661,4.2105,157.0,18.0,0.414,0.586,0.2216,0.1146,109.0,0.1573,7.0,2.168,1.9725,0.9943,0.5024,509.0
74,0,5.0,4.7,6.6207,13.0,2.9056,3.6834,4.6552,131.0,16.5172,0.6489,0.3511,0.3333,0.1261,150.0,0.129,6.0,2.1088,1.6733,0.9992,0.6258,955.0
75,0,4.0,3.84,7.5714,12.0,2.8714,4.0372,4.2857,127.0,38.5714,0.3937,0.6063,0.2308,0.3037,155.0,0.2414,8.0,1.9978,1.6323,0.9826,0.3911,480.0
0,1,4.0,3.64,3.9286,7.0,2.3134,2.6414,4.0,89.0,13.4286,0.4157,0.5843,0.4242,0.1509,53.0,0.1293,8.0,1.9097,1.7358,0.9939,0.4544,308.0
1,1,4.0,3.86,4.9697,10.0,2.1247,2.7668,3.6061,145.0,6.9697,0.2483,0.7517,0.4353,0.0481,17.0,0.0279,6.0,2.2989,3.0588,0.9973,0.3996,507.0
2,1,2.0,4.21,4.2209,9.0,1.9494,2.9548,4.3023,277.0,7.4535,0.426,0.574,0.2665,0.0269,116.0,0.0747,7.0,2.3989,1.7586,0.999,0.5102,1184.0
3,1,5.0,4.91,4.2623,11.0,2.2169,2.8404,4.2131,242.0,13.0656,0.5413,0.4587,0.155,0.054,238.0,0.1426,13.0,2.4,1.6807,0.9996,0.4421,1207.0
4,1,2.0,3.0,5.9091,12.0,2.9682,4.0844,5.0909,148.0,24.1818,0.3311,0.6689,0.2288,0.1634,115.0,0.1885,10.0,1.9483,1.5304,0.988,0.4911,473.0
5,1,4.0,3.77,6.9231,16.0,4.141,3.5025,4.9231,110.0,24.1538,0.4909,0.5091,0.201,0.2196,129.0,0.175,8.0,2.061,1.6279,0.9959,0.4528,512.0
6,1,4.0,4.06,5.1429,9.0,1.5822,3.2902,4.7619,137.0,13.4762,0.3942,0.6058,0.2534,0.0984,102.0,0.1509,8.0,1.81,1.2255,0.9897,0.5239,491.0
7,1,4.0,3.86,5.6667,10.0,1.9076,3.4289,4.1667,92.0,9.5833,0.4674,0.5326,0.2681,0.1042,68.0,0.1214,5.0,1.5353,1.5735,0.9948,0.5461,418.0
8,1,3.0,3.52,4.9412,12.0,2.9994,2.9791,4.1765,155.0,17.4118,0.3742,0.6258,0.2199,0.1123,90.0,0.1374,8.0,2.3025,1.8111,0.9825,0.4126,479.0
9,1,3.0,3.41,4.7347,9.0,1.5489,2.9347,4.4082,127.0,6.6735,0.4567,0.5433,0.25,0.0525,58.0,0.069,6.0,2.035,1.8966,0.9965,0.4691,589.0
10,1,4.0,3.84,5.8,9.0,2.6,3.5207,4.2,104.0,29.4,0.4135,0.5865,0.1263,0.2827,145.0,0.2252,7.0,1.6652,1.1724,0.9826,0.4866,466.0
11,1,4.0,3.97,8.6,15.0,3.7202,3.4133,4.6,109.0,43.6,0.3853,0.6147,0.1835,0.4,86.0,0.1826,8.0,1.9633,1.4651,0.9928,0.5098,338.0
12,1,5.0,4.69,6.4167,14.0,2.465,4.0902,5.4167,133.0,28.25,0.4586,0.5414,0.2087,0.2124,157.0,0.2187,9.0,1.8166,1.5032,0.9919,0.4972,554.0
13,1,5.0,4.57,4.7576,12.0,1.9596,2.6793,3.4242,226.0,5.7879,0.5,0.5,0.3141,0.0256,78.0,0.053,8.0,2.3435,1.6154,0.9985,0.4643,1126.0
14,1,5.0,4.03,5.75,8.0,1.479,3.7612,4.6667,126.0,22.3333,0.3651,0.6349,0.1972,0.1772,53.0,0.0906,8.0,2.5648,2.3585,0.9932,0.4678,385.0
15,1,4.0,4.04,4.5833,8.0,1.3819,3.0167,4.3333,144.0,11.7917,0.375,0.625,0.2302,0.0819,77.0,0.1385,5.0,1.7033,1.8831,0.9929,0.4892,405.0
16,1,4.0,4.24,5.3333,15.0,2.7051,3.2098,4.6786,278.0,11.619,0.554,0.446,0.2923,0.0418,166.0,0.0763,10.0,2.7677,2.012,0.9979,0.5427,1644.0
17,1,4.0,3.8,6.5,8.0,1.5,3.4229,6.0,45.0,27.0,0.1333,0.8667,0.1111,0.6,7.0,0.0642,4.0,1.9502,2.0,0.9393,0.6,82.0
18,1,3.0,4.11,5.5385,9.0,2.5303,3.3042,4.6154,125.0,20.8462,0.464,0.536,0.1986,0.1668,116.0,0.1862,8.0,1.5202,1.4052,0.9828,0.3458,487.0
19,1,5.0,4.79,5.325,11.0,2.5039,2.7826,3.85,130.0,8.8,0.4769,0.5231,0.2523,0.0677,123.0,0.1403,8.0,2.1439,1.5854,0.9974,0.5596,628.0
20,1,5.0,4.71,4.3902,8.0,1.651,3.2855,3.9512,136.0,10.0244,0.4853,0.5147,0.1455,0.0737,151.0,0.168,8.0,1.8178,1.4636,0.993,0.5003,587.0
21,1,4.0,3.91,3.0,3.0,0.0,2.4444,3.0,3.0,3.0,0.0,1.0,0.0,0.0,1.0,0.1,1.0,-0.0,1.0,0.0,0.2361,10.0
22,1,4.0,4.07,7.5,10.0,1.7078,4.4349,5.6667,117.0,37.3333,0.4103,0.5897,0.1963,0.3191,69.0,0.152,10.0,2.3626,1.4348,0.9578,0.4704,328.0
23,1,4.0,3.98,5.25,8.0,2.2032,2.6638,4.0833,89.0,14.8333,0.2472,0.7528,0.2584,0.1667,33.0,0.0892,5.0,1.6513,1.3333,0.9761,0.5063,258.0
24,1,4.0,4.22,5.8095,13.0,2.3221,3.541,5.1905,174.0,20.4762,0.3966,0.6034,0.2188,0.1177,98.0,0.0866,8.0,2.117,2.0102,0.9986,0.4861,836.0
25,1,3.0,3.97,6.0625,12.0,2.8607,3.2134,4.5625,136.0,18.8125,0.3603,0.6397,0.1818,0.1383,136.0,0.2009,8.0,1.7735,1.3824,0.9846,0.4781,519.0
26,1,4.0,3.83,5.4167,11.0,2.9849,3.3444,3.9167,100.0,26.1667,0.6,0.4,0.215,0.2617,107.0,0.1444,7.0,2.2946,1.9252,0.9936,0.5298,536.0
27,1,3.0,3.3,4.8085,9.0,1.6456,3.1013,4.1489,120.0,7.2553,0.45,0.55,0.2172,0.0605,88.0,0.1022,6.0,1.9442,1.4886,0.994,0.5562,589.0
28,1,3.0,4.36,6.7778,9.0,1.3966,4.4755,5.7778,126.0,32.5556,0.4048,0.5952,0.2994,0.2584,122.0,0.193,7.0,1.8054,1.4344,0.9922,0.4019,479.0
29,1,4.0,3.89,3.8333,6.0,1.0274,2.6768,3.4167,74.0,4.7083,0.2432,0.7568,0.3077,0.0636,13.0,0.0444,5.0,1.9143,2.3077,0.9674,0.4181,187.0
30,1,3.0,3.56,3.7778,10.0,2.1265,2.4639,3.6032,154.0,5.0476,0.3312,0.6688,0.378,0.0328,37.0,0.0412,9.0,2.7423,2.6486,0.9981,0.4467,717.0
31,1,4.0,4.07,4.4,8.0,2.3324,3.2923,5.2,143.0,17.6,0.2867,0.7133,0.2562,0.1231,56.0,0.1016,9.0,2.4158,1.7321,0.9838,0.4175,392.0
32,1,5.0,4.17,5.9429,13.0,2.8779,3.1583,4.6571,205.0,18.0286,0.5463,0.4537,0.2418,0.0879,211.0,0.1423,11.0,1.874,1.4882,0.9836,0.5515,1096.0
33,1,5.0,4.86,5.2364,13.0,2.5006,3.3559,4.9273,276.0,12.0545,0.4239,0.5761,0.292,0.0437,140.0,0.0956,12.0,2.6941,1.8071,0.9986,0.4897,1125.0
34,1,2.0,3.16,5.8,8.0,2.0396,3.7594,6.2,52.0,16.2,0.3077,0.6923,0.1034,0.3115,9.0,0.0526,6.0,2.4194,3.3333,0.9266,0.3575,129.0
35,1,1.0,2.12,6.1429,12.0,3.0905,3.7608,4.2857,112.0,37.1429,0.4554,0.5446,0.1486,0.3316,101.0,0.1781,8.0,1.8804,1.5149,0.9851,0.4325,427.0
36,1,4.0,3.93,6.75,11.0,2.9047,3.7736,5.125,144.0,42.625,0.375,0.625,0.2335,0.296,154.0,0.2139,8.0,1.6928,1.4481,0.9881,0.4049,539.0
37,1,5.0,4.82,5.8333,9.0,2.1148,3.6098,4.3333,140.0,17.9444,0.4357,0.5643,0.235,0.1282,107.0,0.1446,8.0,2.1416,1.5421,0.9963,0.476,545.0
38,1,5.0,4.82,5.5185,10.0,2.0615,3.296,4.963,138.0,12.037,0.442,0.558,0.2567,0.0872,83.0,0.1198,7.0,2.2446,1.5422,0.9918,0.3878,479.0
39,1,4.0,3.8,9.2857,16.0,3.2826,5.3945,6.1429,127.0,47.5714,0.4567,0.5433,0.1505,0.3746,111.0,0.1414,10.0,1.9075,1.6757,0.9851,0.3727,526.0
40,1,4.0,3.72,5.5,8.0,1.5811,3.1405,4.625,107.0,16.1875,0.4393,0.5607,0.2434,0.1513,87.0,0.1602,7.0,2.2298,1.6207,0.9872,0.462,384.0
41,1,5.0,4.8,4.7857,9.0,2.8076,2.8844,3.8571,128.0,19.0714,0.3984,0.6016,0.2158,0.149,108.0,0.1862,8.0,2.2498,1.6667,0.9887,0.5213,404.0
42,1,5.0,3.99,4.8889,10.0,2.7867,2.9511,3.7778,133.0,15.9444,0.4586,0.5414,0.2468,0.1199,92.0,0.1429,6.0,1.8749,1.2935,0.9899,0.4554,436.0
43,1,5.0,4.7,3.8387,9.0,1.9193,2.5873,3.6129,149.0,9.3548,0.3893,0.6107,0.3759,0.0628,77.0,0.1301,8.0,2.4261,1.5065,0.9919,0.5669,462.0
44,1,4.0,4.22,5.5455,10.0,2.5357,3.7579,5.2727,138.0,24.6364,0.3696,0.6304,0.1504,0.1785,97.0,0.1711,10.0,2.4853,1.7216,0.9949,0.4837,449.0
45,1,2.0,3.32,4.1389,8.0,1.7504,2.7207,4.0278,143.0,8.6389,0.3846,0.6154,0.131,0.0604,90.0,0.1372,6.0,1.6398,1.4667,0.9955,0.4038,451.0
46,1,5.0,4.69,5.5,22.0,5.2836,2.4944,4.0833,123.0,20.1667,0.4472,0.5528,0.2185,0.164,115.0,0.2126,10.0,2.1457,1.5739,0.9581,0.4296,414.0
47,1,5.0,4.74,4.5192,10.0,1.9364,2.8918,3.6923,155.0,7.7115,0.4581,0.5419,0.4065,0.0498,91.0,0.0892,9.0,2.3653,1.7912,0.9978,0.544,776.0
48,1,4.0,4.01,4.6897,8.0,1.7539,2.6431,3.8103,159.0,6.0345,0.4151,0.5849,0.2513,0.038,42.0,0.0496,8.0,2.7237,2.1905,0.9798,0.5223,624.0
49,1,4.0,3.96,8.8,18.0,4.6648,3.4557,4.2,118.0,51.8,0.4237,0.5763,0.2057,0.439,104.0,0.1847,8.0,1.9288,1.4231,0.872,0.5282,433.0
50,1,5.0,3.43,5.6,10.0,2.245,5.8985,4.6,82.0,40.0,0.3293,0.6707,0.0847,0.4878,66.0,0.1425,3.0,0.9998,1.4697,0.9874,0.6745,360.0
51,1,4.0,3.89,6.8571,16.0,4.0507,3.2069,3.5714,100.0,34.1429,0.41,0.59,0.1942,0.3414,105.0,0.2156,8.0,1.9124,1.6762,0.9881,0.4829,423.0
52,1,4.0,4.0,6.5714,11.0,2.4411,4.0579,5.2857,124.0,36.0,0.4032,0.5968,0.0547,0.2903,79.0,0.1646,8.0,2.2094,1.7722,0.9403,0.4253,330.0
53,1,5.0,4.81,7.0,11.0,2.6077,3.71,5.5,146.0,31.1,0.3836,0.6164,0.1333,0.213,117.0,0.1912,8.0,2.1964,1.6923,0.9921,0.4053,430.0
54,1,5.0,4.62,4.6935,10.0,2.1671,2.8444,3.7742,160.0,6.8226,0.4625,0.5375,0.2091,0.0426,101.0,0.0935,10.0,2.1611,1.8911,0.9974,0.5069,728.0
55,1,4.0,4.21,5.5641,14.0,2.5298,2.8703,3.7179,250.0,18.5385,0.508,0.492,0.1987,0.0742,229.0,0.1465,8.0,2.0032,1.559,0.9862,0.3306,1084.0
56,1,4.0,3.88,7.2,15.0,3.9192,3.6763,3.6,123.0,56.0,0.3659,0.6341,0.0764,0.4553,73.0,0.1199,9.0,1.8984,1.7534,0.9493,0.4697,378.0
57,1,4.0,4.02,4.2468,11.0,1.7295,2.6195,3.5325,154.0,4.7662,0.4221,0.5779,0.2347,0.0309,37.0,0.0401,7.0,2.5601,1.5676,0.9888,0.4681,687.0
58,1,2.0,2.1,9.3333,11.0,1.2472,10.5983,4.6667,99.0,82.3333,0.3939,0.6061,0.027,0.8316,84.0,0.1308,7.0,1.5176,1.2619,0.9726,0.4522,371.0
59,1,3.0,3.54,6.6111,14.0,2.8507,3.813,4.8333,141.0,27.4444,0.5603,0.4397,0.0283,0.1946,235.0,0.2308,12.0,2.151,1.5319,0.8268,0.3703,739.0
60,1,4.0,4.36,5.2188,14.0,2.5585,3.4715,4.5312,201.0,14.4062,0.7512,0.2488,0.1789,0.0717,272.0,0.1299,10.0,2.3262,1.7316,0.9984,0.4851,1524.0
61,1,5.0,4.68,5.3913,10.0,2.515,3.4735,4.1739,128.0,10.8261,0.3125,0.6875,0.2727,0.0846,67.0,0.1028,8.0,2.4039,2.0149,0.9964,0.539,495.0
62,1,4.0,4.01,6.0,12.0,2.4495,3.5853,4.8182,120.0,21.5455,0.4167,0.5833,0.1795,0.1795,52.0,0.0924,5.0,1.6255,1.5769,0.9709,0.5333,362.0
63,1,5.0,4.6,6.1071,13.0,3.1092,3.4586,5.0714,339.0,18.1964,0.5015,0.4985,0.325,0.0537,121.0,0.0472,13.0,2.8501,2.0496,0.9991,0.4428,1849.0
64,1,5.0,4.87,6.1,11.0,2.6058,3.6033,4.2,154.0,19.7,0.4675,0.5325,0.1542,0.1279,152.0,0.1652,10.0,2.4033,1.7697,0.994,0.528,634.0
65,1,4.0,3.71,6.5,9.0,1.8028,5.069,5.0,144.0,73.75,0.4097,0.5903,0.2384,0.5122,78.0,0.1368,9.0,2.1442,1.7692,0.9892,0.4263,405.0
66,1,4.0,3.73,4.8,12.0,3.7094,3.5535,4.4,111.0,51.8,0.4595,0.5405,0.1216,0.4667,76.0,0.1275,7.0,1.9485,1.4868,0.9674,0.5272,369.0
67,1,4.0,4.1,5.8,10.0,1.9732,3.4492,4.7333,124.0,18.6,0.4274,0.5726,0.1419,0.15,75.0,0.1113,8.0,1.7916,1.64,0.9792,0.4843,427.0
68,1,4.0,4.32,5.1935,9.0,2.1163,3.0218,4.2581,158.0,13.2258,0.4494,0.5506,0.2778,0.0837,116.0,0.1257,8.0,2.1493,1.6121,0.998,0.4805,679.0
69,1,4.0,3.81,6.3333,12.0,2.8868,3.4027,4.5556,105.0,20.1111,0.6762,0.3238,0.1206,0.1915,136.0,0.1533,6.0,2.077,1.9632,0.9936,0.4915,570.0
70,1,5.0,4.84,6.0667,12.0,2.665,3.372,4.5467,247.0,16.3867,0.6721,0.3279,0.2943,0.0663,325.0,0.1098,11.0,2.4519,1.8462,0.9991,0.5185,2235.0
71,1,5.0,4.6,6.8571,13.0,4.3236,3.0508,5.0,128.0,33.4286,0.3281,0.6719,0.1226,0.2612,89.0,0.1828,8.0,2.1953,1.5393,0.9726,0.5236,329.0
72,1,5.0,3.71,7.5625,13.0,2.9362,3.3562,4.1875,98.0,19.375,0.5612,0.4388,0.2311,0.1977,100.0,0.1362,7.0,1.9763,1.84,0.9816,0.4567,492.0
73,1,4.0,3.89,7.0,10.0,1.8516,4.6364,5.0,132.0,30.0,0.2955,0.7045,0.1667,0.2273,62.0,0.1498,8.0,2.1937,1.5806,0.9783,0.5088,288.0
74,1,3.0,3.24,6.5714,10.0,2.3517,3.5177,4.3571,98.0,19.0,0.4286,0.5714,0.2917,0.1939,110.0,0.1705,9.0,2.4817,2.0,0.996,0.5673,491.0
75,1,5.0,4.61,5.6,10.0,1.9596,3.9904,5.2667,142.0,20.5333,0.3521,0.6479,0.2771,0.1446,117.0,0.1751,10.0,2.0076,1.4274,0.9949,0.4839,531.0
0,2,5.0,4.63,5.5,10.0,3.6125,2.4671,3.4,131.0,22.7,0.3588,0.6412,0.25,0.1733,56.0,0.1349,9.0,2.5868,1.3929,0.8957,0.4653,345.0
1,2,5.0,4.69,5.2727,10.0,2.339,3.4271,5.1818,119.0,23.3636,0.4202,0.5798,0.1087,0.1963,87.0,0.1548,7.0,2.0644,1.5402,0.9923,0.5362,387.0
2,2,4.0,4.27,4.6757,12.0,2.1567,3.0289,4.3514,253.0,8.2703,0.4466,0.5534,0.2646,0.0327,128.0,0.0846,8.0,2.4374,2.0391,0.9988,0.4683,1160.0
3,2,5.0,4.89,4.2623,12.0,2.239,2.8192,4.2131,243.0,13.0492,0.535,0.465,0.1501,0.0537,238.0,0.1426,13.0,2.3535,1.6807,0.9996,0.4562,1207.0
4,2,5.0,4.72,5.3571,13.0,3.3082,3.4215,3.8571,128.0,17.0714,0.3047,0.6953,0.2072,0.1334,116.0,0.214,7.0,2.3252,1.7759,0.9899,0.5358,381.0
5,2,4.0,3.72,5.3182,9.0,1.8436,3.2,4.1364,108.0,12.0,0.4352,0.5648,0.2436,0.1111,82.0,0.1387,7.0,1.9372,1.4146,0.9919,0.5349,414.0
6,2,4.0,4.1,6.0,15.0,3.6148,3.2685,4.0667,142.0,19.3333,0.3451,0.6549,0.2297,0.1362,83.0,0.1239,8.0,1.9333,1.4458,0.9945,0.5272,457.0
7,2,4.0,3.92,5.5806,10.0,2.1964,2.8913,4.2581,119.0,7.4194,0.2773,0.7227,0.3333,0.0623,28.0,0.0475,5.0,1.8175,2.0357,0.996,0.5049,461.0
8,2,3.0,3.52,4.9412,12.0,2.9994,2.9791,4.1765,155.0,17.4118,0.3742,0.6258,0.2199,0.1123,90.0,0.1374,8.0,2.3025,1.8111,0.9825,0.4126,479.0
9,2,4.0,4.13,5.4839,11.0,2.5128,3.0642,4.129,126.0,10.8065,0.5079,0.4921,0.3254,0.0858,84.0,0.1014,6.0,1.9069,1.6548,0.9968,0.5291,596.0
10,2,3.0,3.42,5.9,11.0,2.8089,3.5477,4.9,142.0,31.9,0.4085,0.5915,0.209,0.2246,104.0,0.1578,8.0,2.1353,1.3558,0.986,0.5526,460.0
11,2,4.0,4.02,6.7778,12.0,2.8197,3.9975,4.5556,146.0,34.5556,0.411,0.589,0.2242,0.2367,129.0,0.188,6.0,1.7339,1.5039,0.991,0.4373,482.0
12,2,5.0,4.48,8.0,12.0,2.4495,3.8636,5.8,108.0,45.4,0.4074,0.5926,0.1261,0.4204,77.0,0.1762,7.0,1.9813,1.3766,0.9688,0.4706,325.0
13,2,2.0,3.31,4.2743,8.0,1.5699,2.8859,4.5752,324.0,7.1062,0.4877,0.5123,0.2735,0.0219,135.0,0.07,11.0,2.6308,1.9407,0.9982,0.5045,1412.0
14,2,5.0,4.46,7.0,15.0,3.7796,3.3996,3.2857,117.0,42.1429,0.4274,0.5726,0.2022,0.3602,125.0,0.183,8.0,1.5953,1.288,0.9938,0.5301,513.0
15,2,4.0,3.82,6.0,12.0,3.5777,3.7901,4.0,81.0,32.6,0.358,0.642,0.1951,0.4025,76.0,0.1919,7.0,1.847,1.5132,0.9041,0.5079,279.0
16,2,2.0,4.41,5.6944,11.0,1.8977,3.4655,3.9722,150.0,12.4722,0.5267,0.4733,0.2776,0.0831,108.0,0.0974,9.0,2.0444,1.963,0.9983,0.5263,794.0
17,2,2.0,2.58,6.5,11.0,3.2016,3.0818,3.75,44.0,19.75,0.3636,0.6364,0.1714,0.4489,20.0,0.1099,5.0,2.1211,2.05,0.9712,0.4,127.0
18,2,4.0,4.17,5.5143,10.0,2.1827,3.038,4.3714,138.0,14.4857,0.6449,0.3551,0.2005,0.105,282.0,0.2258,8.0,1.6154,1.4291,0.9949,0.4342,984.0
19,2,5.0,4.78,6.6957,20.0,3.4945,3.5596,4.4348,205.0,29.3913,0.5561,0.4439,0.1741,0.1434,226.0,0.1607,11.0,2.0144,1.4336,0.9986,0.4479,987.0
20,2,5.0,4.54,4.4884,7.0,1.2827,2.9242,4.8837,153.0,8.1628,0.3922,0.6078,0.202,0.0534,79.0,0.0995,7.0,2.2065,1.7848,0.9761,0.4264,527.0
21,2,4.0,3.91,3.0,3.0,0.0,2.4444,3.0,3.0,3.0,0.0,1.0,0.0,0.0,1.0,0.1,1.0,-0.0,1.0,0.0,0.2361,10.0
22,2,4.0,4.11,5.6875,9.0,1.57,3.4424,5.4375,138.0,17.75,0.4203,0.5797,0.1781,0.1286,74.0,0.1265,10.0,2.2797,1.5,0.8519,0.4589,399.0
23,2,4.0,3.98,5.25,8.0,2.2032,2.6638,4.0833,89.0,14.8333,0.2472,0.7528,0.2584,0.1667,33.0,0.0892,5.0,1.6513,1.3333,0.9761,0.5063,258.0
24,2,4.0,3.94,6.375,12.0,2.3419,3.6353,4.125,108.0,25.375,0.3704,0.6296,0.1474,0.235,54.0,0.1197,7.0,2.2423,2.0,0.9792,0.5355,298.0
25,2,4.0,3.85,9.1667,12.0,2.1148,5.0778,5.1667,149.0,59.1667,0.4295,0.5705,0.2087,0.3971,145.0,0.1768,8.0,1.6658,1.4828,0.9774,0.4193,602.0
26,2,4.0,3.97,5.4444,13.0,3.3203,2.8693,4.1111,116.0,12.3333,0.2672,0.7328,0.2547,0.1063,83.0,0.1581,8.0,2.0574,1.8193,0.9312,0.3782,380.0
27,2,4.0,3.99,6.0,12.0,2.5495,3.1993,3.875,136.0,17.9375,0.3309,0.6691,0.1921,0.1319,138.0,0.1917,9.0,1.8956,1.4855,0.9776,0.4967,505.0
28,2,3.0,3.45,8.2222,18.0,4.1036,3.8504,4.5556,145.0,34.2222,0.4,0.6,0.1963,0.236,124.0,0.187,8.0,1.9483,1.4597,0.9914,0.5495,483.0
29,2,4.0,3.99,4.8824,7.0,1.2311,3.1627,5.0,90.0,6.9412,0.1778,0.8222,0.3214,0.0771,15.0,0.0478,6.0,2.4402,2.4,0.2023,0.4821,212.0
30,2,4.0,3.49,6.0,11.0,2.8284,3.7546,5.5,97.0,20.8333,0.1753,0.8247,0.4286,0.2148,21.0,0.0693,8.0,2.7386,2.0,0.9633,0.3723,224.0
31,2,4.0,4.15,6.3,10.0,2.6096,3.712,5.0,155.0,32.4,0.3613,0.6387,0.2012,0.209,74.0,0.1111,8.0,2.2022,1.7162,0.993,0.5051,482.0
32,2,4.0,3.67,5.2432,10.0,2.3063,3.3312,4.4595,93.0,8.8919,0.5376,0.4624,0.2119,0.0956,102.0,0.1179,6.0,1.8005,1.902,0.9975,0.4386,579.0
33,2,5.0,4.86,5.3585,13.0,2.356,3.436,5.4717,277.0,12.4717,0.426,0.574,0.3203,0.045,142.0,0.0969,12.0,2.7198,1.7606,0.9986,0.4897,1125.0
34,2,5.0,4.68,4.1875,8.0,1.8103,3.2637,3.625,125.0,8.8438,0.376,0.624,0.2848,0.0707,50.0,0.0733,7.0,2.3342,2.26,0.9914,0.474,475.0
35,2,2.0,2.48,4.4091,8.0,1.8005,2.9233,3.8636,110.0,12.3182,0.5455,0.4545,0.1429,0.112,95.0,0.1763,6.0,1.9087,1.4316,0.9823,0.5614,386.0
36,2,4.0,4.21,5.1429,11.0,2.7994,3.3915,4.1429,222.0,30.7143,0.3649,0.6351,0.0962,0.1384,115.0,0.1531,9.0,2.4108,1.7652,0.9921,0.4226,560.0
37,2,5.0,4.77,5.3448,9.0,2.3382,2.9221,3.7931,138.0,10.5172,0.442,0.558,0.2874,0.0762,91.0,0.1311,7.0,2.1187,1.978,0.9979,0.5523,506.0
38,2,4.0,3.93,5.1538,9.0,1.5777,3.216,4.5128,120.0,8.1282,0.5,0.5,0.203,0.0677,69.0,0.087,6.0,2.024,2.0435,0.9956,0.5405,540.0
39,2,2.0,2.66,3.6034,8.0,1.3764,2.8373,4.5172,114.0,5.6034,0.5526,0.4474,0.1991,0.0492,197.0,0.2249,7.0,1.143,1.1675,0.9776,0.4814,659.0
40,2,2.0,3.09,4.9412,8.0,1.9545,3.2175,4.7647,130.0,14.0,0.3385,0.6615,0.0741,0.1077,48.0,0.1081,8.0,2.4505,2.0208,0.9921,0.3244,307.0
41,2,5.0,4.32,7.6,12.0,2.4166,3.9909,5.0,79.0,35.2,0.4304,0.5696,0.1546,0.4456,92.0,0.2244,5.0,1.7849,1.5,0.9851,0.5346,313.0
42,2,4.0,4.33,5.2941,8.0,1.741,3.0462,3.8824,122.0,16.0,0.4672,0.5328,0.2,0.1311,89.0,0.1551,7.0,2.2558,1.6404,0.9917,0.4213,392.0
43,2,5.0,4.51,7.8,16.0,4.49,3.5243,4.4,108.0,41.0,0.3611,0.6389,0.1237,0.3796,64.0,0.1637,7.0,2.0226,1.625,0.9674,0.4933,289.0
44,2,4.0,3.89,4.9474,11.0,2.5644,2.869,3.0526,115.0,13.3684,0.4609,0.5391,0.2518,0.1162,74.0,0.137,6.0,1.9873,1.5405,0.9647,0.496,377.0
45,2,2.0,3.07,6.0,11.0,2.5937,3.6409,4.4545,134.0,28.4545,0.3955,0.6045,0.2179,0.2123,104.0,0.1653,9.0,2.0747,1.3269,0.9806,0.4811,448.0
46,2,5.0,4.52,5.3478,12.0,2.2767,3.2796,4.4783,134.0,11.913,0.4104,0.5896,0.2571,0.0889,92.0,0.1456,8.0,1.7031,1.4783,0.9826,0.46,460.0
47,2,5.0,4.81,5.9565,16.0,3.0995,3.4116,4.3478,160.0,18.913,0.4938,0.5062,0.3127,0.1182,151.0,0.147,10.0,2.3161,1.7152,0.9932,0.4258,807.0
48,2,4.0,4.01,4.6897,8.0,1.7539,2.6431,3.8103,159.0,6.0345,0.4151,0.5849,0.2513,0.038,42.0,0.0496,8.0,2.7237,2.1905,0.9798,0.5223,624.0
49,2,5.0,4.63,4.7143,8.0,2.6573,2.9743,3.2857,157.0,10.7619,0.2229,0.7771,0.1739,0.0685,34.0,0.065,10.0,2.7978,1.8529,0.9862,0.4635,348.0
50,2,5.0,4.62,7.0,10.0,2.1448,4.338,5.2,134.0,29.0,0.4478,0.5522,0.1218,0.2164,44.0,0.0733,8.0,2.2423,1.75,0.9806,0.3621,413.0
51,2,5.0,4.84,6.9091,11.0,2.1513,3.5515,4.0909,127.0,26.8182,0.4252,0.5748,0.1131,0.2112,97.0,0.1865,9.0,2.1761,1.8866,0.9941,0.5461,403.0
52,2,4.0,3.88,8.75,12.0,2.8614,5.0449,8.25,122.0,52.75,0.3607,0.6393,0.2472,0.4324,41.0,0.0958,8.0,2.7016,1.6341,0.936,0.534,340.0
53,2,5.0,4.97,6.6,11.0,2.245,3.5966,5.1,146.0,31.0,0.3699,0.6301,0.1341,0.2123,118.0,0.1928,8.0,2.164,1.678,0.9921,0.4053,430.0
54,2,4.0,4.33,6.3478,12.0,2.7601,3.2869,4.2609,138.0,18.7826,0.4855,0.5145,0.3367,0.1361,162.0,0.157,8.0,2.0807,1.858,0.9941,0.5397,815.0
55,2,5.0,4.85,6.5,11.0,2.212,3.7661,5.3929,298.0,29.2857,0.6107,0.3893,0.1858,0.0983,179.0,0.1291,10.0,2.2294,2.0559,0.9927,0.4156,1021.0
56,2,4.0,3.99,7.0,11.0,2.8284,3.3008,3.5556,124.0,36.2222,0.4758,0.5242,0.1584,0.2921,104.0,0.1555,7.0,1.948,1.4904,0.9851,0.5206,433.0
57,2,5.0,4.64,4.2683,8.0,1.3973,2.6946,3.2683,130.0,4.9756,0.3462,0.6538,0.3108,0.0383,21.0,0.0412,9.0,2.9104,2.0952,0.9871,0.5189,357.0
58,2,2.0,2.1,9.3333,11.0,1.2472,10.5983,4.6667,99.0,82.3333,0.3939,0.6061,0.027,0.8316,84.0,0.1308,7.0,1.5176,1.2619,0.9726,0.4522,371.0
59,2,4.0,3.74,5.0,6.0,1.0,2.6,3.5,8.0,4.5,0.125,0.875,0.0,0.5625,0.0,0.0,0.0,0.0,0.0,0.3382,0.5,24.0
60,2,4.0,3.91,5.25,13.0,2.9896,3.3994,5.25,98.0,24.875,0.3469,0.6531,0.198,0.2538,108.0,0.2338,5.0,1.5762,1.3333,0.7579,0.5026,365.0
61,2,5.0,4.8,6.2581,11.0,2.4359,3.783,5.6452,200.0,24.3226,0.615,0.385,0.287,0.1216,210.0,0.1276,14.0,2.1163,1.4476,0.9973,0.4582,1139.0
62,2,4.0,4.04,4.3333,11.0,2.521,2.8782,4.4667,131.0,17.6,0.3664,0.6336,0.1053,0.1344,58.0,0.089,7.0,1.6955,1.6897,0.9947,0.4508,406.0
63,2,5.0,4.73,4.8372,9.0,1.7511,3.3743,4.6512,147.0,8.3721,0.517,0.483,0.2066,0.057,81.0,0.0924,8.0,2.4056,1.716,0.9934,0.5057,584.0
64,2,5.0,4.51,5.9333,14.0,2.9993,2.9026,3.6,146.0,21.8,0.4452,0.5548,0.2044,0.1493,111.0,0.154,8.0,1.9061,1.5946,0.9855,0.4338,511.0
65,2,3.0,3.53,5.5556,9.0,2.4545,3.7574,4.0,105.0,21.5556,0.3524,0.6476,0.1685,0.2053,58.0,0.1446,7.0,2.2053,1.7414,0.9891,0.4905,293.0
66,2,4.0,3.91,3.3953,7.0,1.8695,2.3278,4.186,135.0,5.6279,0.3259,0.6741,0.3084,0.0417,112.0,0.1848,7.0,1.6746,1.4821,0.872,0.4513,430.0
67,2,4.0,4.18,4.3793,9.0,2.4412,3.1215,5.2759,151.0,10.7586,0.4172,0.5828,0.1242,0.0712,64.0,0.0883,7.0,2.1052,1.7969,0.9828,0.464,422.0
68,2,4.0,4.02,5.2105,9.0,1.9352,3.0643,4.3158,211.0,15.8421,0.2417,0.7583,0.2,0.0751,62.0,0.1021,9.0,2.5296,2.0484,0.9866,0.4582,434.0
69,2,4.0,3.81,5.4643,11.0,2.4419,3.3415,4.8214,112.0,12.5357,0.4643,0.5357,0.1339,0.1119,112.0,0.129,5.0,1.9516,1.9732,0.9882,0.5058,569.0
70,2,3.0,3.25,4.1111,12.0,3.1779,2.9829,2.6667,114.0,22.4444,0.3772,0.6228,0.1932,0.1969,56.0,0.14,9.0,2.6276,1.4821,0.9552,0.4206,281.0
71,2,5.0,4.61,5.7,8.0,1.8466,3.431,5.1,123.0,23.4,0.3496,0.6504,0.3694,0.1902,86.0,0.1657,6.0,1.7282,1.4419,0.9812,0.566,381.0
72,2,5.0,4.56,4.1163,7.0,1.5732,2.6807,3.2326,129.0,4.9767,0.2868,0.7132,0.3176,0.0386,33.0,0.0603,6.0,2.0785,2.2121,0.9402,0.3745,365.0
73,2,3.0,3.54,5.0667,11.0,2.294,3.3058,4.2,126.0,22.4667,0.4683,0.5317,0.1564,0.1783,88.0,0.1308,5.0,1.8309,1.875,0.9786,0.4976,445.0
74,2,4.0,3.78,7.375,10.0,1.9961,4.1587,4.5,90.0,30.0,0.4556,0.5444,0.3133,0.3333,87.0,0.1521,8.0,2.4468,2.0805,0.9967,0.5467,449.0
75,2,4.0,3.77,2.0,2.0,0.0,1.4,3.0,4.0,4.0,0.0,1.0,0.0,0.0,2.0,0.3333,1.0,-0.0,1.5,0.2732,0.0,6.0
0,3,5.0,4.34,6.4444,10.0,1.7708,4.9711,5.7778,114.0,30.8889,0.4737,0.5263,0.1768,0.271,73.0,0.1067,6.0,1.6118,1.4795,0.987,0.4849,407.0
1,3,4.0,3.59,6.4,10.0,1.8547,3.7019,5.2,82.0,19.8667,0.6341,0.3659,0.1065,0.2423,93.0,0.1382,7.0,1.8573,1.4839,0.9826,0.4971,441.0
2,3,4.0,4.16,7.1429,11.0,2.0996,4.3159,4.7143,144.0,48.8571,0.4514,0.5486,0.202,0.3393,109.0,0.1573,9.0,2.2026,1.5138,0.9954,0.4457,493.0
3,3,5.0,4.78,5.1714,10.0,2.2864,2.9151,4.1429,209.0,12.5143,0.3923,0.6077,0.2227,0.0599,93.0,0.0949,8.0,2.1764,1.6129,0.9961,0.512,683.0
4,3,5.0,4.06,6.0909,12.0,2.9062,3.7413,3.7273,133.0,32.3636,0.4887,0.5113,0.148,0.2433,101.0,0.146,5.0,1.8469,1.4455,0.9902,0.4702,439.0
5,3,2.0,2.72,5.625,12.0,3.6721,3.8599,4.0,86.0,26.625,0.3953,0.6047,0.2835,0.3096,80.0,0.1553,7.0,2.1297,1.825,0.9947,0.619,392.0
6,3,4.0,4.29,6.3636,10.0,1.9667,3.7256,5.3636,142.0,25.0909,0.3873,0.6127,0.1269,0.1767,94.0,0.1599,9.0,2.2829,1.5851,0.9758,0.465,410.0
7,3,4.0,3.87,4.7273,7.0,1.6564,2.9366,3.9091,91.0,6.4545,0.3077,0.6923,0.4314,0.0709,18.0,0.0449,5.0,2.135,2.2222,0.992,0.368,323.0
8,3,2.0,2.51,6.1667,12.0,3.4841,3.5561,5.5,90.0,35.3333,0.4222,0.5778,0.1639,0.3926,54.0,0.1195,7.0,1.8015,1.537,0.9806,0.4448,338.0
9,3,3.0,3.75,5.4444,8.0,1.95,3.7345,5.2222,135.0,28.1111,0.3852,0.6148,0.1949,0.2082,52.0,0.0992,7.0,2.204,1.9423,0.9936,0.4608,360.0
10,3,2.0,4.55,6.3478,10.0,2.5471,3.9089,5.3913,136.0,16.1304,0.5221,0.4779,0.2979,0.1186,112.0,0.127,7.0,2.079,1.625,0.9947,0.5053,682.0
11,3,4.0,4.02,6.7778,12.0,2.8197,3.9975,4.5556,146.0,34.5556,0.411,0.589,0.2242,0.2367,129.0,0.188,6.0,1.7339,1.5039,0.991,0.4373,482.0
12,3,5.0,4.49,5.6667,15.0,3.6209,3.6258,5.2222,129.0,30.4444,0.4264,0.5736,0.2,0.236,125.0,0.208,7.0,1.6185,1.384,0.981,0.5268,456.0
13,3,4.0,3.75,4.0,4.0,0.0,2.7692,5.0,3.0,3.0,0.0,1.0,0.0,0.0,0.0,0.0,0.0,0.0,0.0,0.0,0.625,13.0
14,3,5.0,4.1,5.7273,9.0,1.7104,3.7713,5.0,132.0,22.4545,0.3333,0.6667,0.2174,0.1701,50.0,0.0963,8.0,2.3634,1.64,0.9899,0.4388,344.0
15,3,4.0,3.97,6.1111,10.0,2.8846,3.4434,4.2222,113.0,25.0,0.3451,0.6549,0.0982,0.2212,80.0,0.1479,5.0,1.6259,1.5375,0.9874,0.5188,349.0
16,3,5.0,3.96,5.3478,13.0,3.0873,3.0742,3.9565,187.0,16.087,0.3529,0.6471,0.1749,0.086,142.0,0.1762,10.0,1.9286,1.6479,0.9887,0.4538,619.0
17,3,4.0,3.68,3.9167,7.0,0.9538,2.9586,3.8889,82.0,4.8333,0.378,0.622,0.3043,0.0589,64.0,0.1397,5.0,1.4986,1.7031,0.9771,0.5557,331.0
18,3,3.0,3.35,5.6957,12.0,2.6611,3.3413,4.3043,110.0,14.6522,0.5455,0.4545,0.2379,0.1332,103.0,0.1176,6.0,2.1619,2.0971,0.9971,0.5403,631.0
19,3,5.0,4.54,4.95,9.0,2.1789,2.9916,4.4,125.0,11.55,0.344,0.656,0.1604,0.0924,66.0,0.1429,7.0,2.0784,1.5606,0.9876,0.4707,321.0
20,3,5.0,4.65,4.4444,8.0,1.4423,2.8669,3.7222,137.0,6.5833,0.3942,0.6058,0.29,0.0481,51.0,0.087,7.0,2.0376,1.7255,0.9911,0.4977,445.0
21,3,4.0,3.91,3.0,3.0,0.0,2.4444,3.0,3.0,3.0,0.0,1.0,0.0,0.0,1.0,0.1,1.0,-0.0,1.0,0.0,0.2361,10.0
22,3,4.0,4.18,5.6875,9.0,1.4456,3.5013,5.875,144.0,17.8125,0.3819,0.6181,0.1631,0.1237,78.0,0.1324,9.0,2.3324,1.4872,0.9565,0.45,405.0
23,3,4.0,3.98,5.25,8.0,2.2032,2.6638,4.0833,89.0,14.8333,0.2472,0.7528,0.2584,0.1667,33.0,0.0892,5.0,1.6513,1.3333,0.9761,0.5063,258.0
24,3,4.0,3.81,7.4,10.0,2.8705,4.3362,5.4,116.0,58.6,0.5259,0.4741,0.1017,0.5052,62.0,0.0951,8.0,1.7774,1.4194,0.9935,0.5071,396.0
25,3,4.0,4.28,6.1875,11.0,2.9202,3.7205,5.6875,160.0,27.0625,0.5312,0.4688,0.1832,0.1691,198.0,0.1984,9.0,1.9626,1.5808,0.9972,0.4889,761.0
26,3,5.0,4.59,4.875,12.0,2.6428,3.0176,4.125,123.0,11.75,0.2764,0.7236,0.3538,0.0955,33.0,0.0771,8.0,2.7082,1.9697,0.9169,0.5,328.0
27,3,4.0,3.99,6.0,12.0,2.5495,3.1993,3.875,136.0,17.9375,0.3309,0.6691,0.1921,0.1319,138.0,0.1917,9.0,1.8956,1.4855,0.9776,0.4967,505.0
28,3,3.0,3.34,6.2222,11.0,1.8426,3.4722,4.2222,111.0,15.2778,0.4144,0.5856,0.2988,0.1376,92.0,0.1329,7.0,2.363,2.2065,0.9922,0.4737,485.0
29,3,4.0,3.91,6.3571,10.0,2.2235,3.4181,4.2857,99.0,18.2857,0.404,0.596,0.242,0.1847,65.0,0.113,6.0,1.6155,1.2769,0.9948,0.4911,426.0
30,3,4.0,3.75,4.2188,7.0,1.2682,2.6088,3.6562,115.0,5.0625,0.2609,0.7391,0.3617,0.044,34.0,0.0815,9.0,2.6601,2.3824,0.9571,0.3518,292.0
31,3,4.0,3.89,4.5833,7.0,1.8008,3.2639,4.6667,117.0,15.3333,0.2479,0.7521,0.1194,0.1311,38.0,0.1047,9.0,2.4522,2.2105,0.9861,0.5179,254.0
32,3,4.0,3.81,8.6,15.0,4.4091,5.4448,7.8,112.0,56.0,0.3929,0.6071,0.1488,0.5,116.0,0.1937,7.0,1.4911,1.1466,0.9866,0.4643,429.0
33,3,5.0,4.39,6.1429,14.0,2.4973,3.1711,4.3429,232.0,14.2,0.3276,0.6724,0.2868,0.0612,149.0,0.1283,9.0,2.4032,1.6846,0.9958,0.4608,895.0
34,3,4.0,3.86,9.0,18.0,5.6214,3.5452,4.8,105.0,41.6,0.381,0.619,0.301,0.3962,73.0,0.1446,9.0,2.059,1.3288,0.9902,0.4926,362.0
35,3,1.0,2.27,4.4,9.0,2.0591,2.7628,3.0667,106.0,13.8,0.3774,0.6226,0.3069,0.1302,92.0,0.1913,7.0,1.7886,1.3913,0.9873,0.7331,369.0
36,3,4.0,4.09,5.8,11.0,2.2862,3.0823,3.7333,147.0,19.8667,0.4014,0.5986,0.3046,0.1351,121.0,0.1779,7.0,1.8696,1.5785,0.9799,0.4926,509.0
37,3,5.0,3.94,7.0455,13.0,2.688,3.5139,4.8636,134.0,17.9545,0.5448,0.4552,0.1992,0.134,125.0,0.1347,6.0,1.9837,1.512,0.9789,0.6589,665.0
38,3,4.0,3.39,9.25,12.0,1.9203,5.505,8.0,75.0,64.0,0.5867,0.4133,0.1547,0.8533,137.0,0.242,7.0,1.6126,1.1825,0.9853,0.5602,408.0
39,3,2.0,3.04,7.8333,13.0,3.0777,4.8522,4.8333,128.0,54.1667,0.4531,0.5469,0.1523,0.4232,105.0,0.1448,7.0,1.8057,1.6,0.9865,0.5239,475.0
40,3,2.0,2.77,10.0,16.0,4.3205,4.784,6.6667,120.0,74.6667,0.3583,0.6417,0.1731,0.6222,53.0,0.1191,7.0,2.4496,2.3774,0.9701,0.3562,336.0
41,3,4.0,4.06,6.8571,12.0,2.7994,3.3186,5.7143,99.0,27.7143,0.4242,0.5758,0.2105,0.2799,69.0,0.1616,7.0,1.9224,1.6667,0.9924,0.4653,347.0
42,3,5.0,4.63,5.9,14.0,3.8846,3.2536,4.5,120.0,28.2,0.4417,0.5583,0.1605,0.235,102.0,0.1738,8.0,2.2406,1.8824,0.9971,0.5334,423.0
43,3,5.0,4.54,7.0,9.0,1.6903,5.164,5.4286,125.0,42.5714,0.352,0.648,0.1329,0.3406,98.0,0.1607,7.0,1.8584,1.398,0.9963,0.46,424.0
44,3,4.0,3.72,5.3636,13.0,3.255,2.754,3.5455,114.0,20.9091,0.3158,0.6842,0.1552,0.1834,82.0,0.1694,10.0,1.716,1.1341,0.9756,0.3741,363.0
45,3,4.0,3.95,7.2727,21.0,4.7115,3.2278,4.5455,124.0,31.0,0.4677,0.5323,0.1982,0.25,156.0,0.1893,9.0,1.4333,1.2692,0.9893,0.4151,598.0
46,3,5.0,4.74,4.871,8.0,1.5185,3.2662,4.871,145.0,10.5161,0.4414,0.5586,0.3204,0.0725,74.0,0.1025,7.0,2.2023,1.8649,0.9931,0.4217,529.0
47,3,4.0,4.22,5.8462,13.0,2.6267,3.0939,4.4359,136.0,10.3333,0.4926,0.5074,0.3071,0.076,104.0,0.0958,9.0,2.425,2.1827,0.997,0.507,751.0
48,3,4.0,3.83,4.6471,8.0,2.2476,2.5619,3.5882,114.0,9.4118,0.2368,0.7632,0.2826,0.0826,29.0,0.0853,8.0,2.6666,2.4828,0.7717,0.462,256.0
49,3,5.0,4.67,5.8462,8.0,1.7474,3.3919,4.1538,126.0,20.0,0.4286,0.5714,0.194,0.1587,76.0,0.1431,8.0,2.0777,1.7632,0.9153,0.4913,376.0
50,3,4.0,3.65,5.7931,11.0,2.8208,4.0673,5.2759,100.0,13.3793,0.52,0.48,0.2049,0.1338,139.0,0.149,6.0,1.5827,1.5324,0.9905,0.7379,686.0
51,3,5.0,4.43,9.7143,14.0,2.7627,4.0277,5.0,113.0,43.7143,0.3894,0.6106,0.1036,0.3869,139.0,0.2026,7.0,1.4487,1.2302,0.9858,0.5188,483.0
52,3,3.0,4.21,4.9231,8.0,1.7303,3.0124,3.9231,138.0,10.1154,0.3623,0.6377,0.256,0.0733,98.0,0.1588,7.0,1.8482,1.398,0.9891,0.4534,454.0
53,3,5.0,4.97,6.6,11.0,2.245,3.5966,5.1,146.0,31.0,0.3699,0.6301,0.1341,0.2123,118.0,0.1928,8.0,2.164,1.678,0.9921,0.4053,430.0
54,3,4.0,4.23,4.8627,9.0,1.9304,3.0854,4.2745,145.0,9.2745,0.4897,0.5103,0.1829,0.064,162.0,0.1321,8.0,2.0587,1.8642,0.9985,0.5149,848.0
55,3,5.0,4.69,5.5128,11.0,2.5102,3.033,4.359,265.0,19.8974,0.5434,0.4566,0.3112,0.0751,129.0,0.0866,9.0,2.466,1.9845,0.9886,0.3833,1071.0
56,3,4.0,3.99,5.6471,9.0,2.1947,3.9608,5.2353,134.0,18.4118,0.403,0.597,0.2514,0.1374,86.0,0.1162,7.0,2.3498,2.6395,0.9857,0.5874,514.0
57,3,4.0,3.73,4.5333,10.0,2.0774,2.6515,3.3333,116.0,5.5,0.2069,0.7931,0.3878,0.0474,25.0,0.0572,7.0,2.5125,2.6,0.9606,0.4315,310.0
58,3,2.0,2.1,9.3333,11.0,1.2472,10.5983,4.6667,99.0,82.3333,0.3939,0.6061,0.027,0.8316,84.0,0.1308,7.0,1.5176,1.2619,0.9726,0.4522,371.0
59,3,5.0,4.26,4.2857,10.0,2.7627,3.2585,4.8571,100.0,22.0,0.27,0.73,0.0741,0.22,41.0,0.1358,7.0,2.4349,1.878,0.0,0.3322,181.0
60,3,4.0,4.17,5.7895,10.0,2.6671,4.0197,4.7368,218.0,25.3684,0.4541,0.5459,0.303,0.1164,146.0,0.147,11.0,2.4295,1.411,0.9881,0.4645,775.0
61,3,5.0,4.67,5.2258,11.0,2.6605,3.0169,4.3871,277.0,17.2903,0.4043,0.5957,0.2819,0.0624,75.0,0.0706,10.0,2.7246,1.7733,0.9955,0.4484,833.0
62,3,4.0,4.1,4.5714,7.0,1.3653,3.24,5.5238,123.0,11.6667,0.3171,0.6829,0.1639,0.0949,51.0,0.0879,6.0,2.0376,1.5882,0.9884,0.4499,362.0
63,3,5.0,4.84,5.0,15.0,2.8373,3.6324,4.55,236.0,17.575,0.6441,0.3559,0.1692,0.0745,226.0,0.1452,12.0,2.8438,1.8805,0.9952,0.4587,1115.0
64,3,5.0,3.71,6.625,10.0,1.9961,3.2059,4.625,123.0,21.5,0.2114,0.7886,0.3265,0.1748,23.0,0.0653,9.0,2.9079,1.8696,0.9764,0.4265,259.0
65,3,3.0,3.36,5.0417,9.0,1.6951,2.9781,4.1667,121.0,12.2917,0.4545,0.5455,0.2011,0.1016,81.0,0.1296,8.0,2.4744,1.963,0.9747,0.6996,454.0
66,3,4.0,3.85,6.7,11.0,2.3685,3.3978,4.9,89.0,20.8,0.573,0.427,0.1849,0.2337,78.0,0.1625,7.0,1.9282,1.641,0.9493,0.5247,329.0
67,3,4.0,3.91,5.2857,11.0,2.9623,3.4514,4.8571,92.0,27.1429,0.4674,0.5326,0.0918,0.295,43.0,0.0872,5.0,1.5764,1.907,0.9678,0.4536,313.0
68,3,4.0,4.25,4.5581,16.0,2.7979,2.8169,3.5349,201.0,9.9302,0.4428,0.5572,0.2434,0.0494,144.0,0.1366,10.0,2.1118,1.4514,0.9916,0.4559,753.0
69,3,4.0,3.98,5.0,9.0,2.3859,3.6548,4.2308,137.0,22.3846,0.4526,0.5474,0.1429,0.1634,92.0,0.1538,10.0,2.3283,1.9022,0.8907,0.4572,442.0
70,3,2.0,3.07,5.2222,10.0,1.9309,3.1622,4.3889,153.0,16.8889,0.3464,0.6536,0.2252,0.1104,96.0,0.1564,8.0,2.0142,1.6458,0.9551,0.5727,430.0
71,3,5.0,4.33,6.8,9.0,1.833,4.6998,6.6,104.0,40.4,0.3462,0.6538,0.2245,0.3885,55.0,0.1418,7.0,2.2134,1.4545,0.9676,0.609,295.0
72,3,4.0,3.99,4.3846,10.0,1.8483,2.7101,3.359,121.0,5.4103,0.3554,0.6446,0.3111,0.0447,25.0,0.0471,6.0,2.3525,2.24,0.8863,0.4501,364.0
73,3,4.0,3.92,8.3333,17.0,4.714,3.2528,3.5556,149.0,35.1111,0.3893,0.6107,0.1916,0.2356,120.0,0.1896,9.0,2.0637,1.5083,0.9903,0.5482,491.0
74,3,3.0,3.48,4.6923,10.0,2.6424,3.2636,5.0,80.0,13.0769,0.2875,0.7125,0.2444,0.1635,38.0,0.0874,7.0,1.8999,1.9211,0.9926,0.5339,343.0
75,3,5.0,4.8,5.1667,10.0,2.5111,2.9873,4.0833,126.0,23.4167,0.4127,0.5873,0.2581,0.1858,93.0,0.1685,9.0,2.1471,1.4516,0.9865,0.5195,397.0
0,4,5.0,4.54,6.1,9.0,1.8682,5.1769,7.5,153.0,34.4,0.366,0.634,0.1099,0.2248,139.0,0.1641,7.0,1.4067,1.4317,0.9558,0.4382,586.0
1,4,4.0,3.89,5.2778,12.0,1.9665,2.8331,4.8889,155.0,12.8333,0.1742,0.8258,0.2763,0.0828,80.0,0.1336,8.0,2.2879,1.8375,0.9559,0.685,473.0
2,4,4.0,4.24,4.6842,11.0,1.8273,3.2639,4.5439,233.0,8.7895,0.4077,0.5923,0.3545,0.0377,94.0,0.0767,8.0,2.3707,1.883,0.9981,0.4392,947.0
3,4,5.0,4.36,4.8387,11.0,2.6892,2.875,4.1613,175.0,12.7097,0.4171,0.5829,0.3014,0.0726,159.0,0.1699,10.0,2.0647,1.2264,0.9967,0.4884,683.0
4,4,5.0,4.52,5.4545,11.0,2.9034,3.6271,3.0909,181.0,34.2727,0.337,0.663,0.0918,0.1894,98.0,0.1443,7.0,1.8094,1.7347,0.9756,0.5446,476.0
5,4,4.0,3.96,6.8,12.0,2.5612,3.8009,4.3,120.0,20.5,0.2667,0.7333,0.3176,0.1708,58.0,0.1151,5.0,1.9784,1.9483,0.9753,0.4924,378.0
6,4,4.0,3.96,6.8889,15.0,3.4462,3.6796,4.0,94.0,19.0,0.3511,0.6489,0.1688,0.2021,79.0,0.1816,6.0,1.4538,1.3924,0.9676,0.5261,321.0
7,4,4.0,3.52,4.8333,7.0,1.6142,2.816,4.1,109.0,6.9,0.3211,0.6789,0.398,0.0633,26.0,0.0477,5.0,1.9904,2.0769,0.9761,0.5695,446.0
8,4,4.0,3.85,6.4167,12.0,3.303,3.1413,3.9167,119.0,19.4167,0.3109,0.6891,0.2544,0.1632,93.0,0.1667,9.0,2.1051,1.3011,0.96,0.439,394.0
9,4,4.0,4.25,5.8182,14.0,2.6737,3.2543,4.7273,178.0,21.8636,0.5562,0.4438,0.1386,0.1228,111.0,0.1134,10.0,2.2077,1.7207,0.9984,0.4641,689.0
10,4,2.0,2.91,6.7857,18.0,4.021,3.5489,4.3571,114.0,23.7857,0.4123,0.5877,0.1233,0.2086,103.0,0.1305,6.0,1.8765,1.8447,0.9944,0.5513,544.0
11,4,4.0,3.98,6.625,13.0,3.998,3.007,5.0,122.0,30.625,0.4098,0.5902,0.2114,0.251,90.0,0.1546,7.0,2.0047,1.2667,0.9895,0.563,393.0
12,4,5.0,4.19,4.7778,9.0,1.7069,3.1472,3.8148,150.0,11.4074,0.3933,0.6067,0.2342,0.076,84.0,0.1248,11.0,2.7778,1.7976,0.9678,0.4652,487.0
13,4,4.0,4.31,4.1059,9.0,1.638,2.8908,4.4353,260.0,7.7294,0.4192,0.5808,0.2015,0.0297,141.0,0.0882,10.0,2.4865,1.844,0.9978,0.4849,1146.0
14,4,5.0,3.58,6.1667,9.0,1.4625,3.312,4.3333,99.0,36.0,0.3838,0.6162,0.1453,0.3636,85.0,0.1868,8.0,1.9701,1.5529,0.9939,0.5023,336.0
15,4,4.0,4.03,5.4286,9.0,2.1946,3.8658,5.1429,103.0,23.5714,0.301,0.699,0.1613,0.2288,37.0,0.0969,5.0,1.8413,2.2703,0.9674,0.454,249.0
16,4,4.0,4.24,6.4615,10.0,2.4374,3.0225,4.0769,127.0,18.7692,0.4252,0.5748,0.2393,0.1478,94.0,0.177,8.0,2.0689,1.7021,0.981,0.5079,390.0
17,4,5.0,3.46,3.0,4.0,0.7071,2.5364,3.75,20.0,5.75,0.05,0.95,0.0,0.2875,1.0,0.02,1.0,-0.0,3.0,0.7783,1.0,29.0
18,4,3.0,3.27,5.6667,12.0,2.5441,3.2094,4.2917,111.0,14.0417,0.5495,0.4505,0.2434,0.1265,102.0,0.117,6.0,2.1669,2.1078,0.9971,0.5403,631.0
19,4,5.0,4.81,6.1944,12.0,2.5035,3.3783,4.5556,225.0,22.8889,0.6178,0.3822,0.2571,0.1017,267.0,0.1477,9.0,2.0577,1.5019,0.9962,0.5295,1373.0
20,4,5.0,4.67,2.8571,6.0,1.5333,2.3268,3.5143,135.0,4.3143,0.3852,0.6148,0.1257,0.032,91.0,0.1283,9.0,2.0882,1.5055,0.9946,0.4986,468.0
21,4,4.0,3.91,3.0,3.0,0.0,2.4444,3.0,3.0,3.0,0.0,1.0,0.0,0.0,1.0,0.1,1.0,-0.0,1.0,0.0,0.2361,10.0
22,4,3.0,3.38,6.0556,9.0,1.5446,3.6211,4.6111,150.0,17.6667,0.36,0.64,0.3155,0.1178,113.0,0.1501,10.0,2.3604,1.6903,0.91,0.4544,570.0
23,4,3.0,3.41,5.0909,8.0,2.2342,2.7374,4.2727,91.0,16.7273,0.2527,0.7473,0.2688,0.1838,34.0,0.0895,5.0,1.6795,1.3529,0.9756,0.45,268.0
24,4,4.0,4.01,6.5,11.0,2.3629,5.019,7.6667,123.0,45.6667,0.4228,0.5772,0.1722,0.3713,61.0,0.092,7.0,1.7084,1.5082,0.9908,0.4452,424.0
25,4,4.0,4.21,5.3684,12.0,2.1203,3.1291,4.2368,191.0,13.2368,0.5236,0.4764,0.3622,0.0693,129.0,0.1256,9.0,2.0365,1.8372,0.9978,0.5534,784.0
26,4,4.0,4.16,4.6932,11.0,2.6084,2.7252,4.0227,241.0,6.8977,0.4564,0.5436,0.377,0.0286,116.0,0.0711,9.0,2.3187,2.1034,0.9984,0.4978,1186.0
27,4,4.0,4.0,6.0,12.0,2.5495,3.1993,3.875,136.0,17.9375,0.3309,0.6691,0.1921,0.1319,138.0,0.1917,9.0,1.8956,1.4855,0.9821,0.4967,505.0
28,4,3.0,3.48,5.6923,11.0,2.8389,3.5528,4.0769,142.0,22.1538,0.3803,0.6197,0.2466,0.156,124.0,0.1925,9.0,1.9756,1.5484,0.9858,0.4607,492.0
29,4,5.0,4.62,4.2069,7.0,1.584,2.9425,4.3103,135.0,8.2069,0.3037,0.6963,0.2718,0.0608,51.0,0.096,8.0,1.8844,1.6078,0.9969,0.5482,424.0
30,4,4.0,4.07,6.6364,12.0,2.5681,3.3254,4.3636,131.0,23.0909,0.3664,0.6336,0.1545,0.1763,71.0,0.1381,6.0,2.0725,1.9437,0.9908,0.5492,375.0
31,4,5.0,4.71,3.64,8.0,1.7523,2.4428,3.48,145.0,4.7,0.3103,0.6897,0.2667,0.0324,41.0,0.0737,8.0,2.6187,1.7805,0.9902,0.5496,371.0
32,4,5.0,4.78,4.9429,10.0,2.3046,3.1442,3.6286,166.0,9.1143,0.3494,0.6506,0.366,0.0549,75.0,0.0935,9.0,2.1986,1.5733,0.9945,0.4932,551.0
33,4,4.0,4.33,6.1,15.0,2.4372,3.5145,4.575,290.0,16.175,0.4069,0.5931,0.2745,0.0558,165.0,0.1065,12.0,2.4226,1.6788,0.9985,0.4539,1167.0
34,4,5.0,4.58,4.4032,8.0,1.6408,2.8615,3.871,170.0,5.9032,0.4529,0.5471,0.4235,0.0347,79.0,0.0791,8.0,2.0556,1.8101,0.9966,0.4706,738.0
35,4,1.0,2.26,6.6667,9.0,1.8856,3.5699,6.3333,109.0,31.6667,0.2752,0.7248,0.2716,0.2905,43.0,0.1089,8.0,2.4708,1.814,0.9392,0.4284,291.0
36,4,4.0,3.63,12.25,19.0,5.4025,4.1012,4.75,149.0,72.0,0.3826,0.6174,0.1799,0.4832,133.0,0.2114,7.0,1.8808,1.6015,0.985,0.5003,467.0
37,4,5.0,4.61,5.1111,11.0,2.2825,2.8221,4.0889,145.0,9.8,0.5448,0.4552,0.2196,0.0676,106.0,0.0967,8.0,2.1647,1.9245,0.9862,0.5509,753.0
38,4,4.0,4.24,4.3125,9.0,1.7219,2.8636,3.8958,126.0,6.4583,0.3889,0.6111,0.288,0.0513,43.0,0.0556,8.0,2.4771,2.2093,0.9943,0.5,549.0
39,4,2.0,2.76,5.6923,10.0,1.7269,3.6242,4.8462,114.0,21.0769,0.5526,0.4474,0.1562,0.1849,58.0,0.0912,5.0,1.7045,1.4483,0.9917,0.4385,387.0
40,4,4.0,3.9,5.5333,11.0,2.3343,3.3429,4.2667,114.0,19.6,0.5088,0.4912,0.15,0.1719,81.0,0.1371,5.0,1.6002,1.4568,0.9921,0.4891,411.0
41,4,5.0,4.51,8.375,19.0,4.7153,3.45,4.0,132.0,31.375,0.3788,0.6212,0.2521,0.2377,108.0,0.1905,11.0,2.5571,1.7685,0.9781,0.3077,420.0
42,4,4.0,3.96,4.75,12.0,2.9595,2.9336,4.1786,152.0,11.2143,0.2961,0.7039,0.1852,0.0738,135.0,0.1962,10.0,2.2053,1.4963,0.9796,0.5432,504.0
43,4,5.0,4.45,5.4,9.0,1.8547,3.3728,4.2,118.0,23.7,0.339,0.661,0.0672,0.2008,78.0,0.1667,7.0,1.963,1.6282,0.9842,0.3921,327.0
44,4,4.0,3.79,4.6,7.0,1.8547,3.1473,3.8,105.0,14.7333,0.4286,0.5714,0.1638,0.1403,84.0,0.1579,8.0,1.9825,1.5595,0.9903,0.4615,341.0
45,4,4.0,3.88,5.1875,12.0,2.6744,3.0144,4.125,117.0,18.0,0.453,0.547,0.152,0.1538,108.0,0.1674,7.0,1.7247,1.3796,0.9879,0.5838,422.0
46,4,5.0,3.77,3.403,9.0,1.5935,2.7527,4.3582,139.0,4.9851,0.3813,0.6187,0.1282,0.0359,95.0,0.1142,6.0,1.9208,1.4947,0.9911,0.4685,546.0
47,4,5.0,4.73,5.9,12.0,2.4779,3.4766,4.675,177.0,14.125,0.565,0.435,0.201,0.0798,141.0,0.1114,8.0,2.3821,1.9645,0.9984,0.5627,913.0
48,4,4.0,3.96,6.5714,20.0,5.8519,3.5025,5.4286,114.0,31.2857,0.3333,0.6667,0.1238,0.2744,94.0,0.2039,9.0,2.2759,1.5957,0.9617,0.5434,342.0
49,4,5.0,4.67,7.2727,13.0,2.339,3.5048,6.0909,137.0,25.9091,0.3942,0.6058,0.1216,0.1891,92.0,0.1506,7.0,1.9469,1.4239,0.989,0.4949,412.0
50,4,4.0,3.9,6.375,17.0,4.1514,3.3003,5.0,132.0,42.125,0.4924,0.5076,0.0878,0.3191,127.0,0.1667,6.0,1.2535,1.3701,0.9552,0.747,539.0
51,4,4.0,3.92,7.4286,10.0,1.7613,4.8704,4.5714,143.0,50.1429,0.4615,0.5385,0.0913,0.3506,125.0,0.1994,9.0,1.9071,1.76,0.9625,0.5279,462.0
52,4,2.0,3.16,5.5,15.0,3.0957,2.6293,4.1111,134.0,10.6667,0.2463,0.7537,0.3276,0.0796,23.0,0.0553,8.0,2.6531,1.8696,0.9523,0.4432,315.0
53,4,5.0,4.97,6.6,11.0,2.245,3.5966,5.1,146.0,31.0,0.3699,0.6301,0.1341,0.2123,118.0,0.1928,8.0,2.164,1.678,0.9921,0.4053,430.0
54,4,4.0,4.35,5.9167,12.0,2.3614,3.3958,4.5417,132.0,15.2917,0.4394,0.5606,0.2766,0.1158,107.0,0.1141,6.0,1.8036,1.785,0.9961,0.566,671.0
55,4,5.0,4.65,7.88,24.0,3.9932,4.2481,5.44,267.0,37.56,0.5169,0.4831,0.2232,0.1407,245.0,0.1309,10.0,2.1597,1.702,0.9975,0.3737,1343.0
56,4,4.0,4.02,5.8,10.0,2.1817,3.8372,3.8,130.0,29.2,0.3846,0.6154,0.2222,0.2246,109.0,0.1727,8.0,1.8247,1.3578,0.9906,0.4904,446.0
57,4,4.0,4.02,4.72,9.0,1.7093,2.5757,3.4,185.0,5.5467,0.4703,0.5297,0.2771,0.03,40.0,0.0398,7.0,2.5678,1.875,0.9954,0.478,758.0
58,4,2.0,2.1,9.3333,11.0,1.2472,10.5983,4.6667,99.0,82.3333,0.3939,0.6061,0.027,0.8316,84.0,0.1308,7.0,1.5176,1.2619,0.9726,0.4522,371.0
59,4,4.0,4.47,5.3038,13.0,2.3132,2.9025,3.8101,314.0,12.7468,0.4427,0.5573,0.2424,0.0406,158.0,0.0751,9.0,2.37,1.7025,0.9994,0.4629,1650.0
60,4,3.0,3.26,6.1429,11.0,3.2262,3.9827,4.7143,149.0,43.1429,0.3758,0.6242,0.183,0.2895,126.0,0.2079,10.0,1.9225,1.4603,0.9534,0.4869,460.0
61,4,5.0,4.74,5.5556,13.0,3.0591,3.912,4.9444,233.0,31.9444,0.485,0.515,0.2251,0.1371,209.0,0.1644,10.0,1.8862,1.5694,0.9929,0.4776,1001.0
62,4,4.0,4.07,6.3333,11.0,2.0548,3.8226,5.7778,122.0,30.1111,0.3607,0.6393,0.1074,0.2468,89.0,0.1382,7.0,1.5586,1.2022,0.9774,0.5364,388.0
63,4,5.0,4.15,4.2384,9.0,1.9248,2.7873,3.9942,359.0,7.5523,0.6072,0.3928,0.334,0.021,285.0,0.0937,10.0,2.3057,1.5579,0.9999,0.4343,2452.0
64,4,5.0,3.97,3.951,10.0,2.2897,2.4008,3.1275,193.0,4.5098,0.4093,0.5907,0.3483,0.0234,64.0,0.0514,7.0,1.9846,1.875,0.9988,0.4772,960.0
65,4,4.0,4.04,5.5455,13.0,3.9396,2.8511,3.8182,120.0,24.8182,0.4083,0.5917,0.2876,0.2068,107.0,0.1751,7.0,2.0697,1.2991,0.9937,0.3742,423.0
66,4,4.0,3.97,8.6667,12.0,2.357,4.8621,4.3333,65.0,41.6667,0.3077,0.6923,0.1,0.641,58.0,0.1973,5.0,1.5451,1.3621,0.5994,0.5019,213.0
67,4,4.0,4.04,5.25,11.0,2.2407,3.2,4.5,146.0,27.3333,0.411,0.589,0.0879,0.1872,103.0,0.1361,8.0,1.6913,1.4854,0.9813,0.451,470.0
68,4,3.0,3.28,9.5,14.0,3.6401,3.8221,4.5,73.0,55.75,0.8356,0.1644,0.0533,0.7637,68.0,0.1611,6.0,1.9678,1.7647,0.9569,0.5358,289.0
69,4,4.0,4.07,7.1429,12.0,2.7994,3.5403,4.5714,121.0,34.2857,0.3802,0.6198,0.1597,0.2834,88.0,0.1746,6.0,1.989,1.8295,0.9694,0.5288,369.0
70,4,4.0,3.93,3.875,10.0,2.5951,3.3938,6.0938,168.0,9.5312,0.3393,0.6607,0.1168,0.0567,116.0,0.1721,9.0,1.9804,1.4483,0.9753,0.3152,477.0
71,4,5.0,4.7,5.75,15.0,3.0035,3.4827,4.1667,136.0,29.9167,0.4412,0.5588,0.1031,0.22,111.0,0.1421,7.0,1.7761,1.3784,0.9945,0.4916,514.0
72,4,4.0,4.67,5.6,11.0,2.1541,3.2513,4.2,146.0,15.3,0.4041,0.5959,0.3125,0.1048,79.0,0.127,9.0,2.2625,1.6835,0.9931,0.4883,450.0
73,4,3.0,3.42,7.4545,14.0,3.9855,3.7177,4.8182,127.0,28.7273,0.3386,0.6614,0.1905,0.2262,150.0,0.2098,9.0,2.0705,1.5667,0.9898,0.5489,533.0
74,4,4.0,3.86,5.129,10.0,2.3105,2.808,4.0,99.0,6.4516,0.3737,0.6263,0.4257,0.0652,25.0,0.0505,4.0,1.8881,2.12,0.9942,0.4549,392.0
75,4,5.0,4.61,6.9167,10.0,1.8465,3.9491,4.5833,123.0,22.8333,0.3984,0.6016,0.1722,0.1856,100.0,0.1736,7.0,1.8262,1.37,0.9482,0.5628,409.0
