user_id,file_id,rating,combo_5_B__perp_token_curv_lex_disc__pred,avg_logprob,ppl,proportion_top10,proportion_top100,proportion_top1000,mean_rank,rank_entropy,curvature_z,ll_orig,mean_ll_pert,std_ll_pert,ttr,rttr,cttr,herdan_c,maas_a2,yules_k,mtld,hapax_ratio,dis_legomena_ratio,avg_word_len,total_connectives,connective_entropy,connective_density_per_100w,enumeration_count
0,0,4.0,4.32,0.0,0.0,0.0,0.0,0.0,0.0,0.0,0.0,0.0,0.0,0.0,0.5635,10.9555,7.7467,0.9034,0.0163,70.4068,103.9282,0.7136,0.1455,5.5185,15.0,0.6998,3.9683,0.0
1,0,4.0,3.87,0.0,0.0,0.0,0.0,0.0,0.0,0.0,0.0,0.0,0.0,0.0,0.269,7.2984,5.1607,0.8011,0.0301,113.8277,99.8799,0.1111,0.5808,4.9864,14.0,-0.0,1.9022,0.0
2,0,4.0,4.27,0.0,0.0,0.0,0.0,0.0,0.0,0.0,0.0,0.0,0.0,0.0,0.6158,11.7971,8.3418,0.9179,0.0139,49.5957,182.2457,0.6991,0.1681,5.4169,12.0,0.8113,3.2698,0.0
3,0,5.0,4.87,0.0,0.0,0.0,0.0,0.0,0.0,0.0,0.0,0.0,0.0,0.0,0.3275,11.3302,8.0117,0.8425,0.0222,55.5133,124.2414,0.4796,0.1862,5.0936,20.0,1.1918,1.6708,0.0
4,0,5.0,4.88,0.0,0.0,0.0,0.0,0.0,0.0,0.0,0.0,0.0,0.0,0.0,0.4537,10.7565,7.606,0.8752,0.0197,69.0214,134.2673,0.5922,0.1922,5.2011,13.0,1.1982,2.3132,0.0
5,0,4.0,4.12,0.0,0.0,0.0,0.0,0.0,0.0,0.0,0.0,0.0,0.0,0.0,0.4689,9.5867,6.7788,0.8745,0.0208,81.1566,98.4226,0.6122,0.1786,5.3517,10.0,0.469,2.3923,0.0
6,0,4.0,4.09,0.0,0.0,0.0,0.0,0.0,0.0,0.0,0.0,0.0,0.0,0.0,0.5362,11.7849,8.3332,0.8992,0.0163,50.7525,190.7787,0.6216,0.1931,5.0642,6.0,1.4591,1.2422,0.0
7,0,5.0,4.77,0.0,0.0,0.0,0.0,0.0,0.0,0.0,0.0,0.0,0.0,0.0,0.3972,11.7238,8.29,0.8636,0.0201,71.9708,92.2929,0.6098,0.1647,5.1056,29.0,0.8996,3.3295,0.0
8,0,3.0,3.57,-3.5571,35.061,0.0133,0.2348,0.7765,1096.3201,4.8586,2.2938,-3.578,-3.833,0.1111,0.649,12.9147,9.1321,0.9277,0.0121,54.3312,223.9517,0.7626,0.1362,5.5581,22.0,1.2433,5.5556,0.0
9,0,4.0,3.93,0.0,0.0,0.0,0.0,0.0,0.0,0.0,0.0,0.0,0.0,0.0,0.3987,8.6349,6.1058,0.8505,0.0243,111.2925,62.6873,0.5455,0.1818,4.9339,7.0,0.5917,1.4925,0.0
10,0,3.0,3.7,0.0,0.0,0.0,0.0,0.0,0.0,0.0,0.0,0.0,0.0,0.0,0.5145,11.6987,8.2722,0.8936,0.017,72.1317,116.162,0.688,0.1429,5.0232,8.0,0.5436,1.5474,0.0
11,0,3.0,3.21,-3.1509,23.3563,0.0308,0.2892,0.7231,1778.9785,4.3299,5.819,-3.1509,-3.5792,0.0736,0.6158,8.7733,6.2036,0.9087,0.0172,120.3621,73.8269,0.752,0.136,4.6158,5.0,-0.0,2.4631,0.0
12,0,5.0,4.54,-3.0579,21.2837,0.0153,0.256,0.7593,1442.4376,4.1652,2.8972,-3.0579,-3.5327,0.1639,0.5878,9.8184,6.9427,0.9056,0.0168,91.7254,91.1299,0.6951,0.1585,4.9104,11.0,0.8659,3.9427,0.0
13,0,1.0,2.64,-3.0473,21.0583,0.0248,0.2996,0.6908,1413.7786,3.6187,2.9283,-3.0473,-3.4867,0.1501,0.4582,8.2349,5.823,0.8649,0.0234,130.5486,47.1669,0.6554,0.0946,4.418,4.0,0.8113,1.2384,0.0
14,0,5.0,4.7,0.0,0.0,0.0,0.0,0.0,0.0,0.0,0.0,0.0,0.0,0.0,0.4543,9.7447,6.8905,0.8713,0.021,110.8696,66.0833,0.6124,0.1914,4.5587,8.0,0.8113,1.7391,0.0
15,0,5.0,3.96,0.0,0.0,0.0,0.0,0.0,0.0,0.0,0.0,0.0,0.0,0.0,0.5266,9.95,7.0357,0.8909,0.0186,116.1249,96.2022,0.7128,0.133,4.9328,2.0,-0.0,0.5602,0.0
16,0,4.0,4.09,0.0,0.0,0.0,0.0,0.0,0.0,0.0,0.0,0.0,0.0,0.0,0.4009,10.4231,7.3702,0.8597,0.0215,93.0465,126.7425,0.5867,0.1734,5.4704,40.0,0.7726,5.9172,0.0
17,0,4.0,4.12,0.0,0.0,0.0,0.0,0.0,0.0,0.0,0.0,0.0,0.0,0.0,0.3874,10.1325,7.1648,0.8547,0.0223,92.2934,82.2897,0.6038,0.1623,4.9751,25.0,0.6396,3.655,0.0
18,0,4.0,4.52,0.0,0.0,0.0,0.0,0.0,0.0,0.0,0.0,0.0,0.0,0.0,0.3684,9.364,6.6213,0.8457,0.0238,82.9108,68.1889,0.5,0.2185,4.7755,15.0,1.053,2.322,0.0
19,0,5.0,4.15,0.0,0.0,0.0,0.0,0.0,0.0,0.0,0.0,0.0,0.0,0.0,0.1725,8.909,6.2996,0.7773,0.0282,65.7948,134.9858,0.1783,0.2565,5.2348,67.0,0.7141,2.5131,0.0
20,0,5.0,4.66,0.0,0.0,0.0,0.0,0.0,0.0,0.0,0.0,0.0,0.0,0.0,0.4264,9.8821,6.9877,0.8644,0.0216,110.8302,67.6929,0.6201,0.1703,4.9088,14.0,1.3788,2.6071,0.0
21,0,4.0,4.08,0.0,0.0,0.0,0.0,0.0,0.0,0.0,0.0,0.0,0.0,0.0,0.4906,10.1014,7.1427,0.8823,0.0195,89.7784,106.1223,0.6538,0.1587,4.8585,10.0,1.4855,2.3585,0.0
22,0,5.0,4.47,0.0,0.0,0.0,0.0,0.0,0.0,0.0,0.0,0.0,0.0,0.0,0.4702,10.0076,7.0765,0.8766,0.0202,115.5895,81.9647,0.615,0.2113,4.7682,8.0,1.0,1.766,0.0
23,0,4.0,3.92,-2.8489,17.268,0.007,0.2715,0.6961,1067.5568,4.0244,3.3501,-2.8489,-3.3456,0.1483,0.5814,9.3386,6.6034,0.9023,0.0176,130.4008,91.0846,0.7867,0.0933,5.2209,3.0,0.9183,1.1628,0.0
24,0,4.0,3.93,-2.6714,14.4599,0.0168,0.2773,0.7395,1330.5735,3.624,6.001,-2.6714,-3.2042,0.0888,0.4941,7.8904,5.5794,0.8728,0.023,159.3233,64.4332,0.6349,0.1587,4.5569,2.0,-0.0,0.7843,0.0
25,0,5.0,4.09,0.0,0.0,0.0,0.0,0.0,0.0,0.0,0.0,0.0,0.0,0.0,0.4197,9.8251,6.9474,0.8623,0.0218,116.815,91.0489,0.5696,0.2217,4.7044,4.0,-0.0,0.7299,0.0
26,0,5.0,4.71,0.0,0.0,0.0,0.0,0.0,0.0,0.0,0.0,0.0,0.0,0.0,0.3544,9.3558,6.6155,0.8415,0.0242,75.4618,112.4779,0.3846,0.3077,4.9369,15.0,1.3996,2.1521,0.0
27,0,3.0,3.57,0.0,0.0,0.0,0.0,0.0,0.0,0.0,0.0,0.0,0.0,0.0,0.3679,9.6284,6.8083,0.8468,0.0235,90.106,101.7524,0.5556,0.2024,5.0891,19.0,0.5907,2.7737,0.0
28,0,3.0,3.5,0.0,0.0,0.0,0.0,0.0,0.0,0.0,0.0,0.0,0.0,0.0,0.237,7.2046,5.0944,0.7892,0.0309,161.6583,44.3139,0.3333,0.3196,4.4524,10.0,0.7219,1.0823,0.0
29,0,4.0,4.11,0.0,0.0,0.0,0.0,0.0,0.0,0.0,0.0,0.0,0.0,0.0,0.4263,9.6184,6.8012,0.8632,0.0219,156.4762,61.3461,0.6175,0.1889,4.6149,7.0,0.8631,1.3752,0.0
30,0,4.0,4.35,0.0,0.0,0.0,0.0,0.0,0.0,0.0,0.0,0.0,0.0,0.0,0.4806,11.1783,7.9042,0.8836,0.0185,72.0238,132.1999,0.6231,0.1769,5.329,7.0,0.5917,1.2939,0.0
31,0,5.0,3.8,0.0,0.0,0.0,0.0,0.0,0.0,0.0,0.0,0.0,0.0,0.0,0.4172,8.9965,6.3615,0.8577,0.0232,98.231,91.7197,0.567,0.1701,4.8645,8.0,0.8113,1.7204,0.0
32,0,5.0,4.85,0.0,0.0,0.0,0.0,0.0,0.0,0.0,0.0,0.0,0.0,0.0,0.369,11.8878,8.4059,0.8564,0.0207,61.813,103.1731,0.517,0.1984,5.0356,20.0,0.9918,1.9268,0.0
33,0,4.0,4.63,0.0,0.0,0.0,0.0,0.0,0.0,0.0,0.0,0.0,0.0,0.0,0.4626,13.3102,9.4117,0.8853,0.0171,54.3478,129.8342,0.611,0.1958,5.1896,23.0,0.8077,2.7778,0.0
34,0,5.0,4.65,0.0,0.0,0.0,0.0,0.0,0.0,0.0,0.0,0.0,0.0,0.0,0.4937,9.837,6.9558,0.882,0.0197,57.484,150.0426,0.5306,0.2398,5.2393,7.0,0.5917,1.7632,0.0
35,0,4.0,3.94,-3.2472,25.7176,0.0363,0.2977,0.6584,2018.8206,4.0916,7.9765,-3.2472,-3.621,0.0469,0.5079,9.0427,6.3941,0.8824,0.0204,84.7854,101.2343,0.5963,0.1925,4.817,6.0,-0.0,1.8927,0.0
36,0,5.0,4.64,0.0,0.0,0.0,0.0,0.0,0.0,0.0,0.0,0.0,0.0,0.0,0.5061,10.2599,7.2548,0.8868,0.0188,62.2776,115.9005,0.6202,0.1635,5.5231,7.0,0.5917,1.7032,0.0
37,0,5.0,4.78,0.0,0.0,0.0,0.0,0.0,0.0,0.0,0.0,0.0,0.0,0.0,0.4866,11.1173,7.8611,0.8849,0.0184,70.9032,112.1627,0.6535,0.1654,5.0153,13.0,0.9913,2.4904,0.0
38,0,4.0,3.96,0.0,0.0,0.0,0.0,0.0,0.0,0.0,0.0,0.0,0.0,0.0,0.5441,10.8407,7.6656,0.8983,0.017,64.5902,144.2406,0.6898,0.1296,5.1259,3.0,0.9183,0.7557,0.0
39,0,2.0,4.34,0.0,0.0,0.0,0.0,0.0,0.0,0.0,0.0,0.0,0.0,0.0,0.4946,10.6894,7.5586,0.8855,0.0186,67.4037,118.5528,0.5584,0.2511,5.0942,9.0,0.7642,1.9272,0.0
40,0,4.0,3.98,0.0,0.0,0.0,0.0,0.0,0.0,0.0,0.0,0.0,0.0,0.0,0.4262,8.7343,6.1761,0.8588,0.0234,141.3832,53.186,0.6145,0.1564,4.6024,7.0,0.8631,1.6667,0.0
41,0,5.0,4.56,0.0,0.0,0.0,0.0,0.0,0.0,0.0,0.0,0.0,0.0,0.0,0.4843,9.8414,6.9589,0.8796,0.02,65.3108,117.5495,0.58,0.18,5.0291,4.0,-0.0,0.9685,0.0
42,0,5.0,4.14,0.0,0.0,0.0,0.0,0.0,0.0,0.0,0.0,0.0,0.0,0.0,0.3892,9.316,6.5874,0.8514,0.0234,128.4687,47.8914,0.6278,0.157,4.2182,6.0,1.0,1.0471,0.0
43,0,5.0,4.37,0.0,0.0,0.0,0.0,0.0,0.0,0.0,0.0,0.0,0.0,0.0,0.4587,8.882,6.2806,0.8685,0.0222,114.2044,67.0634,0.6163,0.157,5.0213,4.0,0.8113,1.0667,0.0
44,0,2.0,3.2,0.0,0.0,0.0,0.0,0.0,0.0,0.0,0.0,0.0,0.0,0.0,0.5125,9.7368,6.885,0.8865,0.0193,77.0405,117.8746,0.6541,0.1297,4.9695,5.0,0.7219,1.385,0.0
45,0,2.0,3.95,0.0,0.0,0.0,0.0,0.0,0.0,0.0,0.0,0.0,0.0,0.0,0.3602,8.0292,5.6775,0.8355,0.0265,185.4183,44.626,0.5419,0.2067,4.6579,6.0,0.65,1.2072,0.0
46,0,5.0,3.88,0.0,0.0,0.0,0.0,0.0,0.0,0.0,0.0,0.0,0.0,0.0,0.4708,8.7059,6.156,0.8709,0.0221,100.2018,61.8574,0.5714,0.2236,4.9152,5.0,0.971,1.462,0.0
47,0,4.0,4.12,0.0,0.0,0.0,0.0,0.0,0.0,0.0,0.0,0.0,0.0,0.0,0.3923,10.7946,7.633,0.8589,0.0213,72.8035,110.1629,0.596,0.138,5.0515,27.0,0.455,3.5667,0.0
48,0,4.0,4.09,-3.4505,31.5146,0.02,0.2483,0.6452,1667.6253,4.8857,4.3087,-3.4505,-3.8388,0.0901,0.7127,11.8192,8.3575,0.9397,0.0107,38.6116,244.9125,0.7602,0.1582,5.4182,9.0,0.5033,3.2727,0.0
49,0,5.0,4.62,0.0,0.0,0.0,0.0,0.0,0.0,0.0,0.0,0.0,0.0,0.0,0.4602,9.3758,6.6297,0.8713,0.0214,87.676,92.1251,0.5707,0.2199,4.906,4.0,-0.0,0.9639,0.0
50,0,4.0,3.99,0.0,0.0,0.0,0.0,0.0,0.0,0.0,0.0,0.0,0.0,0.0,0.5459,10.5015,7.4257,0.8977,0.0173,64.1344,140.0296,0.6485,0.1733,5.1459,3.0,-0.0,0.8108,0.0
51,0,4.0,3.8,0.0,0.0,0.0,0.0,0.0,0.0,0.0,0.0,0.0,0.0,0.0,0.3426,7.4264,5.2512,0.8259,0.0283,144.4998,55.5087,0.5776,0.1118,4.7872,8.0,0.8113,1.7021,0.0
52,0,4.0,4.03,-3.7661,43.2105,0.0115,0.225,0.6942,1406.3827,4.9241,2.7965,-3.7661,-4.0435,0.0992,0.7129,12.6934,8.9756,0.9412,0.0102,33.8345,317.0,0.7743,0.146,5.3312,6.0,1.2516,1.8927,0.0
53,0,5.0,4.84,0.0,0.0,0.0,0.0,0.0,0.0,0.0,0.0,0.0,0.0,0.0,0.5221,10.8148,7.6472,0.8928,0.0177,77.4827,105.5123,0.6339,0.192,4.9207,6.0,1.4591,1.3986,0.0
54,0,5.0,4.77,0.0,0.0,0.0,0.0,0.0,0.0,0.0,0.0,0.0,0.0,0.0,0.4127,10.9961,7.7754,0.8652,0.0205,84.269,111.5828,0.5768,0.2014,4.8352,24.0,1.3249,3.3803,0.0
55,0,5.0,4.48,0.0,0.0,0.0,0.0,0.0,0.0,0.0,0.0,0.0,0.0,0.0,0.2532,9.9632,7.0451,0.813,0.0255,80.0316,128.5341,0.3801,0.2143,5.0678,11.0,1.0958,0.7106,0.0
56,0,5.0,4.43,0.0,0.0,0.0,0.0,0.0,0.0,0.0,0.0,0.0,0.0,0.0,0.6722,12.7545,9.0188,0.9325,0.0115,50.463,230.6247,0.781,0.1116,5.3083,16.0,0.3373,4.4444,0.0
57,0,5.0,4.47,0.0,0.0,0.0,0.0,0.0,0.0,0.0,0.0,0.0,0.0,0.0,0.4964,10.1615,7.1852,0.884,0.0192,84.9847,94.1514,0.6442,0.149,4.9045,5.0,0.971,1.1933,0.0
58,0,2.0,2.0,0.0,0.0,0.0,0.0,0.0,0.0,0.0,0.0,0.0,0.0,0.0,0.4286,8.2549,5.8371,0.8568,0.0242,147.6304,52.49,0.6352,0.1384,4.6119,5.0,1.5219,1.3477,0.0
59,0,4.0,3.94,0.0,0.0,0.0,0.0,0.0,0.0,0.0,0.0,0.0,0.0,0.0,0.3071,16.062,11.3576,0.8508,0.0188,118.5392,118.4472,0.5476,0.1786,5.0252,103.0,1.2004,3.766,1.0
60,0,4.0,4.18,0.0,0.0,0.0,0.0,0.0,0.0,0.0,0.0,0.0,0.0,0.0,0.5043,12.1762,8.6099,0.8925,0.0169,61.1376,100.6709,0.6088,0.2075,4.765,13.0,0.6194,2.2298,0.0
61,0,5.0,4.8,0.0,0.0,0.0,0.0,0.0,0.0,0.0,0.0,0.0,0.0,0.0,0.4561,13.5909,9.6102,0.8844,0.017,52.375,144.8075,0.5753,0.2,5.0597,20.0,0.9918,2.2523,0.0
62,0,4.0,3.88,0.0,0.0,0.0,0.0,0.0,0.0,0.0,0.0,0.0,0.0,0.0,0.4564,10.0207,7.0857,0.873,0.0205,104.4231,89.6633,0.65,0.1591,4.7427,4.0,-0.0,0.8299,0.0
63,0,5.0,4.08,0.0,0.0,0.0,0.0,0.0,0.0,0.0,0.0,0.0,0.0,0.0,0.2674,16.0633,11.3584,0.839,0.0197,48.1801,137.8151,0.4777,0.1762,5.1189,123.0,1.221,3.4081,3.0
64,0,5.0,4.88,0.0,0.0,0.0,0.0,0.0,0.0,0.0,0.0,0.0,0.0,0.0,0.4288,10.7798,7.6225,0.8687,0.0204,70.4515,83.1794,0.583,0.1956,4.9494,12.0,1.614,1.8987,0.0
65,0,4.0,3.86,0.0,0.0,0.0,0.0,0.0,0.0,0.0,0.0,0.0,0.0,0.0,0.4139,9.0295,6.3848,0.8569,0.0232,144.9403,41.8495,0.6497,0.1472,4.4076,4.0,-0.0,0.8403,0.0
66,0,4.0,3.94,0.0,0.0,0.0,0.0,0.0,0.0,0.0,0.0,0.0,0.0,0.0,0.4111,8.5541,6.0487,0.8536,0.0241,127.3675,56.8791,0.618,0.1517,4.9007,5.0,0.7219,1.1547,0.0
67,0,4.0,3.89,0.0,0.0,0.0,0.0,0.0,0.0,0.0,0.0,0.0,0.0,0.0,0.3444,7.8071,5.5205,0.8292,0.0274,160.3355,57.6191,0.5424,0.1977,4.3444,3.0,0.9183,0.5837,0.0
68,0,4.0,4.17,0.0,0.0,0.0,0.0,0.0,0.0,0.0,0.0,0.0,0.0,0.0,0.4692,11.503,8.1339,0.8817,0.0185,48.3387,206.6395,0.5248,0.266,5.1364,13.0,0.9913,2.1631,0.0
69,0,4.0,4.04,0.0,0.0,0.0,0.0,0.0,0.0,0.0,0.0,0.0,0.0,0.0,0.384,11.1883,7.9113,0.8581,0.021,97.8633,131.1144,0.5644,0.2117,5.1708,49.0,0.6588,5.7715,1.0
70,0,5.0,4.64,0.0,0.0,0.0,0.0,0.0,0.0,0.0,0.0,0.0,0.0,0.0,0.3133,9.3165,6.5878,0.829,0.0252,62.9594,140.3836,0.3321,0.2671,5.0271,7.0,1.1488,0.7919,0.0
71,0,5.0,4.65,0.0,0.0,0.0,0.0,0.0,0.0,0.0,0.0,0.0,0.0,0.0,0.4162,9.4813,6.7043,0.8598,0.0224,123.1062,71.3597,0.5741,0.2037,4.684,6.0,-0.0,1.1561,0.0
72,0,5.0,3.89,0.0,0.0,0.0,0.0,0.0,0.0,0.0,0.0,0.0,0.0,0.0,0.321,8.3262,5.8875,0.8255,0.0268,145.6299,63.9633,0.5463,0.1528,4.5097,12.0,1.0409,1.7831,0.0
73,0,4.0,4.3,0.0,0.0,0.0,0.0,0.0,0.0,0.0,0.0,0.0,0.0,0.0,0.4637,10.4605,7.3967,0.8767,0.0198,64.6902,126.8678,0.6017,0.1653,4.9332,9.0,-0.0,1.7682,0.0
74,0,5.0,4.7,0.0,0.0,0.0,0.0,0.0,0.0,0.0,0.0,0.0,0.0,0.0,0.3047,9.4165,6.6585,0.8268,0.0252,112.6066,67.6548,0.4536,0.244,4.7801,29.0,0.5788,3.0366,0.0
75,0,4.0,4.06,0.0,0.0,0.0,0.0,0.0,0.0,0.0,0.0,0.0,0.0,0.0,0.3917,8.581,6.0677,0.8482,0.0246,185.9375,53.0815,0.5957,0.2181,4.2479,6.0,0.65,1.25,0.0
0,1,4.0,4.2,-3.6973,40.3386,0.024,0.2969,0.7882,1024.8341,4.9783,6.1312,-3.6973,-4.0094,0.0509,0.539,9.4587,6.6883,0.8921,0.0188,90.8669,111.3169,0.5904,0.259,5.013,4.0,0.8113,1.2987,0.0
1,1,4.0,3.85,-3.4755,32.3127,0.009,0.2207,0.7733,1027.4565,4.7488,4.2202,-3.5366,-3.9483,0.0976,0.5759,12.9682,9.1699,0.9114,0.0142,72.1263,178.0529,0.7021,0.1644,5.7771,39.0,1.1106,7.6923,0.0
2,1,2.0,4.04,0.0,0.0,0.0,0.0,0.0,0.0,0.0,0.0,0.0,0.0,0.0,0.4172,14.3566,10.1516,0.8765,0.0175,50.5045,202.6439,0.5769,0.1802,5.163,35.0,0.9977,2.9561,0.0
3,1,5.0,4.91,0.0,0.0,0.0,0.0,0.0,0.0,0.0,0.0,0.0,0.0,0.0,0.3239,11.2544,7.9581,0.8411,0.0224,57.7822,122.6135,0.4859,0.1841,5.0489,20.0,1.1918,1.657,0.0
4,1,2.0,2.84,-3.376,29.2548,0.0378,0.3401,0.7398,1408.25,3.9654,2.769,-3.1013,-3.444,0.1238,0.482,10.4835,7.4129,0.8815,0.0192,138.5605,52.2145,0.6491,0.2105,4.4249,9.0,0.7642,1.9027,0.0
5,1,4.0,4.0,0.0,0.0,0.0,0.0,0.0,0.0,0.0,0.0,0.0,0.0,0.0,0.3398,7.6898,5.4375,0.827,0.0277,171.3562,48.4891,0.546,0.1839,4.7246,7.0,-0.0,1.3672,0.0
6,1,4.0,4.26,0.0,0.0,0.0,0.0,0.0,0.0,0.0,0.0,0.0,0.0,0.0,0.4847,10.7408,7.5949,0.8831,0.0189,105.5247,108.3967,0.6513,0.1891,4.7128,6.0,1.4591,1.222,0.0
7,1,4.0,3.96,0.0,0.0,0.0,0.0,0.0,0.0,0.0,0.0,0.0,0.0,0.0,0.4187,8.5595,6.0525,0.8557,0.0239,148.2338,48.8018,0.6171,0.1714,4.9833,10.0,0.7219,2.3923,0.0
8,1,3.0,3.75,0.0,0.0,0.0,0.0,0.0,0.0,0.0,0.0,0.0,0.0,0.0,0.5073,11.103,7.851,0.89,0.0178,59.9718,82.9638,0.6132,0.1852,4.8831,6.0,1.2516,1.2526,0.0
9,1,3.0,3.54,0.0,0.0,0.0,0.0,0.0,0.0,0.0,0.0,0.0,0.0,0.0,0.4024,9.7654,6.9052,0.8573,0.0224,84.9761,94.3865,0.5823,0.1688,4.9966,18.0,0.5033,3.056,0.0
10,1,4.0,4.02,0.0,0.0,0.0,0.0,0.0,0.0,0.0,0.0,0.0,0.0,0.0,0.3605,7.7824,5.503,0.834,0.027,174.5289,39.4637,0.631,0.1488,4.1524,3.0,-0.0,0.6438,0.0
11,1,4.0,3.78,0.0,0.0,0.0,0.0,0.0,0.0,0.0,0.0,0.0,0.0,0.0,0.4734,8.7029,6.1538,0.8716,0.0221,100.1365,86.2557,0.6188,0.1312,4.8964,3.0,-0.0,0.8876,0.0
12,1,5.0,4.5,-3.1835,24.1312,0.0358,0.3058,0.688,1537.8212,3.6523,3.6343,-3.3891,-3.7906,0.1105,0.352,8.2848,5.8582,0.8347,0.0262,147.1412,47.1059,0.5692,0.1897,4.4693,5.0,-0.0,0.9025,0.0
13,1,5.0,4.55,0.0,0.0,0.0,0.0,0.0,0.0,0.0,0.0,0.0,0.0,0.0,0.3721,12.4866,8.8294,0.8593,0.02,111.7144,126.2784,0.5823,0.179,5.1323,53.0,0.8082,4.7069,0.0
14,1,5.0,4.09,0.0,0.0,0.0,0.0,0.0,0.0,0.0,0.0,0.0,0.0,0.0,0.561,11.0084,7.7841,0.9029,0.0163,62.2027,192.5,0.6667,0.1759,5.7351,6.0,-0.0,1.5584,0.0
15,1,4.0,4.07,0.0,0.0,0.0,0.0,0.0,0.0,0.0,0.0,0.0,0.0,0.0,0.5284,10.6337,7.5192,0.8938,0.0177,61.2102,153.2061,0.6402,0.1542,4.8988,4.0,0.8113,0.9877,0.0
16,1,4.0,4.26,0.0,0.0,0.0,0.0,0.0,0.0,0.0,0.0,0.0,0.0,0.0,0.2914,11.8137,8.3535,0.8335,0.0225,88.3031,150.8376,0.4635,0.2046,5.385,90.0,0.5015,5.4745,0.0
17,1,4.0,3.56,-4.363,78.4923,0.0168,0.3193,0.7983,1026.4958,5.7136,3.212,-4.363,-4.8902,0.1641,0.8659,7.8406,5.5442,0.9673,0.0074,44.6163,171.1564,0.8873,0.0845,5.2683,2.0,1.0,2.439,0.0
18,1,3.0,2.31,-2.8581,17.4288,0.0248,0.3659,0.6946,1718.9381,3.4331,2.8641,-2.9963,-3.4086,0.144,0.3922,8.655,6.12,0.8487,0.0244,190.9187,48.4338,0.5497,0.2042,4.0678,7.0,1.8424,1.4374,0.0
19,1,5.0,4.52,0.0,0.0,0.0,0.0,0.0,0.0,0.0,0.0,0.0,0.0,0.0,0.3854,9.6569,6.8284,0.852,0.023,110.045,76.1186,0.6074,0.1653,4.7755,13.0,0.3912,2.0701,0.0
20,1,5.0,4.67,0.0,0.0,0.0,0.0,0.0,0.0,0.0,0.0,0.0,0.0,0.0,0.3816,9.2455,6.5375,0.8489,0.0237,116.6675,73.2708,0.5759,0.1696,4.7956,8.0,0.8113,1.3629,0.0
21,1,4.0,3.87,-5.284,197.1606,0.1,0.4,1.0,205.0,7.8995,3.192,-5.284,-6.9103,0.5095,0.9,2.846,2.0125,0.9542,0.0199,200.0,28.0,0.8889,0.1111,4.4,2.0,1.0,20.0,1.0
22,1,4.0,4.04,0.0,0.0,0.0,0.0,0.0,0.0,0.0,0.0,0.0,0.0,0.0,0.5579,10.1045,7.1449,0.8993,0.0174,61.9051,108.8173,0.6066,0.235,5.2439,3.0,-0.0,0.9146,0.0
23,1,4.0,3.96,-2.9219,18.5764,0.0143,0.2554,0.6874,1119.0191,3.9595,2.8864,-2.9219,-3.3874,0.1613,0.5814,9.3386,6.6034,0.9023,0.0176,130.4008,91.0846,0.7867,0.0933,5.2209,3.0,0.9183,1.1628,0.0
24,1,4.0,4.06,-3.2964,27.0163,0.0259,0.2739,0.7853,1165.2164,4.3449,3.3687,-3.572,-3.9582,0.1146,0.4091,11.8283,8.3639,0.8672,0.0197,66.7052,119.651,0.5614,0.2047,5.0945,34.0,1.4661,4.067,2.0
25,1,3.0,4.0,0.0,0.0,0.0,0.0,0.0,0.0,0.0,0.0,0.0,0.0,0.0,0.4027,9.1741,6.4871,0.8545,0.0233,136.8424,44.917,0.622,0.1579,4.4143,9.0,-0.0,1.7341,0.0
26,1,4.0,3.9,0.0,0.0,0.0,0.0,0.0,0.0,0.0,0.0,0.0,0.0,0.0,0.3097,7.1701,5.07,0.8135,0.0297,120.9902,72.3044,0.4518,0.1928,5.0187,11.0,0.4395,2.0522,0.0
27,1,3.0,3.36,0.0,0.0,0.0,0.0,0.0,0.0,0.0,0.0,0.0,0.0,0.0,0.3582,8.6941,6.1477,0.8391,0.0252,106.4796,104.4167,0.564,0.1801,5.0679,12.0,0.4138,2.0374,0.0
28,1,3.0,4.19,0.0,0.0,0.0,0.0,0.0,0.0,0.0,0.0,0.0,0.0,0.0,0.4029,8.8184,6.2355,0.8527,0.0239,179.7412,64.6277,0.6114,0.1969,4.4656,5.0,0.7219,1.0438,0.0
29,1,4.0,3.78,-3.7837,43.977,0.0064,0.2276,0.6314,1580.8269,4.9066,1.9835,-3.7837,-4.0702,0.1444,0.7326,10.0184,7.0841,0.9405,0.0114,45.7548,195.8264,0.7737,0.1533,5.4492,8.0,1.5488,4.2781,0.0
30,1,3.0,3.67,0.0,0.0,0.0,0.0,0.0,0.0,0.0,0.0,0.0,0.0,0.0,0.477,12.7722,9.0313,0.8874,0.0171,66.0586,127.6935,0.6433,0.1813,4.7685,31.0,1.1357,4.3236,0.0
31,1,4.0,4.15,0.0,0.0,0.0,0.0,0.0,0.0,0.0,0.0,0.0,0.0,0.0,0.6122,12.1218,8.5714,0.9178,0.0138,55.8361,183.4872,0.75,0.1208,5.1709,8.0,0.8113,2.0408,0.0
32,1,5.0,4.51,0.0,0.0,0.0,0.0,0.0,0.0,0.0,0.0,0.0,0.0,0.0,0.2984,9.8774,6.9844,0.8272,0.0247,101.314,87.4121,0.4709,0.2202,5.0839,17.0,1.4517,1.5511,0.0
33,1,5.0,4.75,-3.3289,27.9068,0.022,0.2439,0.6817,1657.3557,4.3677,1.8243,-3.0717,-3.5041,0.237,0.4329,14.5195,10.2669,0.8808,0.017,49.5723,146.4555,0.614,0.1848,5.3956,29.0,1.5923,2.5778,0.0
34,1,2.0,3.42,-4.8293,125.1197,0.0707,0.3131,0.7424,1569.9545,5.59,1.2461,-4.8293,-5.0001,0.1371,0.7132,8.1001,5.7277,0.9304,0.0143,72.1111,94.7106,0.75,0.163,5.1395,1.0,-0.0,0.7752,0.0
35,1,1.0,2.24,0.0,0.0,0.0,0.0,0.0,0.0,0.0,0.0,0.0,0.0,0.0,0.4379,9.0496,6.399,0.8637,0.0225,115.3958,57.439,0.6043,0.1818,4.6768,8.0,1.4056,1.8735,0.0
36,1,4.0,4.08,0.0,0.0,0.0,0.0,0.0,0.0,0.0,0.0,0.0,0.0,0.0,0.384,8.9161,6.3046,0.8478,0.0242,163.3617,55.5783,0.6039,0.1787,4.5325,5.0,0.7219,0.9276,0.0
37,1,5.0,4.84,0.0,0.0,0.0,0.0,0.0,0.0,0.0,0.0,0.0,0.0,0.0,0.444,10.3661,7.33,0.8712,0.0204,68.3444,105.318,0.5868,0.1818,4.8018,12.0,0.8167,2.2018,0.0
38,1,5.0,4.88,0.0,0.0,0.0,0.0,0.0,0.0,0.0,0.0,0.0,0.0,0.0,0.4843,10.6004,7.4956,0.8825,0.019,62.1511,132.2853,0.5905,0.194,5.286,13.0,1.1451,2.714,0.0
39,1,4.0,4.02,0.0,0.0,0.0,0.0,0.0,0.0,0.0,0.0,0.0,0.0,0.0,0.3802,8.7204,6.1663,0.8457,0.0246,192.355,46.8878,0.59,0.205,4.5894,5.0,-0.0,0.9506,0.0
40,1,4.0,4.2,0.0,0.0,0.0,0.0,0.0,0.0,0.0,0.0,0.0,0.0,0.0,0.487,9.5428,6.7478,0.8791,0.0203,75.6836,112.603,0.615,0.1444,4.8021,5.0,0.7219,1.3021,0.0
41,1,5.0,4.29,0.0,0.0,0.0,0.0,0.0,0.0,0.0,0.0,0.0,0.0,0.0,0.4579,9.2041,6.5083,0.8699,0.0217,91.2901,113.8593,0.5514,0.2108,5.1114,4.0,0.8113,0.9901,0.0
42,1,5.0,4.58,0.0,0.0,0.0,0.0,0.0,0.0,0.0,0.0,0.0,0.0,0.0,0.5183,10.8234,7.6533,0.8919,0.0178,68.4917,109.7452,0.6372,0.1903,4.9312,7.0,1.1488,1.6055,0.0
43,1,5.0,4.74,0.0,0.0,0.0,0.0,0.0,0.0,0.0,0.0,0.0,0.0,0.0,0.5065,10.8867,7.698,0.8891,0.0181,56.2208,170.5951,0.594,0.188,5.0368,13.0,0.9913,2.8139,0.0
44,1,4.0,3.99,0.0,0.0,0.0,0.0,0.0,0.0,0.0,0.0,0.0,0.0,0.0,0.4833,10.2409,7.2414,0.8809,0.0195,114.4836,90.3031,0.6406,0.1797,4.6615,6.0,-0.0,1.3363,0.0
45,1,2.0,3.06,0.0,0.0,0.0,0.0,0.0,0.0,0.0,0.0,0.0,0.0,0.0,0.459,9.7472,6.8923,0.8726,0.0209,105.2109,78.2112,0.6473,0.1546,5.0643,8.0,0.5436,1.7738,0.0
46,1,5.0,4.61,-3.2413,25.5658,0.0353,0.313,0.695,1463.4623,3.9398,4.7899,-3.1435,-3.6327,0.1021,0.4493,9.1414,6.4639,0.8672,0.022,122.2899,68.0318,0.5753,0.2151,4.5556,6.0,0.65,1.4493,0.0
47,1,5.0,4.72,0.0,0.0,0.0,0.0,0.0,0.0,0.0,0.0,0.0,0.0,0.0,0.4034,11.236,7.9451,0.8636,0.0205,63.8684,126.8179,0.5751,0.1661,4.9137,30.0,0.9816,3.866,0.0
48,1,4.0,3.99,0.0,0.0,0.0,0.0,0.0,0.0,0.0,0.0,0.0,0.0,0.0,0.4519,11.289,7.9826,0.8766,0.0192,95.9998,119.0793,0.6454,0.156,5.2051,33.0,0.1959,5.2885,0.0
49,1,4.0,4.08,-3.2115,24.8151,0.0177,0.3194,0.7111,1331.9663,4.0749,4.8707,-3.0473,-3.528,0.0987,0.4296,8.9386,6.3205,0.8608,0.0229,147.422,48.4349,0.5968,0.2204,4.4919,3.0,-0.0,0.6928,0.0
50,1,5.0,2.52,-2.9141,18.4323,0.0195,0.3249,0.7996,1050.5973,3.5544,5.3033,-2.8771,-3.4332,0.1049,0.4056,7.6949,5.4411,0.8467,0.026,177.7778,40.857,0.6301,0.1575,4.2694,9.0,1.3516,2.5,0.0
51,1,4.0,4.08,-2.9478,19.0647,0.0522,0.3129,0.6835,1708.6709,3.9013,7.1253,-2.8378,-3.3479,0.0716,0.3475,7.1474,5.054,0.8252,0.0289,270.2748,35.1397,0.585,0.1837,4.0496,4.0,-0.0,0.9456,0.0
52,1,4.0,4.06,0.0,0.0,0.0,0.0,0.0,0.0,0.0,0.0,0.0,0.0,0.0,0.5273,9.5784,6.7729,0.8896,0.019,81.1754,135.492,0.6207,0.2011,5.1909,4.0,0.8113,1.2121,0.0
53,1,5.0,4.92,0.0,0.0,0.0,0.0,0.0,0.0,0.0,0.0,0.0,0.0,0.0,0.5256,10.8987,7.7065,0.8939,0.0175,77.0146,105.9383,0.6416,0.1858,4.907,6.0,1.4591,1.3953,0.0
54,1,5.0,4.7,0.0,0.0,0.0,0.0,0.0,0.0,0.0,0.0,0.0,0.0,0.0,0.3901,10.5257,7.4428,0.8572,0.0217,71.7003,124.641,0.5493,0.1937,5.1786,22.0,0.2668,3.022,1.0
55,1,4.0,4.37,0.0,0.0,0.0,0.0,0.0,0.0,0.0,0.0,0.0,0.0,0.0,0.3395,11.1772,7.9035,0.8454,0.0221,82.294,79.6703,0.5163,0.1875,5.0009,16.0,1.0613,1.476,0.0
56,1,4.0,3.9,0.0,0.0,0.0,0.0,0.0,0.0,0.0,0.0,0.0,0.0,0.0,0.4894,9.5154,6.7284,0.8796,0.0203,117.4379,107.3774,0.6324,0.2108,5.1058,3.0,0.9183,0.7937,0.0
57,1,4.0,3.92,0.0,0.0,0.0,0.0,0.0,0.0,0.0,0.0,0.0,0.0,0.0,0.393,10.3011,7.284,0.857,0.0219,128.1016,102.4437,0.6,0.163,5.0349,40.0,0.5501,5.8224,0.0
58,1,2.0,2.0,0.0,0.0,0.0,0.0,0.0,0.0,0.0,0.0,0.0,0.0,0.0,0.4286,8.2549,5.8371,0.8568,0.0242,147.6304,52.49,0.6352,0.1384,4.6119,5.0,1.5219,1.3477,0.0
59,1,3.0,3.41,0.0,0.0,0.0,0.0,0.0,0.0,0.0,0.0,0.0,0.0,0.0,0.249,6.7685,4.7861,0.7895,0.0319,281.6958,61.21,0.4728,0.1902,4.3018,1.0,-0.0,0.1353,0.0
60,1,4.0,4.3,0.0,0.0,0.0,0.0,0.0,0.0,0.0,0.0,0.0,0.0,0.0,0.2388,9.3241,6.5932,0.8046,0.0267,72.6176,84.1771,0.3516,0.228,4.9514,51.0,1.2883,3.3465,0.0
61,1,5.0,4.75,0.0,0.0,0.0,0.0,0.0,0.0,0.0,0.0,0.0,0.0,0.0,0.503,11.1917,7.9137,0.8893,0.0178,74.7679,84.5758,0.6506,0.1928,5.198,15.0,1.2366,3.0303,0.0
62,1,4.0,4.06,0.0,0.0,0.0,0.0,0.0,0.0,0.0,0.0,0.0,0.0,0.0,0.5359,10.1964,7.21,0.8941,0.018,63.3375,146.1013,0.6134,0.1856,5.0856,6.0,0.9183,1.6575,0.0
63,1,5.0,4.58,0.0,0.0,0.0,0.0,0.0,0.0,0.0,0.0,0.0,0.0,0.0,0.3142,13.5116,9.5542,0.8461,0.0205,66.3156,194.4107,0.4974,0.1824,5.2358,98.0,1.2642,5.3002,0.0
64,1,5.0,4.9,0.0,0.0,0.0,0.0,0.0,0.0,0.0,0.0,0.0,0.0,0.0,0.4306,10.8422,7.6666,0.8694,0.0202,69.8584,83.4685,0.5824,0.1978,4.9338,12.0,1.614,1.8927,0.0
65,1,4.0,4.13,0.0,0.0,0.0,0.0,0.0,0.0,0.0,0.0,0.0,0.0,0.0,0.5309,10.6834,7.5543,0.8945,0.0176,74.0131,115.4883,0.6698,0.1442,5.1654,4.0,-0.0,0.9877,0.0
66,1,4.0,4.03,0.0,0.0,0.0,0.0,0.0,0.0,0.0,0.0,0.0,0.0,0.0,0.4824,9.2663,6.5523,0.8767,0.0209,96.0627,110.6315,0.6292,0.1854,4.9485,7.0,1.4488,1.897,0.0
67,1,4.0,4.03,0.0,0.0,0.0,0.0,0.0,0.0,0.0,0.0,0.0,0.0,0.0,0.4871,10.0658,7.1176,0.8812,0.0196,79.0878,95.162,0.6346,0.149,5.0492,4.0,1.5,0.9368,0.0
68,1,4.0,4.11,-3.2971,27.0337,0.033,0.2978,0.7294,1226.4423,3.894,3.4441,-3.2079,-3.6656,0.1329,0.3652,9.5174,6.7298,0.8455,0.0237,89.5799,78.3435,0.496,0.2258,4.7865,20.0,0.8842,2.9455,0.0
69,1,4.0,3.95,0.0,0.0,0.0,0.0,0.0,0.0,0.0,0.0,0.0,0.0,0.0,0.3404,8.1258,5.7458,0.8302,0.0268,131.856,65.3887,0.5103,0.2113,5.0105,12.0,0.8167,2.1053,0.0
70,1,5.0,4.7,0.0,0.0,0.0,0.0,0.0,0.0,0.0,0.0,0.0,0.0,0.0,0.2063,9.7513,6.8952,0.7953,0.0265,95.9276,69.3816,0.4056,0.1996,4.9087,78.0,0.8866,3.4899,0.0
71,1,5.0,4.51,0.0,0.0,0.0,0.0,0.0,0.0,0.0,0.0,0.0,0.0,0.0,0.5562,10.0891,7.1341,0.8988,0.0175,92.3864,61.8643,0.7049,0.1311,4.9331,4.0,0.8113,1.2158,0.0
72,1,5.0,3.92,0.0,0.0,0.0,0.0,0.0,0.0,0.0,0.0,0.0,0.0,0.0,0.3659,8.115,5.7382,0.8378,0.0262,128.6437,67.9653,0.5222,0.2333,4.9715,7.0,0.8631,1.4228,0.0
73,1,4.0,4.0,-3.6418,38.1589,0.0216,0.2431,0.651,1678.698,4.6583,2.5828,-3.6418,-3.9899,0.1348,0.6806,11.5494,8.1667,0.932,0.012,47.9842,198.5463,0.7347,0.1633,5.3056,5.0,1.371,1.7361,0.0
74,1,3.0,2.84,0.0,0.0,0.0,0.0,0.0,0.0,0.0,0.0,0.0,0.0,0.0,0.389,8.6197,6.0951,0.8476,0.0246,156.8767,46.3346,0.6283,0.1466,4.9043,9.0,1.2244,1.833,1.0
75,1,5.0,4.56,0.0,0.0,0.0,0.0,0.0,0.0,0.0,0.0,0.0,0.0,0.0,0.4595,10.5887,7.4873,0.8761,0.0197,92.4951,92.9159,0.627,0.1926,4.5913,9.0,1.6577,1.6949,0.0
0,2,5.0,4.28,-4.3536,77.7567,0.0384,0.3152,0.7192,1706.2889,5.8364,1.8368,-4.3536,-4.5474,0.1055,0.6203,11.5214,8.1468,0.9183,0.014,47.385,235.1777,0.6589,0.1916,5.2754,6.0,1.4591,1.7391,0.0
1,2,5.0,4.56,0.0,0.0,0.0,0.0,0.0,0.0,0.0,0.0,0.0,0.0,0.0,0.4755,9.3532,6.6137,0.8752,0.0209,94.9462,95.6491,0.6087,0.1957,4.6047,9.0,0.5033,2.3256,0.0
2,2,4.0,4.08,0.0,0.0,0.0,0.0,0.0,0.0,0.0,0.0,0.0,0.0,0.0,0.4,13.6235,9.6333,0.8701,0.0184,54.9941,132.8164,0.5884,0.1767,4.9509,37.0,1.5943,3.1897,0.0
3,2,5.0,4.92,0.0,0.0,0.0,0.0,0.0,0.0,0.0,0.0,0.0,0.0,0.0,0.3248,11.2832,7.9784,0.8415,0.0223,57.6999,122.6135,0.4847,0.1862,5.0423,20.0,1.1918,1.657,0.0
4,2,5.0,4.64,0.0,0.0,0.0,0.0,0.0,0.0,0.0,0.0,0.0,0.0,0.0,0.5066,9.8877,6.9917,0.8856,0.0193,101.6802,70.9541,0.6632,0.1554,4.7822,7.0,0.5917,1.8373,0.0
5,2,4.0,4.01,0.0,0.0,0.0,0.0,0.0,0.0,0.0,0.0,0.0,0.0,0.0,0.4928,10.0261,7.0895,0.8825,0.0195,104.2031,107.7801,0.6765,0.152,5.0604,19.0,1.087,4.5894,0.0
6,2,4.0,4.19,0.0,0.0,0.0,0.0,0.0,0.0,0.0,0.0,0.0,0.0,0.0,0.5077,10.8525,7.6739,0.8893,0.0181,88.9638,100.1965,0.681,0.1552,5.0044,7.0,1.1488,1.5317,0.0
7,2,4.0,4.12,0.0,0.0,0.0,0.0,0.0,0.0,0.0,0.0,0.0,0.0,0.0,0.5228,11.2245,7.9369,0.8943,0.0172,85.8268,119.8478,0.7095,0.1577,5.1128,18.0,1.2332,3.9046,0.0
8,2,3.0,3.75,0.0,0.0,0.0,0.0,0.0,0.0,0.0,0.0,0.0,0.0,0.0,0.5073,11.103,7.851,0.89,0.0178,59.9718,82.9638,0.6132,0.1852,4.8831,6.0,1.2516,1.2526,0.0
9,2,4.0,4.14,0.0,0.0,0.0,0.0,0.0,0.0,0.0,0.0,0.0,0.0,0.0,0.3993,9.7489,6.8935,0.8563,0.0225,78.9942,112.7419,0.5546,0.1681,5.2047,23.0,1.0862,3.8591,0.0
10,2,3.0,3.47,0.0,0.0,0.0,0.0,0.0,0.0,0.0,0.0,0.0,0.0,0.0,0.4522,9.6981,6.8576,0.8705,0.0211,90.0756,110.7403,0.5962,0.1779,4.8696,9.0,-0.0,1.9565,0.0
11,2,4.0,4.02,0.0,0.0,0.0,0.0,0.0,0.0,0.0,0.0,0.0,0.0,0.0,0.4419,9.7019,6.8603,0.8678,0.0214,117.3361,53.5222,0.6385,0.1643,4.7386,6.0,0.65,1.2448,0.0
12,2,5.0,4.67,0.0,0.0,0.0,0.0,0.0,0.0,0.0,0.0,0.0,0.0,0.0,0.5262,9.4854,6.7072,0.889,0.0192,85.5858,107.1444,0.6257,0.1754,4.8092,6.0,0.9183,1.8462,0.0
13,2,2.0,3.52,0.0,0.0,0.0,0.0,0.0,0.0,0.0,0.0,0.0,0.0,0.0,0.3874,14.5569,10.2933,0.8692,0.018,49.7255,203.4336,0.5448,0.1883,5.1813,36.0,1.5129,2.5496,0.0
14,2,5.0,4.46,0.0,0.0,0.0,0.0,0.0,0.0,0.0,0.0,0.0,0.0,0.0,0.3938,8.9185,6.3063,0.8506,0.0239,145.0779,61.7097,0.6188,0.1931,4.6199,4.0,-0.0,0.7797,0.0
15,2,4.0,3.96,-3.2134,24.8627,0.0069,0.2887,0.7737,1114.0785,3.6724,4.1532,-3.2134,-3.706,0.1186,0.4731,7.9026,5.588,0.8671,0.0236,152.8757,52.3635,0.6439,0.1742,4.319,3.0,-0.0,1.0753,0.0
16,2,2.0,4.42,0.0,0.0,0.0,0.0,0.0,0.0,0.0,0.0,0.0,0.0,0.0,0.3728,10.5046,7.4279,0.8522,0.0221,75.5033,110.7829,0.5405,0.1993,5.1725,34.0,1.1965,4.2821,0.0
17,2,2.0,2.74,-3.114,22.5105,0.0,0.3613,0.7068,1040.6387,4.55,3.4059,-3.114,-3.5681,0.1333,0.685,7.72,5.4589,0.9219,0.0161,124.0002,65.3909,0.7126,0.2184,5.1181,2.0,-0.0,1.5748,0.0
18,2,4.0,3.76,-2.3371,10.3508,0.0243,0.3465,0.7104,1889.1819,2.4967,2.9294,-2.8891,-3.3132,0.1448,0.2297,7.2046,5.0944,0.7865,0.031,218.3307,50.0522,0.4159,0.2478,4.0183,10.0,0.469,1.0163,0.0
19,2,5.0,4.84,0.0,0.0,0.0,0.0,0.0,0.0,0.0,0.0,0.0,0.0,0.0,0.3151,9.8992,6.9998,0.8325,0.0243,83.1273,86.9878,0.4662,0.2476,4.8207,10.0,1.3568,1.0132,0.0
20,2,5.0,4.65,0.0,0.0,0.0,0.0,0.0,0.0,0.0,0.0,0.0,0.0,0.0,0.4725,10.8466,7.6697,0.8804,0.0191,71.7966,118.2033,0.6546,0.1285,5.2676,11.0,-0.0,2.0873,0.0
21,2,4.0,3.86,-5.284,197.1606,0.1,0.4,1.0,205.0,7.8995,0.8609,-5.284,-6.7359,1.6866,0.9,2.846,2.0125,0.9542,0.0199,200.0,28.0,0.8889,0.1111,4.4,2.0,1.0,20.0,1.0
22,2,4.0,3.88,0.0,0.0,0.0,0.0,0.0,0.0,0.0,0.0,0.0,0.0,0.0,0.5664,11.3142,8.0003,0.9051,0.0158,57.7886,162.4553,0.6327,0.2168,5.4561,2.0,1.0,0.5013,0.0
23,2,4.0,3.9,-2.9219,18.5764,0.0143,0.2554,0.6874,1119.0191,3.9595,4.259,-2.9219,-3.4513,0.1243,0.5814,9.3386,6.6034,0.9023,0.0176,130.4008,91.0846,0.7867,0.0933,5.2209,3.0,0.9183,1.1628,0.0
24,2,4.0,4.05,0.0,0.0,0.0,0.0,0.0,0.0,0.0,0.0,0.0,0.0,0.0,0.5705,9.8478,6.9635,0.9015,0.0173,78.3748,86.3373,0.6471,0.1765,4.9832,3.0,-0.0,1.0067,0.0
25,2,4.0,4.27,0.0,0.0,0.0,0.0,0.0,0.0,0.0,0.0,0.0,0.0,0.0,0.387,9.4964,6.7149,0.8517,0.0232,162.7465,60.4332,0.5794,0.2017,4.5,6.0,0.65,0.9967,0.0
26,2,4.0,3.96,0.0,0.0,0.0,0.0,0.0,0.0,0.0,0.0,0.0,0.0,0.0,0.5184,10.1059,7.1459,0.8894,0.0186,113.5734,53.3796,0.6954,0.1523,4.6421,7.0,1.1488,1.8421,0.0
27,2,4.0,4.01,0.0,0.0,0.0,0.0,0.0,0.0,0.0,0.0,0.0,0.0,0.0,0.4297,9.6564,6.8281,0.8643,0.0218,117.3218,47.5596,0.6359,0.1567,4.5307,6.0,0.65,1.1881,0.0
28,2,3.0,3.56,0.0,0.0,0.0,0.0,0.0,0.0,0.0,0.0,0.0,0.0,0.0,0.4513,9.9193,7.014,0.8713,0.0208,94.7323,96.7471,0.5963,0.1789,4.9172,4.0,1.0,0.8282,0.0
29,2,4.0,3.94,-3.6093,36.9392,0.0119,0.25,0.7232,1168.9643,4.878,1.6792,-3.6093,-3.9081,0.178,0.7642,11.1262,7.8674,0.9498,0.0094,38.7148,251.6864,0.8148,0.1235,5.2264,7.0,1.1488,3.3019,0.0
30,2,4.0,3.88,-3.9046,49.628,0.0146,0.2485,0.7105,1210.4211,5.1558,6.6129,-3.9046,-4.2521,0.0526,0.7589,11.3586,8.0317,0.949,0.0094,33.4821,260.1719,0.8059,0.1176,5.3661,5.0,0.7219,2.2321,0.0
31,2,4.0,4.09,0.0,0.0,0.0,0.0,0.0,0.0,0.0,0.0,0.0,0.0,0.0,0.5373,11.7971,8.3418,0.8995,0.0163,52.599,137.0363,0.6448,0.1969,5.1515,7.0,1.3788,1.4523,0.0
32,2,4.0,3.85,0.0,0.0,0.0,0.0,0.0,0.0,0.0,0.0,0.0,0.0,0.0,0.3316,7.9792,5.6422,0.8265,0.0273,123.016,88.2087,0.5521,0.1302,5.0535,18.0,0.6144,3.1088,0.0
33,2,5.0,4.7,0.0,0.0,0.0,0.0,0.0,0.0,0.0,0.0,0.0,0.0,0.0,0.4338,14.5493,10.2879,0.8811,0.0169,49.3195,146.7388,0.6107,0.1865,5.3884,29.0,1.5923,2.5778,0.0
34,2,5.0,4.7,0.0,0.0,0.0,0.0,0.0,0.0,0.0,0.0,0.0,0.0,0.0,0.5179,11.2873,7.9813,0.8932,0.0173,59.9224,154.9298,0.6423,0.187,5.4842,16.0,1.7806,3.3684,0.0
35,2,2.0,2.7,0.0,0.0,0.0,0.0,0.0,0.0,0.0,0.0,0.0,0.0,0.0,0.4585,9.0091,6.3704,0.8691,0.022,84.9687,107.8122,0.5367,0.226,5.0855,3.0,0.9183,0.7772,0.0
36,2,4.0,4.09,0.0,0.0,0.0,0.0,0.0,0.0,0.0,0.0,0.0,0.0,0.0,0.5446,12.8886,9.1136,0.904,0.0152,50.5102,171.3646,0.6295,0.2164,5.3732,7.0,1.1488,1.25,0.0
37,2,5.0,4.67,0.0,0.0,0.0,0.0,0.0,0.0,0.0,0.0,0.0,0.0,0.0,0.4545,10.2247,7.23,0.8734,0.0203,70.4588,86.7114,0.6087,0.1522,4.751,9.0,0.5033,1.7787,0.0
38,2,4.0,4.15,0.0,0.0,0.0,0.0,0.0,0.0,0.0,0.0,0.0,0.0,0.0,0.4111,9.5534,6.7552,0.8587,0.0225,84.5679,101.4435,0.5721,0.1892,5.1759,15.0,1.0389,2.7778,0.0
39,2,2.0,2.74,-2.5573,12.9006,0.0094,0.362,0.7429,1251.022,2.9336,6.4165,-2.9857,-3.5267,0.0843,0.2853,7.3234,5.1785,0.8068,0.0298,265.0818,36.533,0.4787,0.2394,3.9378,7.0,1.1488,1.0622,0.0
40,2,2.0,3.1,0.0,0.0,0.0,0.0,0.0,0.0,0.0,0.0,0.0,0.0,0.0,0.6156,10.7868,7.6274,0.9153,0.0148,60.6903,144.4265,0.709,0.1587,5.3648,6.0,1.4591,1.9544,0.0
41,2,5.0,4.51,-3.0343,20.7865,0.0496,0.3772,0.7414,1497.6767,3.3989,5.1758,-3.0343,-3.4712,0.0844,0.4281,7.5741,5.3557,0.8524,0.0257,208.025,42.5223,0.6045,0.2015,4.1981,4.0,-0.0,1.278,0.0
42,2,4.0,3.53,0.0,0.0,0.0,0.0,0.0,0.0,0.0,0.0,0.0,0.0,0.0,0.4515,8.9399,6.3214,0.8668,0.0223,109.4596,92.4972,0.565,0.2034,5.199,4.0,0.8113,1.0204,0.0
43,2,5.0,4.25,-3.6767,39.5171,0.0201,0.3763,0.6781,1638.841,4.3727,3.2986,-3.6767,-3.9006,0.0679,0.564,9.5882,6.7799,0.8989,0.0178,85.4875,99.4883,0.6871,0.1534,5.0242,2.0,-0.0,0.692,0.0
44,2,4.0,4.2,0.0,0.0,0.0,0.0,0.0,0.0,0.0,0.0,0.0,0.0,0.0,0.5093,9.8885,6.9922,0.8863,0.0192,73.4544,122.3229,0.5833,0.2135,4.9788,6.0,0.9183,1.5915,0.0
45,2,2.0,3.23,0.0,0.0,0.0,0.0,0.0,0.0,0.0,0.0,0.0,0.0,0.0,0.4665,9.8743,6.9822,0.8751,0.0205,83.1075,130.0835,0.5837,0.1722,5.0938,7.0,0.5917,1.5625,0.0
46,2,5.0,4.75,0.0,0.0,0.0,0.0,0.0,0.0,0.0,0.0,0.0,0.0,0.0,0.4609,9.8846,6.9894,0.8737,0.0206,81.4745,86.7306,0.5849,0.2123,4.6957,12.0,0.8167,2.6087,0.0
47,2,5.0,4.8,0.0,0.0,0.0,0.0,0.0,0.0,0.0,0.0,0.0,0.0,0.0,0.3519,9.9973,7.0691,0.844,0.0233,114.027,58.8023,0.5739,0.1972,4.6766,17.0,0.952,2.1066,0.0
48,2,4.0,3.99,0.0,0.0,0.0,0.0,0.0,0.0,0.0,0.0,0.0,0.0,0.0,0.4519,11.289,7.9826,0.8766,0.0192,95.9998,119.0793,0.6454,0.156,5.2051,33.0,0.1959,5.2885,0.0
49,2,5.0,4.49,0.0,0.0,0.0,0.0,0.0,0.0,0.0,0.0,0.0,0.0,0.0,0.7011,13.0798,9.2488,0.9393,0.0104,31.5431,181.6961,0.7787,0.1107,5.6121,5.0,0.7219,1.4368,0.0
50,2,5.0,4.82,0.0,0.0,0.0,0.0,0.0,0.0,0.0,0.0,0.0,0.0,0.0,0.5109,10.3826,7.3416,0.8885,0.0185,68.4767,102.7417,0.6019,0.2085,5.2639,11.0,1.5726,2.6634,0.0
51,2,5.0,4.64,0.0,0.0,0.0,0.0,0.0,0.0,0.0,0.0,0.0,0.0,0.0,0.4715,9.4646,6.6925,0.8747,0.0209,111.0776,82.3855,0.5895,0.2263,4.995,4.0,1.0,0.9926,0.0
52,2,4.0,3.89,-4.1911,66.0928,0.0362,0.3134,0.7612,1117.0576,5.388,1.2059,-4.1911,-4.3374,0.1213,0.6,11.0635,7.823,0.9124,0.015,47.0588,184.4953,0.6569,0.1814,5.3559,5.0,0.7219,1.4706,0.0
53,2,5.0,4.97,0.0,0.0,0.0,0.0,0.0,0.0,0.0,0.0,0.0,0.0,0.0,0.5279,10.9469,7.7406,0.8946,0.0174,76.9064,105.9383,0.6476,0.1806,4.9,6.0,1.4591,1.3953,0.0
54,2,4.0,4.01,0.0,0.0,0.0,0.0,0.0,0.0,0.0,0.0,0.0,0.0,0.0,0.2994,8.5469,6.0436,0.8201,0.0268,155.8508,47.435,0.5615,0.1516,4.5939,17.0,0.8343,2.0859,0.0
55,2,5.0,4.74,0.0,0.0,0.0,0.0,0.0,0.0,0.0,0.0,0.0,0.0,0.0,0.3908,12.4871,8.8297,0.8644,0.0196,41.4028,180.665,0.4261,0.2707,5.5798,12.0,1.1887,1.1753,0.0
56,2,4.0,4.26,0.0,0.0,0.0,0.0,0.0,0.0,0.0,0.0,0.0,0.0,0.0,0.4503,9.3711,6.6264,0.8686,0.0216,104.4328,105.9975,0.5692,0.2256,5.0785,4.0,0.8113,0.9238,0.0
57,2,5.0,4.52,0.0,0.0,0.0,0.0,0.0,0.0,0.0,0.0,0.0,0.0,0.0,0.6246,11.8024,8.3456,0.9199,0.0136,55.2378,186.7826,0.6951,0.1973,5.3473,7.0,0.5917,1.9608,0.0
58,2,2.0,2.0,0.0,0.0,0.0,0.0,0.0,0.0,0.0,0.0,0.0,0.0,0.0,0.4286,8.2549,5.8371,0.8568,0.0242,147.6304,52.49,0.6352,0.1384,4.6119,5.0,1.5219,1.3477,0.0
59,2,4.0,3.69,-3.7255,41.4914,0.0385,0.3462,0.9231,333.0,5.6179,2.1639,-3.7255,-5.0073,0.5924,0.9167,4.4907,3.1754,0.9726,0.0086,104.1667,80.64,0.9545,0.0,4.4583,0.0,0.0,0.0,0.0
60,2,4.0,4.06,-3.0597,21.3211,0.0209,0.351,0.7211,1327.7002,3.6677,3.1877,-3.0313,-3.4873,0.1431,0.4,7.642,5.4037,0.8447,0.0263,217.0764,39.7054,0.637,0.1644,4.1945,4.0,0.8113,1.0959,0.0
61,2,5.0,4.88,0.0,0.0,0.0,0.0,0.0,0.0,0.0,0.0,0.0,0.0,0.0,0.3099,10.4595,7.396,0.8336,0.0237,75.9565,119.0091,0.4533,0.2323,5.0623,14.0,1.2871,1.2291,0.0
62,2,4.0,4.21,0.0,0.0,0.0,0.0,0.0,0.0,0.0,0.0,0.0,0.0,0.0,0.5049,10.174,7.1941,0.8862,0.0189,76.8036,109.1194,0.639,0.1561,4.968,11.0,0.8659,2.7094,0.0
63,2,5.0,4.66,0.0,0.0,0.0,0.0,0.0,0.0,0.0,0.0,0.0,0.0,0.0,0.3887,9.3933,6.6421,0.8517,0.0233,81.6288,80.9277,0.489,0.2159,4.9401,16.0,0.6686,2.7397,0.0
64,2,5.0,4.67,0.0,0.0,0.0,0.0,0.0,0.0,0.0,0.0,0.0,0.0,0.0,0.454,10.2631,7.2571,0.8734,0.0203,88.9243,111.893,0.5991,0.1897,4.9491,8.0,1.0613,1.5656,0.0
65,2,3.0,3.35,-3.8908,48.95,0.0346,0.2743,0.6868,1476.5961,4.8855,2.1588,-3.8908,-4.1836,0.1356,0.57,9.7562,6.8987,0.901,0.0174,88.9935,117.6568,0.6886,0.1737,5.0375,4.0,1.5,1.3652,0.0
66,2,4.0,3.84,0.0,0.0,0.0,0.0,0.0,0.0,0.0,0.0,0.0,0.0,0.0,0.4605,9.5484,6.7517,0.8721,0.0211,109.6809,97.496,0.6364,0.1515,4.493,9.0,1.6577,2.093,0.0
67,2,4.0,4.09,0.0,0.0,0.0,0.0,0.0,0.0,0.0,0.0,0.0,0.0,0.0,0.5498,11.2936,7.9858,0.901,0.0164,57.2763,170.8534,0.6724,0.1552,5.4431,10.0,1.1568,2.3697,0.0
68,2,4.0,4.12,0.0,0.0,0.0,0.0,0.0,0.0,0.0,0.0,0.0,0.0,0.0,0.6705,13.9684,9.8772,0.9342,0.0108,29.5186,292.7653,0.732,0.1684,5.3618,6.0,1.4591,1.3825,0.0
69,2,4.0,3.22,0.0,0.0,0.0,0.0,0.0,0.0,0.0,0.0,0.0,0.0,0.0,0.3691,8.8037,6.2251,0.8429,0.0248,116.691,76.6661,0.581,0.1333,5.1336,14.0,1.4838,2.4605,0.0
70,2,3.0,3.32,-3.7735,43.5341,0.0279,0.3155,0.6867,1592.3627,4.72,2.8144,-3.7735,-4.0203,0.0877,0.6014,10.0817,7.1288,0.9098,0.016,49.1382,159.0642,0.6331,0.1893,5.4733,3.0,0.9183,1.0676,0.0
71,2,5.0,4.67,0.0,0.0,0.0,0.0,0.0,0.0,0.0,0.0,0.0,0.0,0.0,0.5066,9.8877,6.9917,0.8856,0.0193,89.418,106.0077,0.658,0.1554,4.832,6.0,1.2516,1.5748,0.0
72,2,5.0,4.55,0.0,0.0,0.0,0.0,0.0,0.0,0.0,0.0,0.0,0.0,0.0,0.6521,12.4575,8.8088,0.9275,0.0123,37.9809,214.1447,0.7269,0.1555,5.3699,9.0,1.3516,2.4658,0.0
73,2,3.0,3.57,0.0,0.0,0.0,0.0,0.0,0.0,0.0,0.0,0.0,0.0,0.0,0.4382,9.2439,6.5364,0.8647,0.0222,96.9575,88.1656,0.5692,0.2103,5.1978,4.0,0.8113,0.8989,0.0
74,2,4.0,4.01,-2.7338,15.3907,0.037,0.2492,0.7395,1255.3778,3.7679,5.6357,-2.7856,-3.223,0.0776,0.3942,8.3531,5.9066,0.8476,0.025,144.6421,67.4373,0.5819,0.2034,4.784,11.0,0.4395,2.4499,0.0
75,2,4.0,3.37,-9.4725,12996.7183,0.0,0.6667,1.0,92.5,7.7012,-0.1946,-9.4725,-9.2088,1.3548,1.0,2.4495,1.7321,1.0,0.0,0.0,0.0,1.0,0.0,5.5,0.0,0.0,0.0,0.0
0,3,5.0,4.52,0.0,0.0,0.0,0.0,0.0,0.0,0.0,0.0,0.0,0.0,0.0,0.4668,9.418,6.6595,0.8732,0.0211,84.6368,112.0558,0.6158,0.1737,5.1867,10.0,1.1568,2.457,0.0
1,3,4.0,3.81,0.0,0.0,0.0,0.0,0.0,0.0,0.0,0.0,0.0,0.0,0.0,0.3265,6.8571,4.8487,0.8162,0.0302,142.2247,50.4208,0.5139,0.1667,4.737,7.0,0.5917,1.5873,0.0
2,3,4.0,4.04,0.0,0.0,0.0,0.0,0.0,0.0,0.0,0.0,0.0,0.0,0.0,0.4442,9.8633,6.9744,0.8691,0.0211,77.0215,131.5455,0.5662,0.1918,5.0446,9.0,-0.0,1.8256,0.0
3,3,5.0,4.92,0.0,0.0,0.0,0.0,0.0,0.0,0.0,0.0,0.0,0.0,0.0,0.4788,12.5123,8.8475,0.8871,0.0173,54.3207,116.3879,0.5933,0.1988,5.3367,17.0,1.1401,2.489,0.0
4,3,5.0,3.88,0.0,0.0,0.0,0.0,0.0,0.0,0.0,0.0,0.0,0.0,0.0,0.4487,9.4023,6.6484,0.8683,0.0216,100.975,101.7322,0.5838,0.1777,5.2027,5.0,-0.0,1.139,0.0
5,3,2.0,2.79,0.0,0.0,0.0,0.0,0.0,0.0,0.0,0.0,0.0,0.0,0.0,0.4005,7.9297,5.6071,0.8468,0.0257,159.5689,63.5625,0.6561,0.1274,4.6862,8.0,0.5436,2.0408,0.0
6,3,4.0,4.17,0.0,0.0,0.0,0.0,0.0,0.0,0.0,0.0,0.0,0.0,0.0,0.4951,10.0255,7.0891,0.8832,0.0194,102.558,113.4553,0.6355,0.1724,4.9195,7.0,0.5917,1.7073,0.0
7,3,4.0,3.97,-3.5583,35.1024,0.0143,0.2494,0.7791,1036.1663,4.8729,3.4807,-3.5583,-3.9134,0.102,0.6006,10.7944,7.6328,0.9118,0.0153,76.6805,108.8763,0.7113,0.1701,4.808,17.0,1.1401,5.2632,0.0
8,3,2.0,2.2,-3.2791,26.5511,0.0379,0.3214,0.7525,1303.7086,4.212,4.6419,-3.2791,-3.6895,0.0884,0.4911,9.0292,6.3846,0.8779,0.021,136.7249,61.1496,0.6506,0.1566,4.7781,10.0,1.8464,2.9586,0.0
9,3,3.0,3.6,0.0,0.0,0.0,0.0,0.0,0.0,0.0,0.0,0.0,0.0,0.0,0.5944,11.2788,7.9753,0.9116,0.015,58.7963,177.1782,0.6589,0.215,5.1611,4.0,0.8113,1.1111,0.0
10,3,2.0,4.29,0.0,0.0,0.0,0.0,0.0,0.0,0.0,0.0,0.0,0.0,0.0,0.3578,9.3432,6.6067,0.8425,0.0241,119.796,86.7269,0.5451,0.2008,4.9531,34.0,0.3228,4.9853,0.0
11,3,4.0,4.02,0.0,0.0,0.0,0.0,0.0,0.0,0.0,0.0,0.0,0.0,0.0,0.4419,9.7019,6.8603,0.8678,0.0214,117.3361,53.5222,0.6385,0.1643,4.7386,6.0,0.65,1.2448,0.0
12,3,5.0,4.52,0.0,0.0,0.0,0.0,0.0,0.0,0.0,0.0,0.0,0.0,0.0,0.4408,9.4127,6.6558,0.8662,0.0219,146.8721,50.9411,0.6119,0.194,4.4123,8.0,0.9544,1.7544,0.0
13,3,4.0,3.74,-4.1136,61.165,0.0714,0.2143,0.9286,408.2143,6.238,3.0096,-4.1136,-5.4063,0.4295,1.0,3.6056,2.5495,1.0,0.0,0.0,0.0,1.0,0.0,3.7692,1.0,-0.0,7.6923,0.0
14,3,5.0,3.89,0.0,0.0,0.0,0.0,0.0,0.0,0.0,0.0,0.0,0.0,0.0,0.6076,11.2685,7.9681,0.9147,0.0146,55.7734,194.7096,0.6746,0.1866,5.561,4.0,0.8113,1.1628,0.0
15,3,4.0,4.02,0.0,0.0,0.0,0.0,0.0,0.0,0.0,0.0,0.0,0.0,0.0,0.5158,9.6352,6.8131,0.8869,0.0193,109.8513,86.8857,0.6778,0.1556,4.6619,8.0,1.0,2.2923,0.0
16,3,5.0,4.54,0.0,0.0,0.0,0.0,0.0,0.0,0.0,0.0,0.0,0.0,0.0,0.4459,11.0934,7.8442,0.8743,0.0195,78.4527,81.5173,0.5942,0.2065,4.6284,16.0,1.0141,2.5848,0.0
17,3,4.0,3.91,-3.2751,26.4465,0.0127,0.3376,0.7468,1275.7574,4.3414,3.3572,-3.2751,-3.7126,0.1303,0.4773,8.6845,6.1408,0.8725,0.022,129.0605,60.3956,0.6266,0.2025,4.7674,10.0,1.0,3.0211,0.0
18,3,3.0,3.28,0.0,0.0,0.0,0.0,0.0,0.0,0.0,0.0,0.0,0.0,0.0,0.3629,9.1163,6.4462,0.8428,0.0244,86.0958,75.8112,0.4803,0.2445,4.7686,16.0,1.3245,2.5357,0.0
19,3,5.0,4.43,0.0,0.0,0.0,0.0,0.0,0.0,0.0,0.0,0.0,0.0,0.0,0.6168,11.0513,7.8144,0.9163,0.0145,60.1702,177.6157,0.7273,0.1414,5.0623,5.0,0.971,1.5576,0.0
20,3,5.0,4.54,0.0,0.0,0.0,0.0,0.0,0.0,0.0,0.0,0.0,0.0,0.0,0.5685,11.9934,8.4806,0.9074,0.0152,67.4662,171.1558,0.6996,0.1423,5.0247,24.0,1.0434,5.3933,0.0
21,3,4.0,3.86,-5.284,197.1606,0.1,0.4,1.0,205.0,7.8995,0.6969,-5.284,-6.5221,1.7765,0.9,2.846,2.0125,0.9542,0.0199,200.0,28.0,0.8889,0.1111,4.4,2.0,1.0,20.0,1.0
22,3,4.0,3.88,0.0,0.0,0.0,0.0,0.0,0.0,0.0,0.0,0.0,0.0,0.0,0.5778,11.6276,8.2219,0.9086,0.0152,57.1864,160.5943,0.6667,0.1923,5.4691,2.0,-0.0,0.4938,0.0
23,3,4.0,3.95,-2.9219,18.5764,0.0143,0.2554,0.6874,1119.0191,3.9595,3.4036,-2.9219,-3.4242,0.1476,0.5814,9.3386,6.6034,0.9023,0.0176,130.4008,91.0846,0.7867,0.0933,5.2209,3.0,0.9183,1.1628,0.0
24,3,4.0,3.58,0.0,0.0,0.0,0.0,0.0,0.0,0.0,0.0,0.0,0.0,0.0,0.4419,8.7941,6.2184,0.8635,0.0228,82.5171,113.9247,0.5486,0.1829,5.1086,3.0,-0.0,0.7576,0.0
25,3,4.0,4.25,0.0,0.0,0.0,0.0,0.0,0.0,0.0,0.0,0.0,0.0,0.0,0.343,9.4612,6.6901,0.8387,0.0243,99.91,68.7432,0.4751,0.2375,4.5046,15.0,1.4256,1.9711,0.0
26,3,5.0,4.45,-3.8003,44.7167,0.0205,0.252,0.6885,1578.1434,5.1636,2.8673,-3.8003,-4.0441,0.085,0.6646,12.037,8.5115,0.9295,0.0122,45.3599,209.3477,0.7569,0.1239,5.3354,11.0,0.4395,3.3537,0.0
27,3,4.0,4.01,0.0,0.0,0.0,0.0,0.0,0.0,0.0,0.0,0.0,0.0,0.0,0.4297,9.6564,6.8281,0.8643,0.0218,117.3218,47.5596,0.6359,0.1567,4.5307,6.0,0.65,1.1881,0.0
28,3,3.0,3.39,0.0,0.0,0.0,0.0,0.0,0.0,0.0,0.0,0.0,0.0,0.0,0.4165,9.1723,6.4858,0.8584,0.0229,107.0464,77.7916,0.6188,0.1584,5.1485,11.0,0.684,2.268,0.0
29,3,4.0,4.01,0.0,0.0,0.0,0.0,0.0,0.0,0.0,0.0,0.0,0.0,0.0,0.4624,9.5447,6.7491,0.8726,0.021,100.399,85.6096,0.6396,0.1624,4.7981,11.0,1.4354,2.5822,0.0
30,3,4.0,4.03,-4.057,57.8001,0.0177,0.2693,0.7351,1298.6821,5.3337,2.7391,-4.057,-4.2833,0.0826,0.7329,12.5234,8.8554,0.9453,0.0096,29.0861,306.0759,0.7664,0.1636,5.3219,12.0,1.614,4.1096,0.0
31,3,4.0,3.88,-3.8495,46.9699,0.0284,0.3144,0.6785,1458.6288,4.9102,1.3708,-3.8495,-4.0315,0.1328,0.6496,10.353,7.3207,0.9221,0.0141,76.5702,157.1526,0.7152,0.1818,5.1575,6.0,-0.0,2.3622,0.0
32,3,4.0,3.99,0.0,0.0,0.0,0.0,0.0,0.0,0.0,0.0,0.0,0.0,0.0,0.3846,7.9663,5.633,0.8424,0.026,191.2617,42.942,0.6,0.1818,4.3753,1.0,-0.0,0.2331,0.0
33,3,5.0,4.49,0.0,0.0,0.0,0.0,0.0,0.0,0.0,0.0,0.0,0.0,0.0,0.4469,13.3705,9.4544,0.8815,0.0174,57.9508,88.1065,0.6425,0.1525,5.2201,28.0,0.8503,3.1285,0.0
34,3,4.0,4.05,0.0,0.0,0.0,0.0,0.0,0.0,0.0,0.0,0.0,0.0,0.0,0.5083,9.6708,6.8383,0.8851,0.0195,104.0872,104.3157,0.6739,0.1467,4.9171,7.0,1.3788,1.9337,0.0
35,3,1.0,2.59,0.0,0.0,0.0,0.0,0.0,0.0,0.0,0.0,0.0,0.0,0.0,0.4959,9.5266,6.7363,0.8814,0.0201,127.9368,61.4977,0.6557,0.1749,4.6369,9.0,1.3516,2.439,0.0
36,3,4.0,4.1,0.0,0.0,0.0,0.0,0.0,0.0,0.0,0.0,0.0,0.0,0.0,0.4342,9.7957,6.9266,0.8661,0.0215,101.5899,79.6639,0.6063,0.1629,4.6582,9.0,1.6577,1.7682,0.0
37,3,5.0,4.31,0.0,0.0,0.0,0.0,0.0,0.0,0.0,0.0,0.0,0.0,0.0,0.3669,9.4619,6.6906,0.8457,0.0237,90.4517,67.5513,0.5615,0.1639,4.7353,21.0,0.7229,3.1579,0.0
38,3,4.0,3.67,0.0,0.0,0.0,0.0,0.0,0.0,0.0,0.0,0.0,0.0,0.0,0.277,5.5943,3.9558,0.7864,0.0355,213.019,32.042,0.4336,0.1947,4.152,3.0,-0.0,0.7353,0.0
39,3,2.0,2.99,0.0,0.0,0.0,0.0,0.0,0.0,0.0,0.0,0.0,0.0,0.0,0.4,8.7178,6.1644,0.8513,0.0241,106.1939,68.2197,0.5421,0.1579,4.7916,4.0,0.8113,0.8421,0.0
40,3,2.0,2.97,0.0,0.0,0.0,0.0,0.0,0.0,0.0,0.0,0.0,0.0,0.0,0.5744,10.529,7.4451,0.9047,0.0164,62.1811,135.1778,0.6736,0.1606,5.0298,7.0,1.1488,2.0833,0.0
41,3,4.0,4.0,-3.6029,36.7053,0.0172,0.3112,0.7167,1576.2253,4.6553,4.5401,-3.6029,-3.9949,0.0863,0.4986,9.2871,6.567,0.881,0.0203,100.4908,77.2872,0.6243,0.1965,4.7579,7.0,1.3788,2.0173,0.0
42,3,5.0,4.56,0.0,0.0,0.0,0.0,0.0,0.0,0.0,0.0,0.0,0.0,0.0,0.4326,8.8978,6.2917,0.8614,0.0229,116.1355,68.621,0.6066,0.1749,4.6265,6.0,0.65,1.4184,0.0
43,3,5.0,4.62,0.0,0.0,0.0,0.0,0.0,0.0,0.0,0.0,0.0,0.0,0.0,0.4741,9.7614,6.9024,0.8766,0.0204,110.0258,84.3661,0.6567,0.1443,4.9434,4.0,0.8113,0.9434,0.0
44,3,4.0,3.67,0.0,0.0,0.0,0.0,0.0,0.0,0.0,0.0,0.0,0.0,0.0,0.4738,9.0277,6.3835,0.8733,0.0215,131.2904,54.9399,0.6686,0.1337,4.3499,8.0,0.9544,2.2039,0.0
45,3,4.0,4.03,0.0,0.0,0.0,0.0,0.0,0.0,0.0,0.0,0.0,0.0,0.0,0.3428,8.3831,5.9277,0.8326,0.0262,220.5792,45.3356,0.5707,0.1756,4.4047,12.0,0.8167,2.0067,0.0
46,3,5.0,4.66,0.0,0.0,0.0,0.0,0.0,0.0,0.0,0.0,0.0,0.0,0.0,0.4631,10.6522,7.5322,0.8773,0.0196,65.966,141.7436,0.6204,0.1184,5.1096,20.0,0.7476,3.7807,0.0
47,3,4.0,4.13,0.0,0.0,0.0,0.0,0.0,0.0,0.0,0.0,0.0,0.0,0.0,0.3609,9.8889,6.9925,0.8461,0.0232,88.5459,96.5958,0.5498,0.2103,5.008,24.0,0.6584,3.1957,0.0
48,3,4.0,3.9,-4.11,60.9439,0.0262,0.3246,0.733,1273.2827,5.0898,0.9522,-4.11,-4.243,0.1397,0.7227,11.5625,8.1759,0.9414,0.0106,32.6538,258.4518,0.7351,0.1838,5.0664,3.0,-0.0,1.1719,0.0
49,3,5.0,4.7,0.0,0.0,0.0,0.0,0.0,0.0,0.0,0.0,0.0,0.0,0.0,0.5186,10.0564,7.1109,0.8893,0.0187,69.3187,107.7934,0.6359,0.1744,4.9468,7.0,1.3788,1.8617,0.0
50,3,4.0,3.87,-2.0294,7.6092,0.0246,0.2897,0.7616,1181.4345,2.3329,9.7771,-2.3983,-3.0152,0.0631,0.2711,7.1015,5.0215,0.8002,0.0306,229.4112,43.8639,0.5591,0.1882,4.4009,9.0,0.5033,1.312,0.0
51,3,5.0,4.45,0.0,0.0,0.0,0.0,0.0,0.0,0.0,0.0,0.0,0.0,0.0,0.3623,7.9628,5.6305,0.8357,0.0266,157.7443,48.217,0.5714,0.16,4.2091,8.0,0.8113,1.6563,0.0
52,3,3.0,4.21,0.0,0.0,0.0,0.0,0.0,0.0,0.0,0.0,0.0,0.0,0.0,0.5286,11.2638,7.9647,0.8958,0.017,78.1114,110.8869,0.6792,0.1625,4.815,10.0,0.7219,2.2026,0.0
53,3,5.0,4.97,0.0,0.0,0.0,0.0,0.0,0.0,0.0,0.0,0.0,0.0,0.0,0.5279,10.9469,7.7406,0.8946,0.0174,76.9064,105.9383,0.6476,0.1806,4.9,6.0,1.4591,1.3953,0.0
54,3,4.0,4.12,0.0,0.0,0.0,0.0,0.0,0.0,0.0,0.0,0.0,0.0,0.0,0.3172,9.2375,6.5319,0.8297,0.0253,115.1989,78.9414,0.5353,0.1636,4.8196,30.0,0.5608,3.5377,0.0
55,3,5.0,4.84,0.0,0.0,0.0,0.0,0.0,0.0,0.0,0.0,0.0,0.0,0.0,0.3884,12.7116,8.9884,0.8644,0.0194,40.6786,144.2246,0.488,0.1995,5.7927,16.0,1.6774,1.4939,0.0
56,3,4.0,3.92,0.0,0.0,0.0,0.0,0.0,0.0,0.0,0.0,0.0,0.0,0.0,0.4377,9.9243,7.0176,0.8677,0.0212,97.5034,83.6222,0.6311,0.1289,5.2977,9.0,0.7642,1.751,0.0
57,3,4.0,3.78,-3.9093,49.866,0.0191,0.2505,0.7176,1359.758,4.8168,2.0123,-3.9093,-4.1392,0.1142,0.7161,12.6088,8.9157,0.9418,0.0101,33.0905,310.0,0.7883,0.1171,5.3065,9.0,1.3516,2.9032,1.0
58,3,2.0,2.0,0.0,0.0,0.0,0.0,0.0,0.0,0.0,0.0,0.0,0.0,0.0,0.4286,8.2549,5.8371,0.8568,0.0242,147.6304,52.49,0.6352,0.1384,4.6119,5.0,1.5219,1.3477,0.0
59,3,5.0,4.39,-3.3761,29.2566,0.0398,0.2626,0.626,1473.8223,4.636,3.2194,-3.3761,-3.7295,0.1098,0.7072,9.5142,6.7275,0.9334,0.0128,80.5836,115.1521,0.7578,0.1641,5.2541,1.0,-0.0,0.5525,0.0
60,3,4.0,4.17,0.0,0.0,0.0,0.0,0.0,0.0,0.0,0.0,0.0,0.0,0.0,0.44,12.2491,8.6614,0.8766,0.0185,63.4006,101.3667,0.5455,0.2463,4.8052,10.0,0.7219,1.2903,0.0
61,3,5.0,4.81,0.0,0.0,0.0,0.0,0.0,0.0,0.0,0.0,0.0,0.0,0.0,0.4826,13.9285,9.8489,0.8917,0.0161,48.7398,176.5258,0.5796,0.2065,5.2365,20.0,0.9918,2.401,0.0
62,3,4.0,4.01,0.0,0.0,0.0,0.0,0.0,0.0,0.0,0.0,0.0,0.0,0.0,0.5359,10.1964,7.21,0.8941,0.018,86.6884,119.2184,0.6649,0.1804,5.2127,3.0,0.9183,0.8287,0.0
63,3,5.0,4.83,0.0,0.0,0.0,0.0,0.0,0.0,0.0,0.0,0.0,0.0,0.0,0.3408,11.3801,8.0469,0.8466,0.0219,55.356,108.5574,0.4105,0.2684,4.8045,12.0,1.325,1.0762,0.0
64,3,5.0,3.4,-4.1519,63.5558,0.0317,0.3122,0.6927,1536.8488,5.5192,2.3971,-4.1519,-4.3995,0.1033,0.7413,11.9303,8.436,0.9461,0.0097,31.3054,280.3385,0.7917,0.1146,5.6757,6.0,0.9183,2.3166,0.0
65,3,3.0,3.32,0.0,0.0,0.0,0.0,0.0,0.0,0.0,0.0,0.0,0.0,0.0,0.4295,9.1518,6.4713,0.8619,0.0226,98.7793,96.9342,0.5897,0.1538,5.0176,11.0,0.4395,2.4229,0.0
66,3,4.0,3.96,0.0,0.0,0.0,0.0,0.0,0.0,0.0,0.0,0.0,0.0,0.0,0.4043,7.3325,5.1849,0.8437,0.027,119.548,73.5941,0.4737,0.2256,4.6353,4.0,0.8113,1.2158,0.0
67,3,4.0,3.94,-3.2568,25.9676,0.0404,0.3566,0.7518,1260.2059,3.9193,4.044,-3.2334,-3.7052,0.1167,0.5016,8.8742,6.275,0.8799,0.0209,106.9726,97.3593,0.5924,0.2357,4.8914,7.0,-0.0,2.2364,0.0
68,3,4.0,4.16,0.0,0.0,0.0,0.0,0.0,0.0,0.0,0.0,0.0,0.0,0.0,0.4582,12.5725,8.8901,0.8822,0.0178,59.611,70.7536,0.5884,0.2174,4.6746,16.0,0.8684,2.1248,0.0
69,3,4.0,4.11,0.0,0.0,0.0,0.0,0.0,0.0,0.0,0.0,0.0,0.0,0.0,0.5113,10.7497,7.6012,0.8899,0.0181,59.0692,135.966,0.6106,0.1814,5.009,7.0,0.9852,1.5837,0.0
70,3,2.0,3.15,0.0,0.0,0.0,0.0,0.0,0.0,0.0,0.0,0.0,0.0,0.0,0.4837,10.0307,7.0927,0.8802,0.0198,94.6458,106.7907,0.6298,0.1635,4.7837,3.0,-0.0,0.6977,0.0
71,3,5.0,4.25,-3.9942,54.2838,0.0404,0.3408,0.7063,1550.7982,5.0099,1.6756,-3.9942,-4.2125,0.1303,0.5559,9.5484,6.7518,0.8968,0.0182,102.9589,113.083,0.689,0.1585,5.0881,4.0,0.8113,1.3559,0.0
72,3,4.0,4.02,0.0,0.0,0.0,0.0,0.0,0.0,0.0,0.0,0.0,0.0,0.0,0.5604,10.6925,7.5607,0.9018,0.0167,78.6439,149.9056,0.6863,0.1569,5.489,15.0,-0.0,4.1209,0.0
73,3,4.0,4.07,-3.2822,26.6334,0.0381,0.2984,0.688,1659.3202,3.9074,2.9642,-3.416,-3.7815,0.1233,0.4236,9.3869,6.6375,0.8614,0.0224,112.8252,69.279,0.5865,0.1779,4.6191,4.0,-0.0,0.8147,0.0
74,3,3.0,3.31,-3.6758,39.4788,0.0264,0.2286,0.7714,935.8066,4.5862,2.4608,-3.6758,-3.9406,0.1076,0.5569,10.313,7.2924,0.8997,0.0172,93.4985,93.4741,0.7487,0.1099,5.0262,10.0,0.9219,2.9155,0.0
75,3,5.0,4.57,0.0,0.0,0.0,0.0,0.0,0.0,0.0,0.0,0.0,0.0,0.0,0.4937,9.837,6.9558,0.882,0.0197,78.5488,124.12,0.5969,0.1888,4.9547,5.0,0.7219,1.2594,0.0
0,4,5.0,4.42,-2.8163,16.7149,0.0265,0.321,0.7511,1302.4174,3.4489,3.8596,-3.1165,-3.6018,0.1257,0.4061,9.8317,6.9521,0.8586,0.0222,204.4287,42.2309,0.6471,0.1681,4.227,7.0,0.5917,1.1945,0.0
1,4,4.0,4.12,0.0,0.0,0.0,0.0,0.0,0.0,0.0,0.0,0.0,0.0,0.0,0.5455,11.8629,8.3883,0.9016,0.016,93.059,56.7368,0.7364,0.1473,4.9049,19.0,0.7742,4.0169,0.0
2,4,4.0,4.09,0.0,0.0,0.0,0.0,0.0,0.0,0.0,0.0,0.0,0.0,0.0,0.4456,13.7132,9.6967,0.8821,0.0172,49.6204,191.2583,0.5995,0.1754,5.0876,38.0,1.2256,4.0127,0.0
3,4,5.0,4.45,0.0,0.0,0.0,0.0,0.0,0.0,0.0,0.0,0.0,0.0,0.0,0.4422,11.5557,8.1711,0.875,0.0192,92.9497,83.9883,0.6093,0.1921,5.1523,17.0,1.659,2.489,0.0
4,4,5.0,4.59,0.0,0.0,0.0,0.0,0.0,0.0,0.0,0.0,0.0,0.0,0.0,0.521,11.3671,8.0377,0.8943,0.0172,83.6805,123.6667,0.6613,0.1734,5.0441,5.0,0.7219,1.0504,0.0
5,4,4.0,4.05,0.0,0.0,0.0,0.0,0.0,0.0,0.0,0.0,0.0,0.0,0.0,0.5714,11.1098,7.8558,0.9057,0.0159,82.8644,105.1866,0.7315,0.1204,5.1323,21.0,0.5917,5.5556,0.0
6,4,4.0,3.88,-3.5419,34.532,0.0186,0.3588,0.7155,1466.9237,4.1615,6.8607,-3.5419,-3.9218,0.0554,0.5109,9.1536,6.4726,0.8836,0.0202,155.0839,60.0846,0.6768,0.1646,4.2461,5.0,0.7219,1.5576,0.0
7,4,4.0,4.26,-3.2153,24.9115,0.0086,0.2285,0.7595,1082.512,4.5396,3.4375,-3.2169,-3.6305,0.1203,0.5202,10.9855,7.7679,0.8929,0.0176,87.9768,103.3945,0.6724,0.194,5.0135,23.0,0.9976,5.157,0.0
8,4,4.0,3.81,0.0,0.0,0.0,0.0,0.0,0.0,0.0,0.0,0.0,0.0,0.0,0.4746,9.4209,6.6616,0.8753,0.0209,110.799,81.3365,0.6791,0.1283,4.5355,13.0,1.5766,3.2995,0.0
9,4,4.0,4.35,0.0,0.0,0.0,0.0,0.0,0.0,0.0,0.0,0.0,0.0,0.0,0.4165,10.9338,7.7314,0.866,0.0205,64.2904,131.7338,0.4808,0.2753,5.1161,12.0,1.1887,1.7417,0.0
10,4,2.0,2.28,0.0,0.0,0.0,0.0,0.0,0.0,0.0,0.0,0.0,0.0,0.0,0.375,8.7464,6.1847,0.8443,0.0247,130.7715,64.1616,0.6275,0.1667,4.7537,14.0,1.4299,2.5735,0.0
11,4,4.0,4.01,0.0,0.0,0.0,0.0,0.0,0.0,0.0,0.0,0.0,0.0,0.0,0.4809,9.5338,6.7414,0.8775,0.0205,95.8245,76.4877,0.5926,0.1958,4.9898,8.0,0.5436,2.0356,0.0
12,4,5.0,4.17,0.0,0.0,0.0,0.0,0.0,0.0,0.0,0.0,0.0,0.0,0.0,0.54,11.9177,8.4271,0.9004,0.0161,52.5364,185.2258,0.6312,0.2053,5.0821,8.0,1.5613,1.6427,0.0
13,4,4.0,4.2,0.0,0.0,0.0,0.0,0.0,0.0,0.0,0.0,0.0,0.0,0.0,0.4127,13.9723,9.8799,0.8744,0.0178,50.7875,168.7826,0.6258,0.1416,5.192,35.0,1.1936,3.0541,0.0
14,4,5.0,4.05,-3.6123,37.0506,0.0359,0.2729,0.6713,1550.5339,4.4037,4.2335,-3.6123,-4.0406,0.1012,0.5179,9.4925,6.7122,0.8869,0.0194,114.9731,81.4384,0.6782,0.1494,4.7113,3.0,-0.0,0.8929,0.0
15,4,4.0,3.94,-3.5093,33.4249,0.0205,0.3235,0.7677,1360.0433,4.3086,2.688,-3.5093,-3.8993,0.1451,0.6506,10.2663,7.2594,0.9221,0.0141,68.386,169.1466,0.7407,0.142,4.8474,3.0,-0.0,1.2048,0.0
16,4,4.0,4.04,0.0,0.0,0.0,0.0,0.0,0.0,0.0,0.0,0.0,0.0,0.0,0.4795,9.4691,6.6957,0.8768,0.0207,88.0999,101.6373,0.5615,0.2406,4.7051,3.0,-0.0,0.7692,0.0
17,4,5.0,3.39,-4.4472,85.3887,0.0196,0.3137,0.7647,950.1961,5.7919,2.188,-4.4472,-4.9162,0.2143,0.931,5.0138,3.5453,0.9788,0.0063,71.3436,117.74,0.963,0.0,5.7931,0.0,0.0,0.0,0.0
18,4,3.0,3.27,0.0,0.0,0.0,0.0,0.0,0.0,0.0,0.0,0.0,0.0,0.0,0.3645,9.1562,6.4744,0.8435,0.0243,85.694,75.5875,0.4783,0.2478,4.7559,16.0,1.3245,2.5357,0.0
19,4,5.0,4.85,0.0,0.0,0.0,0.0,0.0,0.0,0.0,0.0,0.0,0.0,0.0,0.268,9.9314,7.0226,0.8178,0.0252,116.8939,60.2814,0.4728,0.2065,4.7779,17.0,0.6402,1.2382,0.0
20,4,5.0,4.61,0.0,0.0,0.0,0.0,0.0,0.0,0.0,0.0,0.0,0.0,0.0,0.5064,10.9553,7.7466,0.8893,0.018,65.6549,120.6463,0.6624,0.1266,5.0385,8.0,-0.0,1.7094,0.0
21,4,4.0,3.86,-5.284,197.1606,0.1,0.4,1.0,205.0,7.8995,2.0666,-5.284,-7.1456,0.9008,0.9,2.846,2.0125,0.9542,0.0199,200.0,28.0,0.8889,0.1111,4.4,2.0,1.0,20.0,1.0
22,4,3.0,3.6,0.0,0.0,0.0,0.0,0.0,0.0,0.0,0.0,0.0,0.0,0.0,0.4544,10.8483,7.6709,0.8757,0.0196,90.6125,85.4961,0.6216,0.1969,4.8649,14.0,-0.0,2.4561,0.0
23,4,3.0,3.42,-2.9381,18.8798,0.0163,0.2727,0.6993,1072.6876,4.0782,6.7745,-2.9381,-3.4344,0.0733,0.5746,9.407,6.6518,0.9009,0.0177,125.5848,88.1712,0.7727,0.0974,5.1754,3.0,0.9183,1.1194,0.0
24,4,4.0,4.16,0.0,0.0,0.0,0.0,0.0,0.0,0.0,0.0,0.0,0.0,0.0,0.4741,9.7614,6.9024,0.8766,0.0204,68.5297,104.063,0.597,0.1493,5.0542,4.0,0.8113,0.9434,0.0
25,4,4.0,4.26,0.0,0.0,0.0,0.0,0.0,0.0,0.0,0.0,0.0,0.0,0.0,0.375,10.5,7.4246,0.8528,0.0221,61.27,128.5141,0.4932,0.2245,4.9337,22.0,1.7647,2.8061,0.0
26,4,4.0,4.15,0.0,0.0,0.0,0.0,0.0,0.0,0.0,0.0,0.0,0.0,0.0,0.3828,13.183,9.3218,0.8643,0.0192,62.3491,92.8111,0.5771,0.1938,4.9874,52.0,1.0069,4.3845,1.0
27,4,4.0,4.01,0.0,0.0,0.0,0.0,0.0,0.0,0.0,0.0,0.0,0.0,0.0,0.4297,9.6564,6.8281,0.8643,0.0218,117.3218,47.5596,0.6359,0.1567,4.5307,6.0,0.65,1.1881,0.0
28,4,3.0,3.62,0.0,0.0,0.0,0.0,0.0,0.0,0.0,0.0,0.0,0.0,0.0,0.4431,9.8282,6.9496,0.8687,0.0212,109.9709,75.7772,0.633,0.1422,4.6484,7.0,1.1488,1.4228,0.0
29,4,5.0,4.52,0.0,0.0,0.0,0.0,0.0,0.0,0.0,0.0,0.0,0.0,0.0,0.559,11.5097,8.1386,0.9039,0.0159,71.8672,124.4701,0.7046,0.1477,4.3986,17.0,1.574,4.0094,0.0
30,4,4.0,4.12,0.0,0.0,0.0,0.0,0.0,0.0,0.0,0.0,0.0,0.0,0.0,0.5307,10.2763,7.2665,0.8931,0.018,64.2844,124.338,0.6332,0.1809,4.816,6.0,0.65,1.6,0.0
31,4,5.0,4.7,0.0,0.0,0.0,0.0,0.0,0.0,0.0,0.0,0.0,0.0,0.0,0.6307,12.1487,8.5904,0.9221,0.0132,46.4978,215.9605,0.7179,0.1496,5.3827,16.0,0.9934,4.3127,0.0
32,4,5.0,4.59,0.0,0.0,0.0,0.0,0.0,0.0,0.0,0.0,0.0,0.0,0.0,0.559,13.1212,9.2781,0.9078,0.0146,42.2924,212.9006,0.6591,0.1623,5.2849,6.0,0.65,1.0889,0.0
33,4,4.0,3.78,0.0,0.0,0.0,0.0,0.0,0.0,0.0,0.0,0.0,0.0,0.0,0.4319,14.7535,10.4323,0.8811,0.0168,52.4419,83.9902,0.631,0.1647,5.0891,44.0,1.3977,3.7704,0.0
34,4,5.0,4.82,0.0,0.0,0.0,0.0,0.0,0.0,0.0,0.0,0.0,0.0,0.0,0.4512,12.2579,8.6676,0.8795,0.0182,64.9966,138.2223,0.6006,0.1742,5.294,27.0,1.2774,3.6585,0.0
35,4,1.0,2.53,-3.8617,47.5479,0.0374,0.3626,0.7275,1246.6088,4.7874,1.6969,-3.8617,-4.0906,0.1349,0.6289,10.7276,7.5856,0.9182,0.0144,71.5627,159.995,0.7432,0.1202,4.9656,10.0,0.9219,3.4364,0.0
36,4,4.0,4.12,0.0,0.0,0.0,0.0,0.0,0.0,0.0,0.0,0.0,0.0,0.0,0.4625,9.9953,7.0677,0.8746,0.0204,120.9598,62.496,0.625,0.1852,4.6702,5.0,0.7219,1.0707,0.0
37,4,5.0,4.66,0.0,0.0,0.0,0.0,0.0,0.0,0.0,0.0,0.0,0.0,0.0,0.3665,10.058,7.1121,0.8485,0.0229,76.4714,105.5297,0.5543,0.1558,5.1448,21.0,0.7229,2.7888,0.0
38,4,4.0,4.07,0.0,0.0,0.0,0.0,0.0,0.0,0.0,0.0,0.0,0.0,0.0,0.4372,10.243,7.2429,0.8688,0.0208,79.4954,119.5145,0.6292,0.1333,5.2568,21.0,0.2762,3.8251,0.0
39,4,2.0,2.93,0.0,0.0,0.0,0.0,0.0,0.0,0.0,0.0,0.0,0.0,0.0,0.4574,8.9974,6.3621,0.8687,0.022,68.7726,117.8161,0.5198,0.1921,5.2842,8.0,-0.0,2.0672,0.0
40,4,4.0,4.18,0.0,0.0,0.0,0.0,0.0,0.0,0.0,0.0,0.0,0.0,0.0,0.4647,9.4213,6.6619,0.8727,0.0212,95.9028,76.0025,0.5969,0.1937,4.9805,6.0,0.9183,1.4599,0.0
41,4,5.0,4.72,0.0,0.0,0.0,0.0,0.0,0.0,0.0,0.0,0.0,0.0,0.0,0.5095,10.4421,7.3837,0.8884,0.0185,100.907,91.134,0.6449,0.1495,4.9071,6.0,0.65,1.4286,0.0
42,4,4.0,4.01,0.0,0.0,0.0,0.0,0.0,0.0,0.0,0.0,0.0,0.0,0.0,0.4762,10.6904,7.5593,0.8808,0.0192,103.6155,71.6826,0.7083,0.1292,4.7976,6.0,-0.0,1.1905,0.0
43,4,5.0,4.61,0.0,0.0,0.0,0.0,0.0,0.0,0.0,0.0,0.0,0.0,0.0,0.5229,9.4563,6.6866,0.888,0.0193,106.7998,93.899,0.6433,0.1754,4.8073,3.0,0.9183,0.9174,0.0
44,4,4.0,4.01,0.0,0.0,0.0,0.0,0.0,0.0,0.0,0.0,0.0,0.0,0.0,0.5455,10.0725,7.1223,0.8961,0.0178,79.6347,111.7221,0.6667,0.1774,5.3666,8.0,0.5436,2.346,0.0
45,4,4.0,4.13,0.0,0.0,0.0,0.0,0.0,0.0,0.0,0.0,0.0,0.0,0.0,0.4455,9.1517,6.4712,0.8662,0.0221,112.9804,70.5722,0.617,0.1596,4.8555,5.0,0.7219,1.1848,0.0
46,4,5.0,4.19,0.0,0.0,0.0,0.0,0.0,0.0,0.0,0.0,0.0,0.0,0.0,0.4231,9.8859,6.9904,0.8635,0.0217,93.4536,67.603,0.6537,0.1429,4.7363,9.0,0.9864,1.6484,0.0
47,4,5.0,4.66,0.0,0.0,0.0,0.0,0.0,0.0,0.0,0.0,0.0,0.0,0.0,0.3264,9.8624,6.9737,0.8358,0.0241,83.6643,125.747,0.5134,0.1812,5.1479,34.0,0.3816,3.724,0.0
48,4,4.0,3.88,0.0,0.0,0.0,0.0,0.0,0.0,0.0,0.0,0.0,0.0,0.0,0.5,9.2466,6.5383,0.8812,0.0204,129.7835,63.866,0.6667,0.152,4.6871,2.0,-0.0,0.5848,0.0
49,4,5.0,4.69,0.0,0.0,0.0,0.0,0.0,0.0,0.0,0.0,0.0,0.0,0.0,0.517,10.4938,7.4202,0.8904,0.0182,91.6675,84.5933,0.6714,0.169,4.8592,4.0,1.0,0.9709,0.0
50,4,4.0,3.87,0.0,0.0,0.0,0.0,0.0,0.0,0.0,0.0,0.0,0.0,0.0,0.3673,8.5285,6.0305,0.8408,0.0253,165.1516,53.6057,0.5354,0.2222,4.59,4.0,0.8113,0.7421,0.0
51,4,4.0,4.05,0.0,0.0,0.0,0.0,0.0,0.0,0.0,0.0,0.0,0.0,0.0,0.4264,9.1653,6.4808,0.8611,0.0226,126.9654,61.6459,0.5888,0.1675,4.8355,5.0,0.7219,1.0823,0.0
52,4,2.0,2.99,-3.9394,51.3877,0.0318,0.2484,0.6688,1705.7495,5.1486,3.5504,-3.9394,-4.1774,0.067,0.6889,12.2266,8.6455,0.9352,0.0113,38.2968,219.723,0.7512,0.1382,5.6159,4.0,1.0,1.2698,0.0
53,4,5.0,4.97,0.0,0.0,0.0,0.0,0.0,0.0,0.0,0.0,0.0,0.0,0.0,0.5279,10.9469,7.7406,0.8946,0.0174,76.9064,105.9383,0.6476,0.1806,4.9,6.0,1.4591,1.3953,0.0
54,4,4.0,3.78,0.0,0.0,0.0,0.0,0.0,0.0,0.0,0.0,0.0,0.0,0.0,0.392,10.153,7.1793,0.8561,0.0221,132.7733,55.1469,0.6426,0.1863,4.8495,15.0,1.2366,2.2355,0.0
55,4,5.0,4.62,0.0,0.0,0.0,0.0,0.0,0.0,0.0,0.0,0.0,0.0,0.0,0.2703,9.9053,7.0041,0.8184,0.0252,88.6425,80.808,0.4766,0.1625,5.2167,46.0,0.3015,3.4252,0.0
56,4,4.0,3.91,0.0,0.0,0.0,0.0,0.0,0.0,0.0,0.0,0.0,0.0,0.0,0.4283,9.0441,6.3952,0.861,0.0228,106.3766,68.9919,0.5969,0.1885,4.8767,8.0,-0.0,1.7937,0.0
57,4,4.0,4.03,0.0,0.0,0.0,0.0,0.0,0.0,0.0,0.0,0.0,0.0,0.0,0.4129,11.3687,8.0389,0.8666,0.0201,111.9109,130.9691,0.5623,0.2396,5.2045,45.0,0.1537,5.9367,0.0
58,4,2.0,2.0,0.0,0.0,0.0,0.0,0.0,0.0,0.0,0.0,0.0,0.0,0.0,0.4286,8.2549,5.8371,0.8568,0.0242,147.6304,52.49,0.6352,0.1384,4.6119,5.0,1.5219,1.3477,0.0
59,4,4.0,3.91,0.0,0.0,0.0,0.0,0.0,0.0,0.0,0.0,0.0,0.0,0.0,0.3412,13.8601,9.8006,0.8549,0.0196,159.6033,97.7731,0.5844,0.1723,4.8382,85.0,1.4593,5.1515,0.0
60,4,3.0,3.54,0.0,0.0,0.0,0.0,0.0,0.0,0.0,0.0,0.0,0.0,0.0,0.4804,10.3042,7.2862,0.8804,0.0195,103.2136,57.2874,0.638,0.19,4.4326,8.0,1.5613,1.7391,0.0
61,4,5.0,4.75,0.0,0.0,0.0,0.0,0.0,0.0,0.0,0.0,0.0,0.0,0.0,0.3457,10.936,7.7329,0.8462,0.0223,118.5628,52.8693,0.5376,0.2023,4.4915,14.0,0.7345,1.3986,0.0
62,4,4.0,4.1,0.0,0.0,0.0,0.0,0.0,0.0,0.0,0.0,0.0,0.0,0.0,0.4794,9.4427,6.677,0.8767,0.0207,122.0906,72.1648,0.629,0.1935,4.8866,7.0,0.8631,1.8041,0.0
63,4,5.0,4.45,0.0,0.0,0.0,0.0,0.0,0.0,0.0,0.0,0.0,0.0,0.0,0.2561,12.6823,8.9678,0.8255,0.0224,57.6418,138.4608,0.422,0.2197,4.9152,85.0,0.9246,3.4666,2.0
64,4,5.0,4.27,0.0,0.0,0.0,0.0,0.0,0.0,0.0,0.0,0.0,0.0,0.0,0.3958,12.2644,8.6723,0.865,0.0197,92.3611,127.2509,0.5868,0.1895,5.1677,48.0,1.0609,5.0,0.0
65,4,4.0,4.1,0.0,0.0,0.0,0.0,0.0,0.0,0.0,0.0,0.0,0.0,0.0,0.4492,9.2381,6.5323,0.8677,0.0219,112.8939,85.1395,0.6,0.1895,5.0189,5.0,0.7219,1.182,0.0
66,4,4.0,3.65,-3.5179,33.714,0.0,0.2602,0.6614,1597.1912,4.1092,2.4154,-3.5179,-3.8935,0.1555,0.5493,8.0167,5.6687,0.8883,0.0208,147.6779,59.8757,0.7094,0.1026,4.4695,2.0,1.0,0.939,0.0
67,4,4.0,4.23,0.0,0.0,0.0,0.0,0.0,0.0,0.0,0.0,0.0,0.0,0.0,0.4766,10.3323,7.3061,0.8796,0.0196,82.5713,112.9984,0.6161,0.1741,4.9021,6.0,0.9183,1.2766,0.0
68,4,3.0,3.22,0.0,0.0,0.0,0.0,0.0,0.0,0.0,0.0,0.0,0.0,0.0,0.3875,6.5882,4.6586,0.8327,0.0295,113.2649,99.3988,0.2768,0.4643,5.083,1.0,-0.0,0.346,0.0
69,4,4.0,4.08,0.0,0.0,0.0,0.0,0.0,0.0,0.0,0.0,0.0,0.0,0.0,0.5014,9.6307,6.8099,0.8832,0.0198,73.0018,130.5854,0.5946,0.1838,5.0136,7.0,1.9502,1.897,0.0
70,4,4.0,4.1,0.0,0.0,0.0,0.0,0.0,0.0,0.0,0.0,0.0,0.0,0.0,0.5031,10.9888,7.7703,0.8886,0.0181,94.2297,76.8816,0.6833,0.1583,4.4256,6.0,-0.0,1.2579,0.0
71,4,5.0,4.59,0.0,0.0,0.0,0.0,0.0,0.0,0.0,0.0,0.0,0.0,0.0,0.4339,9.8361,6.9552,0.8662,0.0214,101.5912,78.3459,0.6233,0.148,4.8677,7.0,0.5917,1.3619,0.0
72,4,4.0,4.2,0.0,0.0,0.0,0.0,0.0,0.0,0.0,0.0,0.0,0.0,0.0,0.5356,11.3608,8.0333,0.8978,0.0167,51.2593,162.694,0.6349,0.1743,5.2244,9.0,0.7642,2.0,0.0
73,4,3.0,3.19,-2.9181,18.507,0.0261,0.3458,0.7488,1675.7052,3.4912,3.8979,-2.9868,-3.4451,0.1176,0.3809,8.7929,6.2175,0.8463,0.0245,169.6651,39.6001,0.6453,0.1281,4.4315,8.0,0.5436,1.5009,0.0
74,4,4.0,3.94,-3.2683,26.2664,0.0135,0.3025,0.815,875.0482,4.5292,2.4802,-3.2912,-3.6825,0.1578,0.5561,11.0107,7.7857,0.9017,0.0165,93.1903,113.4697,0.7202,0.1422,5.1913,25.0,0.4822,6.3776,0.0
75,4,5.0,4.53,0.0,0.0,0.0,0.0,0.0,0.0,0.0,0.0,0.0,0.0,0.0,0.4817,9.741,6.8879,0.8785,0.0202,111.3097,70.405,0.6599,0.1371,4.7604,4.0,0.8113,0.978,0.0
