user_id,file_id,rating,combo_11_E__add_perp_token_ner_disc__pred,cosine_sim,norm_gap,nli_mean_entail,nli_mean_contra,content_vs_function_ratio,pos_entropy,verbs_per_sentence,flesch_reading_ease,fk_grade_level,ttr,mtld,yules_k,avg_tree_depth,avg_dep_distance,entity_continuity,role_transitions,vader_compound,tb_subjectivity,sentence_length,avg_logprob,ppl,proportion_top100,entity_density,entity_label_entropy,connective_entropy,connective_density_per_100w
0,0,4.0,4.11,0.0,0.0,0.0,0.0,3.7412,3.211,1.6296,17.7159,19.5827,0.5635,103.9282,70.4068,3.9259,2.4073,0.2656,0.1681,0.9939,0.4278,378.0,0.0,0.0,0.0,0.093,2.3343,0.6998,3.9683
1,0,4.0,3.94,0.0,0.0,0.0,0.0,6.7143,2.6276,1.5263,23.5792,22.4301,0.269,99.8799,113.8277,5.1579,4.1759,0.944,0.1139,0.9983,0.4471,736.0,0.0,0.0,0.0,0.1344,1.8385,-0.0,1.9022
2,0,4.0,4.08,0.0,0.0,0.0,0.0,5.9455,2.8288,1.4762,38.4381,13.2392,0.6158,182.2457,49.5957,4.1905,3.2965,0.3057,0.2097,0.9589,0.4452,367.0,0.0,0.0,0.0,0.1486,2.5254,0.8113,3.2698
3,0,5.0,4.83,0.0,0.0,0.0,0.0,5.5464,2.9586,2.1525,39.4214,15.8055,0.3275,124.2414,55.5133,4.1864,2.946,0.5533,0.2044,0.9995,0.4344,1197.0,0.0,0.0,0.0,0.189,2.1534,1.1918,1.6708
4,0,5.0,4.81,0.0,0.0,0.0,0.0,7.6154,2.7624,1.9259,25.6683,20.4029,0.4537,134.2673,69.0214,5.2963,3.2256,0.4494,0.2016,0.9976,0.4369,562.0,0.0,0.0,0.0,0.1645,2.5962,1.1982,2.3132
5,0,4.0,4.48,0.0,0.0,0.0,0.0,5.381,2.8423,1.44,38.18,13.3409,0.4689,98.4226,81.1566,5.0,3.1358,0.4561,0.1676,0.9934,0.3741,418.0,0.0,0.0,0.0,0.125,2.4338,0.469,2.3923
6,0,4.0,4.05,0.0,0.0,0.0,0.0,6.4697,2.7523,3.9167,-7.282,32.9071,0.5362,190.7787,50.7525,6.9167,3.9025,0.3656,0.2391,0.9931,0.3694,483.0,0.0,0.0,0.0,0.0917,2.4445,1.4591,1.2422
7,0,5.0,4.76,0.0,0.0,0.0,0.0,3.2268,3.112,2.1346,40.4409,11.3938,0.3972,92.2929,71.9708,5.0192,3.1517,0.4124,0.3441,0.9987,0.4507,871.0,0.0,0.0,0.0,0.0986,2.4147,0.8996,3.3295
8,0,3.0,3.33,0.7432,0.0,0.0862,0.1407,2.2991,3.3841,2.5517,35.9014,11.1501,0.649,223.9517,54.3312,4.8276,2.7206,0.2645,0.4444,0.9956,0.4453,396.0,-3.5571,35.061,0.2348,0.0473,2.3551,1.2433,5.5556
9,0,4.0,4.16,0.0,0.0,0.0,0.0,5.137,2.9646,4.7692,21.7865,22.5798,0.3987,62.6873,111.2925,6.4615,3.4208,0.4615,0.2961,0.9916,0.4808,469.0,0.0,0.0,0.0,0.2015,2.0714,0.5917,1.4925
10,0,3.0,3.63,0.0,0.0,0.0,0.0,6.5312,2.9957,3.375,21.1215,21.5174,0.5145,116.162,72.1317,5.25,3.4461,0.3515,0.2658,0.9896,0.4168,517.0,0.0,0.0,0.0,0.1484,2.112,0.5436,1.5474
11,0,3.0,3.4,0.6996,0.0,0.0149,0.5038,4.3824,2.9858,1.9,60.2898,10.2534,0.6158,73.8269,120.3621,5.3,2.7237,0.28,0.2927,0.969,0.3407,203.0,-3.1509,23.3563,0.2892,0.1655,1.8111,-0.0,2.4631
12,0,5.0,4.5,0.6814,0.0,0.0673,0.4987,4.18,3.0797,2.3846,53.7715,10.7852,0.5878,91.1299,91.7254,4.6154,2.74,0.2929,0.2319,0.9926,0.5075,279.0,-3.0579,21.2837,0.256,0.076,2.1001,0.8659,3.9427
13,0,1.0,2.65,0.5891,0.0,0.3033,0.1118,7.0,2.7513,3.8,12.2476,27.7609,0.4582,47.1669,130.5486,5.2,3.4097,0.3889,0.0787,0.9938,0.5012,323.0,-3.0473,21.0583,0.2996,0.2097,1.9916,0.8113,1.2384
14,0,5.0,4.76,0.0,0.0,0.0,0.0,6.3273,3.0064,3.6667,34.4329,19.1666,0.4543,66.0833,110.8696,5.5,3.5591,0.4531,0.2733,0.9935,0.4193,460.0,0.0,0.0,0.0,0.2003,2.0854,0.8113,1.7391
15,0,5.0,4.01,0.0,0.0,0.0,0.0,6.7045,2.8585,1.7857,18.1949,23.1843,0.5266,96.2022,116.1249,5.5,3.1898,0.3307,0.373,0.9656,0.5044,357.0,0.0,0.0,0.0,0.1534,2.1175,-0.0,0.5602
16,0,4.0,4.07,0.0,0.0,0.0,0.0,4.125,2.8651,2.0741,-33.6587,40.5965,0.4009,126.7425,93.0465,5.6296,3.8087,0.4759,0.244,0.9908,0.5391,676.0,0.0,0.0,0.0,0.119,2.6153,0.7726,5.9172
17,0,4.0,4.09,0.0,0.0,0.0,0.0,3.7574,3.1589,1.7708,56.9966,9.1166,0.3874,82.2897,92.2934,4.5833,2.9925,0.4571,0.2984,0.9953,0.5482,684.0,0.0,0.0,0.0,0.1256,2.358,0.6396,3.655
18,0,4.0,4.06,0.0,0.0,0.0,0.0,2.5176,3.2736,3.0417,40.3166,15.6133,0.3684,68.1889,82.9108,6.2917,3.5188,0.5439,0.2991,0.997,0.5015,646.0,0.0,0.0,0.0,0.1251,2.262,1.053,2.322
19,0,5.0,4.78,0.0,0.0,0.0,0.0,4.5222,2.9102,1.9712,27.0543,19.1085,0.1725,134.9858,65.7948,4.9423,3.4308,0.8118,0.2094,0.9988,0.4762,2666.0,0.0,0.0,0.0,0.1234,2.3551,0.7141,2.5131
20,0,5.0,4.73,0.0,0.0,0.0,0.0,6.403,2.9117,3.0833,31.4073,19.2449,0.4264,67.6929,110.8302,5.4167,2.8644,0.4265,0.3814,0.9934,0.5205,537.0,0.0,0.0,0.0,0.1943,2.2119,1.3788,2.6071
21,0,4.0,4.06,0.0,0.0,0.0,0.0,5.4603,2.961,6.0,-18.23,38.1606,0.4906,106.1223,89.7784,7.375,3.5085,0.3884,0.2418,0.9909,0.5067,424.0,0.0,0.0,0.0,0.1688,2.111,1.4855,2.3585
22,0,5.0,4.33,0.0,0.0,0.0,0.0,4.2222,2.9713,2.45,48.3364,12.202,0.4702,81.9647,115.5895,5.55,3.116,0.3984,0.2847,0.9879,0.5393,453.0,0.0,0.0,0.0,0.2151,2.2317,1.0,1.766
23,0,4.0,3.91,0.6065,0.0,0.0,0.0,7.5862,2.7821,2.3,-166.7988,93.9113,0.5814,91.0846,130.4008,5.1,3.2612,0.2472,0.2955,0.9761,0.5063,258.0,-2.8489,17.268,0.2715,0.0942,1.7892,0.9183,1.1628
24,0,4.0,3.76,-0.0938,0.0,0.0157,0.5196,5.5526,2.8509,1.6,52.6751,13.7554,0.4941,64.4332,159.3233,5.3,3.9777,0.4048,0.0686,0.9836,0.3815,255.0,-2.6714,14.4599,0.2773,0.1364,1.995,-0.0,0.7843
25,0,5.0,4.05,0.0,0.0,0.0,0.0,8.193,2.8183,4.7857,18.4176,25.0061,0.4197,91.0489,116.815,6.0,3.2065,0.4276,0.3178,0.9861,0.5037,548.0,0.0,0.0,0.0,0.2297,2.0694,-0.0,0.7299
26,0,5.0,4.73,0.0,0.0,0.0,0.0,4.3902,3.0802,2.913,42.3422,14.1175,0.3544,112.4779,75.4618,4.2609,3.765,0.7594,0.1331,0.999,0.4922,697.0,0.0,0.0,0.0,0.1211,2.2211,1.3996,2.1521
27,0,3.0,3.52,0.0,0.0,0.0,0.0,4.6875,2.7604,1.0,47.5749,9.6453,0.3679,101.7524,90.106,4.5517,2.848,0.4286,0.2387,0.9977,0.5189,685.0,0.0,0.0,0.0,0.1045,2.1603,0.5907,2.7737
28,0,3.0,3.56,0.0,0.0,0.0,0.0,4.4295,2.9369,5.8462,-29.6506,43.7993,0.237,44.3139,161.6583,7.2308,4.1573,0.7398,0.1986,0.9971,0.5003,924.0,0.0,0.0,0.0,0.225,1.9355,0.7219,1.0823
29,0,4.0,4.13,0.0,0.0,0.0,0.0,4.7595,2.9055,2.6875,35.4242,17.6909,0.4263,61.3461,156.4762,6.0,3.3264,0.4328,0.1771,0.9916,0.5223,509.0,0.0,0.0,0.0,0.2149,1.6801,0.8631,1.3752
30,0,4.0,4.18,0.0,0.0,0.0,0.0,4.6495,2.9343,1.6154,10.3089,25.899,0.4806,132.1999,72.0238,5.4615,3.1269,0.4096,0.1508,0.9686,0.4407,541.0,0.0,0.0,0.0,0.0943,2.274,0.5917,1.2939
31,0,5.0,3.98,0.0,0.0,0.0,0.0,7.94,2.831,2.0952,39.0704,16.708,0.4172,91.7197,98.231,5.1905,4.0179,0.4921,0.2289,0.9661,0.5089,465.0,0.0,0.0,0.0,0.1886,1.933,0.8113,1.7204
32,0,5.0,4.85,0.0,0.0,0.0,0.0,4.7318,2.9203,2.1795,37.3534,15.8085,0.369,103.1731,61.813,4.5897,2.9533,0.4718,0.2058,0.9992,0.4496,1038.0,0.0,0.0,0.0,0.1257,2.0455,0.9918,1.9268
33,0,4.0,4.54,0.0,0.0,0.0,0.0,4.3172,3.1188,1.1791,45.5483,10.3336,0.4626,129.8342,54.3478,4.0597,2.5471,0.4,0.2765,0.9936,0.4567,828.0,0.0,0.0,0.0,0.1194,2.3483,0.8077,2.7778
34,0,5.0,4.75,0.0,0.0,0.0,0.0,7.08,2.7696,3.1111,8.8812,27.0091,0.4937,150.0426,57.484,7.0,3.8396,0.4887,0.1617,0.9926,0.4659,397.0,0.0,0.0,0.0,0.1458,2.303,0.5917,1.7632
35,0,4.0,4.03,0.6171,0.0,0.0658,0.1391,5.8372,2.8413,1.9091,7.7173,29.1381,0.5079,101.2343,84.7854,5.6364,3.6419,0.3654,0.2051,0.9098,0.4928,317.0,-3.2472,25.7176,0.2977,0.1832,1.9413,-0.0,1.8927
36,0,5.0,4.65,0.0,0.0,0.0,0.0,6.4545,2.7632,2.7333,24.5871,19.4441,0.5061,115.9005,62.2776,5.8667,3.7455,0.3806,0.1783,0.9941,0.2763,411.0,0.0,0.0,0.0,0.1381,2.1943,0.5917,1.7032
37,0,5.0,4.73,0.0,0.0,0.0,0.0,4.4494,2.9889,2.7,29.9925,17.3451,0.4866,112.1627,70.9032,4.95,3.1255,0.4336,0.2558,0.9984,0.5372,522.0,0.0,0.0,0.0,0.1192,1.8601,0.9913,2.4904
38,0,4.0,4.02,0.0,0.0,0.0,0.0,5.431,2.8744,1.3913,39.7988,14.3393,0.5441,144.2406,64.5902,4.913,2.9566,0.3404,0.1951,0.9906,0.4507,397.0,0.0,0.0,0.0,0.137,1.8666,0.9183,0.7557
39,0,2.0,4.17,0.0,0.0,0.0,0.0,8.4286,2.7409,3.0909,10.1679,26.3919,0.4946,118.5528,67.4037,6.3636,4.3949,0.4294,0.1538,0.9042,0.4685,467.0,0.0,0.0,0.0,0.1423,1.9081,0.7642,1.9272
40,0,4.0,4.02,0.0,0.0,0.0,0.0,6.0769,2.7807,7.6667,-37.8619,47.1923,0.4262,53.186,141.3832,7.6667,4.5394,0.375,0.1871,0.9455,0.5361,420.0,0.0,0.0,0.0,0.2822,1.8908,0.8631,1.6667
41,0,5.0,4.62,0.0,0.0,0.0,0.0,7.3,2.8273,3.6364,13.3137,26.6392,0.4843,117.5495,65.3108,6.1818,4.9345,0.438,0.1636,0.9545,0.5454,413.0,0.0,0.0,0.0,0.107,2.1541,-0.0,0.9685
42,0,5.0,3.95,0.0,0.0,0.0,0.0,6.0896,2.961,3.625,25.3779,23.9111,0.3892,47.8914,128.4687,4.875,3.1418,0.3333,0.1848,0.9965,0.5479,573.0,0.0,0.0,0.0,0.2319,2.0838,1.0,1.0471
43,0,5.0,4.45,0.0,0.0,0.0,0.0,4.4154,2.8451,3.4444,24.2819,21.2292,0.4587,67.0634,114.2044,6.6667,3.3017,0.4608,0.2014,0.988,0.6231,375.0,0.0,0.0,0.0,0.1661,2.0074,0.8113,1.0667
44,0,2.0,3.21,0.0,0.0,0.0,0.0,7.122,2.8504,1.9,41.5059,14.4712,0.5125,117.8746,77.0405,4.6,2.8407,0.4159,0.2,0.9884,0.568,361.0,0.0,0.0,0.0,0.1644,2.1544,0.7219,1.385
45,0,2.0,3.95,0.0,0.0,0.0,0.0,7.2982,2.803,4.1111,-25.0767,42.283,0.3602,44.626,185.4183,6.0,4.2996,0.4953,0.1484,0.9941,0.5117,497.0,0.0,0.0,0.0,0.2397,2.0522,0.65,1.2072
46,0,5.0,4.05,0.0,0.0,0.0,0.0,9.4848,2.7198,3.7143,-21.3549,40.7495,0.4708,61.8574,100.2018,5.5714,3.7982,0.451,0.0765,0.9896,0.489,342.0,0.0,0.0,0.0,0.219,2.0637,0.971,1.462
47,0,4.0,4.13,0.0,0.0,0.0,0.0,3.6104,3.0658,1.7907,44.0839,12.5759,0.3923,110.1629,72.8035,5.4419,3.0893,0.46,0.2491,0.9945,0.588,757.0,0.0,0.0,0.0,0.1019,2.2556,0.455,3.5667
48,0,4.0,3.81,0.6527,0.0,0.0127,0.5422,4.3774,3.0237,1.8824,37.0837,15.4845,0.7127,244.9125,38.6116,4.8824,2.7007,0.2033,0.32,0.8244,0.4286,275.0,-3.4505,31.5146,0.2483,0.0556,2.9363,0.5033,3.2727
49,0,5.0,4.65,0.0,0.0,0.0,0.0,6.2,2.88,3.8462,15.1911,26.129,0.4602,92.1251,87.676,5.2308,3.2953,0.4483,0.2048,0.9931,0.4892,415.0,0.0,0.0,0.0,0.1689,1.9306,-0.0,0.9639
50,0,4.0,4.05,0.0,0.0,0.0,0.0,5.7213,2.8468,2.6667,31.9102,19.7393,0.5459,140.0296,64.1344,5.5833,4.4403,0.3769,0.1579,0.9929,0.4531,370.0,0.0,0.0,0.0,0.1264,2.0303,-0.0,0.8108
51,0,4.0,4.05,0.0,0.0,0.0,0.0,4.3117,2.8815,2.0625,23.8805,20.5557,0.3426,55.5087,144.4998,6.625,3.3683,0.4624,0.1765,0.9942,0.5081,470.0,0.0,0.0,0.0,0.1712,2.248,0.8113,1.7021
52,0,4.0,4.01,0.7658,0.0,0.0312,0.2434,4.3621,3.0016,1.3421,57.0825,7.4623,0.7129,317.0,33.8345,3.9474,2.6953,0.2342,0.4615,0.9858,0.4644,317.0,-3.7661,43.2105,0.225,0.0517,2.4176,1.2516,1.8927
53,0,5.0,4.88,0.0,0.0,0.0,0.0,9.3171,2.7707,3.1,-50.6624,51.3792,0.5221,105.5123,77.4827,6.5,3.6271,0.3667,0.142,0.9921,0.4053,429.0,0.0,0.0,0.0,0.2151,2.1356,1.4591,1.3986
54,0,5.0,4.74,0.0,0.0,0.0,0.0,3.1923,3.0814,2.0244,49.1348,11.4387,0.4127,111.5828,84.269,4.8049,2.9628,0.4114,0.3532,0.9991,0.4997,710.0,0.0,0.0,0.0,0.1275,2.0993,1.3249,3.3803
55,0,5.0,4.4,0.0,0.0,0.0,0.0,7.2108,2.7055,2.9388,-45.1971,48.2154,0.2532,128.5341,80.0316,5.6735,3.2858,0.6343,0.177,0.9942,0.439,1548.0,0.0,0.0,0.0,0.147,1.9625,1.0958,0.7106
56,0,5.0,4.31,0.0,0.0,0.0,0.0,3.7397,3.0422,1.3929,45.1369,11.1745,0.6722,230.6247,50.463,4.0714,2.4212,0.2761,0.3378,0.9723,0.4707,360.0,0.0,0.0,0.0,0.0784,2.652,0.3373,4.4444
57,0,5.0,4.34,0.0,0.0,0.0,0.0,6.3585,2.9269,3.5833,37.6724,17.0724,0.4964,94.1514,84.9847,6.0833,2.6166,0.4088,0.2057,0.9819,0.4521,419.0,0.0,0.0,0.0,0.1807,2.1566,0.971,1.1933
58,0,2.0,2.33,0.0,0.0,0.0,0.0,11.4643,2.6433,4.5714,-223.9412,118.2777,0.4286,52.49,147.6304,5.7143,5.1879,0.4184,0.0471,0.9726,0.4522,371.0,0.0,0.0,0.0,0.1444,1.6736,1.5219,1.3477
59,0,4.0,4.12,0.0,0.0,0.0,0.0,2.8264,3.1533,1.9357,43.1673,11.1069,0.3071,118.4472,118.5392,4.6257,2.791,0.4435,0.3512,0.9999,0.4874,2735.0,0.0,0.0,0.0,0.063,2.5347,1.2004,3.766
60,0,4.0,4.22,0.0,0.0,0.0,0.0,3.2206,3.0809,1.2449,65.9288,7.0061,0.5043,100.6709,61.1376,4.2449,2.6541,0.3785,0.2454,0.9927,0.3959,583.0,0.0,0.0,0.0,0.0781,2.4623,0.6194,2.2298
61,0,5.0,4.78,0.0,0.0,0.0,0.0,4.6883,3.0622,1.0649,55.0156,8.6013,0.4561,144.8075,52.375,3.039,2.5257,0.4224,0.262,0.9958,0.4345,888.0,0.0,0.0,0.0,0.1185,2.5073,0.9918,2.2523
62,0,4.0,3.99,0.0,0.0,0.0,0.0,8.4286,2.6527,1.4583,47.5645,13.9182,0.4564,89.6633,104.4231,5.1667,3.6995,0.3681,0.1274,0.992,0.433,482.0,0.0,0.0,0.0,0.1529,2.1742,-0.0,0.8299
63,0,5.0,4.35,0.0,0.0,0.0,0.0,3.1829,3.1392,1.5396,46.1156,10.2957,0.2674,137.8151,48.1801,4.3547,2.8985,0.5441,0.3078,0.9999,0.4205,3609.0,0.0,0.0,0.0,0.0806,2.451,1.221,3.4081
64,0,5.0,4.87,0.0,0.0,0.0,0.0,5.5333,3.0099,2.9091,37.8606,15.8844,0.4288,83.1794,70.4515,5.8636,3.3333,0.4774,0.2058,0.994,0.528,632.0,0.0,0.0,0.0,0.1949,2.3398,1.614,1.8987
65,0,4.0,3.86,0.0,0.0,0.0,0.0,9.8649,2.9342,5.0,-51.0866,52.1836,0.4139,41.8495,144.9403,6.7,3.7147,0.3609,0.2102,0.9612,0.5502,476.0,0.0,0.0,0.0,0.2134,2.0531,-0.0,0.8403
66,0,4.0,3.8,0.0,0.0,0.0,0.0,3.4444,3.0749,2.0769,29.1666,18.4078,0.4111,56.8791,127.3675,5.0,3.5123,0.398,0.2147,0.9968,0.5756,433.0,0.0,0.0,0.0,0.1369,2.16,0.7219,1.1547
67,0,4.0,4.07,0.0,0.0,0.0,0.0,8.9333,2.8307,2.5556,-55.0232,55.8795,0.3444,57.6191,160.3355,6.2222,6.3305,0.4122,0.1228,0.9925,0.4964,514.0,0.0,0.0,0.0,0.1537,1.5221,0.9183,0.5837
68,0,4.0,4.18,0.0,0.0,0.0,0.0,4.898,2.9805,2.9583,25.5904,20.1813,0.4692,206.6395,48.3387,5.0833,3.2174,0.5497,0.2759,0.9928,0.5497,601.0,0.0,0.0,0.0,0.0969,2.1595,0.9913,2.1631
69,0,4.0,4.0,0.0,0.0,0.0,0.0,2.934,2.9256,0.899,52.6873,8.3504,0.384,131.1144,97.8633,3.899,2.4209,0.4579,0.3026,0.9963,0.5018,849.0,0.0,0.0,0.0,0.061,2.3527,0.6588,5.7715
70,0,5.0,4.61,0.0,0.0,0.0,0.0,5.5036,2.8669,3.5,-126.0548,79.7196,0.3133,140.3836,62.9594,6.2917,3.6346,0.6615,0.1436,0.9875,0.4754,884.0,0.0,0.0,0.0,0.1381,2.5638,1.1488,0.7919
71,0,5.0,4.62,0.0,0.0,0.0,0.0,7.5,2.8353,2.0667,-147.8475,88.9079,0.4162,71.3597,123.1062,7.0,3.8283,0.4526,0.197,0.9948,0.4101,519.0,0.0,0.0,0.0,0.1676,1.8134,-0.0,1.1561
72,0,5.0,4.09,0.0,0.0,0.0,0.0,3.7686,3.0616,3.75,8.2237,29.347,0.321,63.9633,145.6299,7.25,3.6326,0.5082,0.2085,0.9941,0.4819,673.0,0.0,0.0,0.0,0.1638,1.7741,1.0409,1.7831
73,0,4.0,4.61,0.0,0.0,0.0,0.0,5.5479,2.8503,2.0526,43.3341,15.8527,0.4637,126.8678,64.6902,5.7368,3.3661,0.414,0.2216,0.9943,0.5024,509.0,0.0,0.0,0.0,0.1573,2.168,-0.0,1.7682
74,0,5.0,4.57,0.0,0.0,0.0,0.0,2.6653,3.1912,3.5517,21.7527,21.2999,0.3047,67.6548,112.6066,6.6207,3.6834,0.6489,0.3333,0.9992,0.6258,955.0,0.0,0.0,0.0,0.129,2.1088,0.5788,3.0366
75,0,4.0,3.86,0.0,0.0,0.0,0.0,3.8902,2.8257,5.4286,-44.1283,50.5506,0.3917,53.0815,185.9375,7.5714,4.0372,0.3937,0.2308,0.9826,0.3911,480.0,0.0,0.0,0.0,0.2414,1.9978,0.65,1.25
0,1,4.0,3.68,0.6672,0.0,0.1122,0.5627,6.5135,2.8902,2.5,27.371,18.8819,0.539,111.3169,90.8669,3.9286,2.6414,0.4157,0.4242,0.9939,0.4544,308.0,-3.6973,40.3386,0.2969,0.1293,1.9097,0.8113,1.2987
1,1,4.0,3.81,0.6711,0.0,0.0841,0.1768,2.4189,3.2588,2.8788,26.6164,13.9831,0.5759,178.0529,72.1263,4.9697,2.7668,0.2483,0.4353,0.9973,0.3996,507.0,-3.4755,32.3127,0.2207,0.0279,2.2989,1.1106,7.6923
2,1,2.0,4.31,0.0,0.0,0.0,0.0,3.5622,3.0841,1.4884,41.936,11.3345,0.4172,202.6439,50.5045,4.2209,2.9548,0.426,0.2665,0.999,0.5102,1184.0,0.0,0.0,0.0,0.0747,2.3989,0.9977,2.9561
3,1,5.0,4.92,0.0,0.0,0.0,0.0,6.7724,2.9169,2.0656,42.0242,15.0646,0.3239,122.6135,57.7822,4.2623,2.8404,0.5413,0.155,0.9996,0.4421,1207.0,0.0,0.0,0.0,0.1426,2.4,1.1918,1.657
4,1,2.0,2.81,0.6428,0.0,0.1127,0.4283,6.4902,3.007,4.2727,22.1966,24.1108,0.482,52.2145,138.5605,5.9091,4.0844,0.3311,0.2288,0.988,0.4911,473.0,-3.376,29.2548,0.3401,0.1885,1.9483,0.7642,1.9027
5,1,4.0,3.93,0.0,0.0,0.0,0.0,5.4627,2.6767,1.9231,-20.8635,36.7392,0.3398,48.4891,171.3562,6.9231,3.5025,0.4909,0.201,0.9959,0.4528,512.0,0.0,0.0,0.0,0.175,2.061,-0.0,1.3672
6,1,4.0,4.07,0.0,0.0,0.0,0.0,8.2667,2.9658,2.7143,38.0784,15.9743,0.4847,108.3967,105.5247,5.1429,3.2902,0.3942,0.2534,0.9897,0.5239,491.0,0.0,0.0,0.0,0.1509,1.81,1.4591,1.222
7,1,4.0,4.01,0.0,0.0,0.0,0.0,3.2111,2.8837,1.2083,38.9806,11.6459,0.4187,48.8018,148.2338,5.6667,3.4289,0.4674,0.2681,0.9948,0.5461,418.0,0.0,0.0,0.0,0.1214,1.5353,0.7219,2.3923
8,1,3.0,3.57,0.0,0.0,0.0,0.0,4.7792,3.0621,2.9412,39.8483,16.624,0.5073,82.9638,59.9718,4.9412,2.9791,0.3742,0.2199,0.9825,0.4126,479.0,0.0,0.0,0.0,0.1374,2.3025,1.2516,1.2526
9,1,3.0,3.48,0.0,0.0,0.0,0.0,4.217,2.8853,1.0,58.6415,8.0558,0.4024,94.3865,84.9761,4.7347,2.9347,0.4567,0.25,0.9965,0.4691,589.0,0.0,0.0,0.0,0.069,2.035,0.5033,3.056
10,1,4.0,4.02,0.0,0.0,0.0,0.0,10.6061,2.8124,3.0,11.8978,29.8841,0.3605,39.4637,174.5289,5.8,3.5207,0.4135,0.1263,0.9826,0.4866,466.0,0.0,0.0,0.0,0.2252,1.6652,-0.0,0.6438
11,1,4.0,4.04,0.0,0.0,0.0,0.0,7.8824,2.8324,7.0,-21.7357,40.0573,0.4734,86.2557,100.1365,8.6,3.4133,0.3853,0.1835,0.9928,0.5098,338.0,0.0,0.0,0.0,0.1826,1.9633,-0.0,0.8876
12,1,5.0,4.45,0.6731,0.0,0.2231,0.4042,9.5581,2.8864,4.3333,-72.2403,61.0136,0.352,47.1059,147.1412,6.4167,4.0902,0.4586,0.2087,0.9919,0.4972,554.0,-3.1835,24.1312,0.3058,0.2187,1.8166,-0.0,0.9025
13,1,5.0,4.53,0.0,0.0,0.0,0.0,2.5877,2.9406,1.0505,49.2981,9.2996,0.3721,126.2784,111.7144,4.7576,2.6793,0.5,0.3141,0.9985,0.4643,1126.0,0.0,0.0,0.0,0.053,2.3435,0.8082,4.7069
14,1,5.0,4.04,0.0,0.0,0.0,0.0,8.6,2.7089,2.75,-63.3114,52.3982,0.561,192.5,62.2027,5.75,3.7612,0.3651,0.1972,0.9932,0.4678,385.0,0.0,0.0,0.0,0.0906,2.5648,-0.0,1.5584
15,1,4.0,4.12,0.0,0.0,0.0,0.0,6.8958,2.8034,1.4583,46.7841,14.2488,0.5284,153.2061,61.2102,4.5833,3.0167,0.375,0.2302,0.9929,0.4892,405.0,0.0,0.0,0.0,0.1385,1.7033,0.8113,0.9877
16,1,4.0,4.12,0.0,0.0,0.0,0.0,3.6325,2.9061,1.75,24.0577,19.5016,0.2914,150.8376,88.3031,5.3333,3.2098,0.554,0.2923,0.9979,0.5427,1644.0,0.0,0.0,0.0,0.0763,2.7677,0.5015,5.4745
17,1,4.0,3.86,0.7631,0.0,0.0,0.0,5.4167,3.0105,4.5,-9.162,33.1693,0.8659,171.1564,44.6163,6.5,3.4229,0.1333,0.1111,0.9393,0.6,82.0,-4.363,78.4923,0.3193,0.0642,1.9502,1.0,2.439
18,1,3.0,2.79,0.6604,0.0,0.1238,0.2408,6.6596,2.9461,2.5385,28.0828,23.0769,0.3922,48.4338,190.9187,5.5385,3.3042,0.464,0.1986,0.9828,0.3458,487.0,-2.8581,17.4288,0.3659,0.1862,1.5202,1.8424,1.4374
19,1,5.0,4.51,0.0,0.0,0.0,0.0,3.9298,2.8749,1.125,48.0604,11.9915,0.3854,76.1186,110.045,5.325,2.7826,0.4769,0.2523,0.9974,0.5596,628.0,0.0,0.0,0.0,0.1403,2.1439,0.3912,2.0701
20,1,5.0,4.48,0.0,0.0,0.0,0.0,10.25,2.7268,0.9024,60.1621,8.1311,0.3816,73.2708,116.6675,4.3902,3.2855,0.4853,0.1455,0.993,0.5003,587.0,0.0,0.0,0.0,0.168,1.8178,0.8113,1.3629
21,1,4.0,3.82,1.0,0.0,0.0,0.0,1.5,2.4464,1.0,69.785,6.01,0.9,28.0,200.0,3.0,2.4444,0.0,0.0,0.0,0.2361,10.0,-5.284,197.1606,0.4,0.1,-0.0,1.0,20.0
22,1,4.0,4.09,0.0,0.0,0.0,0.0,6.5,2.827,4.3333,-86.2014,63.4164,0.5579,108.8173,61.9051,7.5,4.4349,0.4103,0.1963,0.9578,0.4704,328.0,0.0,0.0,0.0,0.152,2.3626,-0.0,0.9146
23,1,4.0,3.96,0.6246,0.0,0.0,0.0,13.0,2.686,1.9167,-166.7988,93.9113,0.5814,91.0846,130.4008,5.25,2.6638,0.2472,0.2584,0.9761,0.5063,258.0,-2.9219,18.5764,0.2554,0.0892,1.6513,0.9183,1.1628
24,1,4.0,4.17,-0.0615,0.0,0.0939,0.403,3.9474,3.0161,4.2857,15.6284,20.8074,0.4091,119.651,66.7052,5.8095,3.541,0.3966,0.2188,0.9986,0.4861,836.0,-3.2964,27.0163,0.2739,0.0866,2.117,1.4661,4.067
25,1,3.0,4.04,0.0,0.0,0.0,0.0,8.881,2.9053,3.0,37.8705,18.6347,0.4027,44.917,136.8424,6.0625,3.2134,0.3603,0.1818,0.9846,0.4781,519.0,0.0,0.0,0.0,0.2009,1.7735,-0.0,1.7341
26,1,4.0,4.09,0.0,0.0,0.0,0.0,3.5833,3.0228,4.75,9.7113,26.4378,0.3097,72.3044,120.9902,5.4167,3.3444,0.6,0.215,0.9936,0.5298,536.0,0.0,0.0,0.0,0.1444,2.2946,0.4395,2.0522
27,1,3.0,3.28,0.0,0.0,0.0,0.0,6.1867,2.6438,0.9574,46.7788,9.7764,0.3582,104.4167,106.4796,4.8085,3.1013,0.45,0.2172,0.994,0.5562,589.0,0.0,0.0,0.0,0.1022,1.9442,0.4138,2.0374
28,1,3.0,4.01,0.0,0.0,0.0,0.0,5.619,2.8097,4.6667,-50.2279,53.1404,0.4029,64.6277,179.7412,6.7778,4.4755,0.4048,0.2994,0.9922,0.4019,479.0,0.0,0.0,0.0,0.193,1.8054,0.7219,1.0438
29,1,4.0,3.96,0.5287,0.0,0.0457,0.3674,6.5833,2.8179,0.7917,52.5933,7.8462,0.7326,195.8264,45.7548,3.8333,2.6768,0.2432,0.3077,0.9674,0.4181,187.0,-3.7837,43.977,0.2276,0.0444,1.9143,1.5488,4.2781
30,1,3.0,3.54,0.0,0.0,0.0,0.0,2.1864,3.3238,2.1746,62.0839,8.063,0.477,127.6935,66.0586,3.7778,2.4639,0.3312,0.378,0.9981,0.4467,717.0,0.0,0.0,0.0,0.0412,2.7423,1.1357,4.3236
31,1,4.0,4.02,0.0,0.0,0.0,0.0,8.0,2.8581,2.8,37.664,15.6658,0.6122,183.4872,55.8361,4.4,3.2923,0.2867,0.2562,0.9838,0.4175,392.0,0.0,0.0,0.0,0.1016,2.4158,0.8113,2.0408
32,1,5.0,3.97,0.0,0.0,0.0,0.0,8.66,2.871,4.1143,25.1991,19.2047,0.2984,87.4121,101.314,5.9429,3.1583,0.5463,0.2418,0.9836,0.5515,1096.0,0.0,0.0,0.0,0.1423,1.874,1.4517,1.5511
33,1,5.0,4.82,0.6793,0.0,0.0068,0.0283,4.09,3.0367,2.0727,30.8394,15.6144,0.4329,146.4555,49.5723,5.2364,3.3559,0.4239,0.292,0.9986,0.4897,1125.0,-3.3289,27.9068,0.2439,0.0956,2.6941,1.5923,2.5778
34,1,2.0,3.6,0.349,0.0,0.1465,0.0469,4.0417,2.9956,2.8,-2.8924,28.32,0.7132,94.7106,72.1111,5.8,3.7594,0.3077,0.1034,0.9266,0.3575,129.0,-4.8293,125.1197,0.3131,0.0526,2.4194,-0.0,0.7752
35,1,1.0,2.44,0.0,0.0,0.0,0.0,8.0769,2.9512,5.4286,-50.7781,49.7392,0.4379,57.439,115.3958,6.1429,3.7608,0.4554,0.1486,0.9851,0.4325,427.0,0.0,0.0,0.0,0.1781,1.8804,1.4056,1.8735
36,1,4.0,4.0,0.0,0.0,0.0,0.0,6.4219,2.7904,6.125,-71.5224,59.837,0.384,55.5783,163.3617,6.75,3.7736,0.375,0.2335,0.9881,0.4049,539.0,0.0,0.0,0.0,0.2139,1.6928,0.7219,0.9276
37,1,5.0,4.85,0.0,0.0,0.0,0.0,5.3038,3.0266,3.0,28.1798,20.0564,0.444,105.318,68.3444,5.8333,3.6098,0.4357,0.235,0.9963,0.476,545.0,0.0,0.0,0.0,0.1446,2.1416,0.8167,2.2018
38,1,5.0,4.79,0.0,0.0,0.0,0.0,7.3509,2.8099,1.5556,41.8394,13.2812,0.4843,132.2853,62.1511,5.5185,3.296,0.442,0.2567,0.9918,0.3878,479.0,0.0,0.0,0.0,0.1198,2.2446,1.1451,2.714
39,1,4.0,3.95,0.0,0.0,0.0,0.0,6.0781,2.739,4.7143,-69.6071,59.2386,0.3802,46.8878,192.355,9.2857,5.3945,0.4567,0.1505,0.9851,0.3727,526.0,0.0,0.0,0.0,0.1414,1.9075,-0.0,0.9506
40,1,4.0,4.47,0.0,0.0,0.0,0.0,6.2245,2.9095,2.5,30.6552,21.0145,0.487,112.603,75.6836,5.5,3.1405,0.4393,0.2434,0.9872,0.462,384.0,0.0,0.0,0.0,0.1602,2.2298,0.7219,1.3021
41,1,5.0,4.66,0.0,0.0,0.0,0.0,8.325,2.7518,3.7143,30.9992,17.5809,0.4579,113.8593,91.2901,4.7857,2.8844,0.3984,0.2158,0.9887,0.5213,404.0,0.0,0.0,0.0,0.1862,2.2498,0.8113,0.9901
42,1,5.0,4.33,0.0,0.0,0.0,0.0,5.7541,2.9474,2.5,39.9343,16.4069,0.5183,109.7452,68.4917,4.8889,2.9511,0.4586,0.2468,0.9899,0.4554,436.0,0.0,0.0,0.0,0.1429,1.8749,1.1488,1.6055
43,1,5.0,4.62,0.0,0.0,0.0,0.0,5.746,2.7837,1.4516,31.1491,16.6733,0.5065,170.5951,56.2208,3.8387,2.5873,0.3893,0.3759,0.9919,0.5669,462.0,0.0,0.0,0.0,0.1301,2.4261,0.9913,2.8139
44,1,4.0,4.18,0.0,0.0,0.0,0.0,7.3043,2.8042,3.6364,26.0065,20.7491,0.4833,90.3031,114.4836,5.5455,3.7579,0.3696,0.1504,0.9949,0.4837,449.0,0.0,0.0,0.0,0.1711,2.4853,-0.0,1.3363
45,1,2.0,3.07,0.0,0.0,0.0,0.0,6.6481,2.7675,0.8056,55.1512,9.1828,0.459,78.2112,105.2109,4.1389,2.7207,0.3846,0.131,0.9955,0.4038,451.0,0.0,0.0,0.0,0.1372,1.6398,0.5436,1.7738
46,1,5.0,4.56,0.6711,0.0,0.0638,0.3728,6.9333,2.8408,4.9167,39.6334,17.1715,0.4493,68.0318,122.2899,5.5,2.4944,0.4472,0.2185,0.9581,0.4296,414.0,-3.2413,25.5658,0.313,0.2126,2.1457,0.65,1.4493
47,1,5.0,4.68,0.0,0.0,0.0,0.0,3.1829,3.176,2.0192,53.965,10.0586,0.4034,126.8179,63.8684,4.5192,2.8918,0.4581,0.4065,0.9978,0.544,776.0,0.0,0.0,0.0,0.0892,2.3653,0.9816,3.866
48,1,4.0,4.0,0.0,0.0,0.0,0.0,3.1149,2.9309,1.1552,59.3233,7.782,0.4519,119.0793,95.9998,4.6897,2.6431,0.4151,0.2513,0.9798,0.5223,624.0,0.0,0.0,0.0,0.0496,2.7237,0.1959,5.2885
49,1,4.0,3.87,0.6973,0.0,0.2069,0.1507,5.6909,2.8868,7.6,-42.1751,48.622,0.4296,48.4349,147.422,8.8,3.4557,0.4237,0.2057,0.872,0.5282,433.0,-3.2115,24.8151,0.3194,0.1847,1.9288,-0.0,0.6928
50,1,5.0,2.78,0.7097,0.0,0.0389,0.4691,7.0,2.9762,4.6,28.1258,21.6335,0.4056,40.857,177.7778,5.6,5.8985,0.3293,0.0847,0.9874,0.6745,360.0,-2.9141,18.4323,0.3249,0.1425,0.9998,1.3516,2.5
51,1,4.0,3.99,0.5736,0.0,0.0629,0.4478,4.3594,2.7918,4.5714,32.2986,22.5835,0.3475,35.1397,270.2748,6.8571,3.2069,0.41,0.1942,0.9881,0.4829,423.0,-2.9478,19.0647,0.3129,0.2156,1.9124,-0.0,0.9456
52,1,4.0,3.95,0.0,0.0,0.0,0.0,10.6667,2.6946,3.1429,-29.9136,42.3573,0.5273,135.492,81.1754,6.5714,4.0579,0.4032,0.0547,0.9403,0.4253,330.0,0.0,0.0,0.0,0.1646,2.2094,0.8113,1.2121
53,1,5.0,4.94,0.0,0.0,0.0,0.0,11.5625,2.7392,3.5,-50.8783,51.4921,0.5256,105.9383,77.0146,7.0,3.71,0.3836,0.1333,0.9921,0.4053,430.0,0.0,0.0,0.0,0.1912,2.1964,1.4591,1.3953
54,1,5.0,4.78,0.0,0.0,0.0,0.0,4.9386,2.8721,1.1774,51.8606,9.0346,0.3901,124.641,71.7003,4.6935,2.8444,0.4625,0.2091,0.9974,0.5069,728.0,0.0,0.0,0.0,0.0935,2.1611,0.2668,3.022
55,1,4.0,4.16,0.0,0.0,0.0,0.0,6.7165,2.8081,2.2564,-37.7624,45.7707,0.3395,79.6703,82.294,5.5641,2.8703,0.508,0.1987,0.9862,0.3306,1084.0,0.0,0.0,0.0,0.1465,2.0032,1.0613,1.476
56,1,4.0,3.94,0.0,0.0,0.0,0.0,10.0606,2.8746,6.0,-36.2367,46.7172,0.4894,107.3774,117.4379,7.2,3.6763,0.3659,0.0764,0.9493,0.4697,378.0,0.0,0.0,0.0,0.1199,1.8984,0.9183,0.7937
57,1,4.0,3.91,0.0,0.0,0.0,0.0,2.5316,2.8029,0.9481,60.5142,7.0614,0.393,102.4437,128.1016,4.2468,2.6195,0.4221,0.2347,0.9888,0.4681,687.0,0.0,0.0,0.0,0.0401,2.5601,0.5501,5.8224
58,1,2.0,2.09,0.0,0.0,0.0,0.0,14.2857,2.5001,10.6667,-223.9412,118.2777,0.4286,52.49,147.6304,9.3333,10.5983,0.3939,0.027,0.9726,0.4522,371.0,0.0,0.0,0.0,0.1308,1.5176,1.5219,1.3477
59,1,3.0,3.23,0.0,0.0,0.0,0.0,38.8667,2.423,1.4444,-119.9449,78.0186,0.249,61.21,281.6958,6.6111,3.813,0.5603,0.0283,0.8268,0.3703,739.0,0.0,0.0,0.0,0.2308,2.151,-0.0,0.1353
60,1,4.0,4.24,0.0,0.0,0.0,0.0,4.7449,2.9332,1.7969,37.3894,15.4198,0.2388,84.1771,72.6176,5.2188,3.4715,0.7512,0.1789,0.9984,0.4851,1524.0,0.0,0.0,0.0,0.1299,2.3262,1.2883,3.3465
61,1,5.0,4.68,0.0,0.0,0.0,0.0,2.8596,3.1454,1.913,37.8059,12.5717,0.503,84.5758,74.7679,5.3913,3.4735,0.3125,0.2727,0.9964,0.539,495.0,0.0,0.0,0.0,0.1028,2.4039,1.2366,3.0303
62,1,4.0,4.04,0.0,0.0,0.0,0.0,5.1818,2.7791,2.9091,29.2314,19.3056,0.5359,146.1013,63.3375,6.0,3.5853,0.4167,0.1795,0.9709,0.5333,362.0,0.0,0.0,0.0,0.0924,1.6255,0.9183,1.6575
63,1,5.0,4.5,0.0,0.0,0.0,0.0,3.1086,2.9465,3.1071,17.0976,21.2257,0.3142,194.4107,66.3156,6.1071,3.4586,0.5015,0.325,0.9991,0.4428,1849.0,0.0,0.0,0.0,0.0472,2.8501,1.2642,5.3002
64,1,5.0,4.85,0.0,0.0,0.0,0.0,6.5658,2.9622,3.4,37.9329,15.9035,0.4306,83.4685,69.8584,6.1,3.6033,0.4675,0.1542,0.994,0.528,634.0,0.0,0.0,0.0,0.1652,2.4033,1.614,1.8927
65,1,4.0,3.98,0.0,0.0,0.0,0.0,11.6667,2.7013,10.0,-50.5892,49.63,0.5309,115.4883,74.0131,6.5,5.069,0.4097,0.2384,0.9892,0.4263,405.0,0.0,0.0,0.0,0.1368,2.1442,-0.0,0.9877
66,1,4.0,3.87,0.0,0.0,0.0,0.0,11.6667,2.6852,6.8,-32.5208,44.0459,0.4824,110.6315,96.0627,4.8,3.5535,0.4595,0.1216,0.9674,0.5272,369.0,0.0,0.0,0.0,0.1275,1.9485,1.4488,1.897
67,1,4.0,4.08,0.0,0.0,0.0,0.0,7.0625,2.8476,3.0,44.8529,14.1503,0.4871,95.162,79.0878,5.8,3.4492,0.4274,0.1419,0.9792,0.4843,427.0,0.0,0.0,0.0,0.1113,1.7916,1.5,0.9368
68,1,4.0,4.11,0.6917,0.0,0.1002,0.3111,5.0396,2.9183,1.9355,33.7231,16.6847,0.3652,78.3435,89.5799,5.1935,3.0218,0.4494,0.2778,0.998,0.4805,679.0,-3.2971,27.0337,0.2978,0.1257,2.1493,0.8842,2.9455
69,1,4.0,3.98,0.0,0.0,0.0,0.0,5.1951,2.9682,1.7222,23.8946,20.8348,0.3404,65.3887,131.856,6.3333,3.4027,0.6762,0.1206,0.9936,0.4915,570.0,0.0,0.0,0.0,0.1533,2.077,0.8167,2.1053
70,1,5.0,4.7,0.0,0.0,0.0,0.0,3.5407,3.0915,3.0133,18.3163,22.7079,0.2063,69.3816,95.9276,6.0667,3.372,0.6721,0.2943,0.9991,0.5185,2235.0,0.0,0.0,0.0,0.1098,2.4519,0.8866,3.4899
71,1,5.0,4.56,0.0,0.0,0.0,0.0,12.5455,2.5771,3.0,-68.9189,58.0247,0.5562,61.8643,92.3864,6.8571,3.0508,0.3281,0.1226,0.9726,0.5236,329.0,0.0,0.0,0.0,0.1828,2.1953,0.8113,1.2158
72,1,5.0,3.8,0.0,0.0,0.0,0.0,6.0323,2.8023,2.8125,13.0942,24.258,0.3659,67.9653,128.6437,7.5625,3.3562,0.5612,0.2311,0.9816,0.4567,492.0,0.0,0.0,0.0,0.1362,1.9763,0.8631,1.4228
73,1,4.0,3.85,0.6625,0.0,0.2913,0.0966,8.4643,2.7923,2.7143,-22.6529,37.7009,0.6806,198.5463,47.9842,7.0,4.6364,0.2955,0.1667,0.9783,0.5088,288.0,-3.6418,38.1589,0.2431,0.1498,2.1937,1.371,1.7361
74,1,3.0,3.14,0.0,0.0,0.0,0.0,3.8022,3.0257,3.5714,7.4504,25.1694,0.389,46.3346,156.8767,6.5714,3.5177,0.4286,0.2917,0.996,0.5673,491.0,0.0,0.0,0.0,0.1705,2.4817,1.2244,1.833
75,1,5.0,4.59,0.0,0.0,0.0,0.0,7.0175,3.0739,4.2667,11.3871,27.5704,0.4595,92.9159,92.4951,5.6,3.9904,0.3521,0.2771,0.9949,0.4839,531.0,0.0,0.0,0.0,0.1751,2.0076,1.6577,1.6949
0,2,5.0,4.19,0.6034,0.0,0.4596,0.1255,9.7742,2.8768,5.1,-101.7215,68.5623,0.6203,235.1777,47.385,5.5,2.4671,0.3588,0.25,0.8957,0.4653,345.0,-4.3536,77.7567,0.3152,0.1349,2.5868,1.4591,1.7391
1,2,5.0,4.62,0.0,0.0,0.0,0.0,5.7115,2.8533,2.5455,42.9089,17.5842,0.4755,95.6491,94.9462,5.2727,3.4271,0.4202,0.1087,0.9923,0.5362,387.0,0.0,0.0,0.0,0.1548,2.0644,0.5033,2.3256
2,2,4.0,4.23,0.0,0.0,0.0,0.0,3.0217,3.1441,1.7432,47.8251,10.8242,0.4,132.8164,54.9941,4.6757,3.0289,0.4466,0.2646,0.9988,0.4683,1160.0,0.0,0.0,0.0,0.0846,2.4374,1.5943,3.1897
3,2,5.0,4.91,0.0,0.0,0.0,0.0,6.7724,2.9184,2.0984,42.0242,15.0646,0.3248,122.6135,57.6999,4.2623,2.8192,0.535,0.1501,0.9996,0.4562,1207.0,0.0,0.0,0.0,0.1426,2.3535,1.1918,1.657
4,2,5.0,4.66,0.0,0.0,0.0,0.0,9.4516,2.8424,2.7143,48.0531,12.9953,0.5066,70.9541,101.6802,5.3571,3.4215,0.3047,0.2072,0.9899,0.5358,381.0,0.0,0.0,0.0,0.214,2.3252,0.5917,1.8373
5,2,4.0,4.21,0.0,0.0,0.0,0.0,6.1296,2.8407,1.6364,41.4592,13.8825,0.4928,107.7801,104.2031,5.3182,3.2,0.4352,0.2436,0.9919,0.5349,414.0,0.0,0.0,0.0,0.1387,1.9372,1.087,4.5894
6,2,4.0,4.15,0.0,0.0,0.0,0.0,6.8704,2.8655,4.2,37.6837,16.3048,0.5077,100.1965,88.9638,6.0,3.2685,0.3451,0.2297,0.9945,0.5272,457.0,0.0,0.0,0.0,0.1239,1.9333,1.1488,1.5317
7,2,4.0,4.0,0.0,0.0,0.0,0.0,2.568,3.1176,1.6129,45.3775,10.6736,0.5228,119.8478,85.8268,5.5806,2.8913,0.2773,0.3333,0.996,0.5049,461.0,0.0,0.0,0.0,0.0475,1.8175,1.2332,3.9046
8,2,3.0,3.57,0.0,0.0,0.0,0.0,4.7792,3.0621,2.9412,39.8483,16.624,0.5073,82.9638,59.9718,4.9412,2.9791,0.3742,0.2199,0.9825,0.4126,479.0,0.0,0.0,0.0,0.1374,2.3025,1.2516,1.2526
9,2,4.0,4.19,0.0,0.0,0.0,0.0,4.1376,2.8267,1.7097,42.3941,12.8634,0.3993,112.7419,78.9942,5.4839,3.0642,0.5079,0.3254,0.9968,0.5291,596.0,0.0,0.0,0.0,0.1014,1.9069,1.0862,3.8591
10,2,3.0,3.34,0.0,0.0,0.0,0.0,9.1628,2.7199,4.6,20.9199,22.5144,0.4522,110.7403,90.0756,5.9,3.5477,0.4085,0.209,0.986,0.5526,460.0,0.0,0.0,0.0,0.1578,2.1353,-0.0,1.9565
11,2,4.0,4.09,0.0,0.0,0.0,0.0,12.0,2.8483,4.5556,-6.5973,34.2028,0.4419,53.5222,117.3361,6.7778,3.9975,0.411,0.2242,0.991,0.4373,482.0,0.0,0.0,0.0,0.188,1.7339,0.65,1.2448
12,2,5.0,4.57,0.0,0.0,0.0,0.0,7.0263,2.8247,4.8,-15.5652,40.0247,0.5262,107.1444,85.5858,8.0,3.8636,0.4074,0.1261,0.9688,0.4706,325.0,0.0,0.0,0.0,0.1762,1.9813,0.9183,1.8462
13,2,2.0,3.46,0.0,0.0,0.0,0.0,4.0599,2.9251,1.1681,45.2209,10.3515,0.3874,203.4336,49.7255,4.2743,2.8859,0.4877,0.2735,0.9982,0.5045,1412.0,0.0,0.0,0.0,0.07,2.6308,1.5129,2.5496
14,2,5.0,4.52,0.0,0.0,0.0,0.0,13.0667,2.9087,8.8571,-71.28,58.2298,0.3938,61.7097,145.0779,7.0,3.3996,0.4274,0.2022,0.9938,0.5301,513.0,0.0,0.0,0.0,0.183,1.5953,-0.0,0.7797
15,2,4.0,3.97,0.6022,0.0,0.0506,0.1203,9.5238,2.7672,4.6,-31.9678,45.2937,0.4731,52.3635,152.8757,6.0,3.7901,0.358,0.1951,0.9041,0.5079,279.0,-3.2134,24.8627,0.2887,0.1919,1.847,-0.0,1.0753
16,2,2.0,4.48,0.0,0.0,0.0,0.0,4.1351,2.9741,2.0278,38.5685,13.6978,0.3728,110.7829,75.5033,5.6944,3.4655,0.5267,0.2776,0.9983,0.5263,794.0,0.0,0.0,0.0,0.0974,2.0444,1.1965,4.2821
17,2,2.0,2.73,-0.0435,0.0,0.0116,0.3262,7.2857,2.6865,3.25,30.9707,16.0197,0.685,65.3909,124.0002,6.5,3.0818,0.3636,0.1714,0.9712,0.4,127.0,-3.114,22.5105,0.3613,0.1099,2.1211,-0.0,1.5748
18,2,4.0,3.94,0.5745,0.0,0.0542,0.2047,7.1648,3.0538,3.4286,33.2709,22.6904,0.2297,50.0522,218.3307,5.5143,3.038,0.6449,0.2005,0.9949,0.4342,984.0,-2.3371,10.3508,0.3465,0.2258,1.6154,0.469,1.0163
19,2,5.0,4.77,0.0,0.0,0.0,0.0,8.3474,2.7617,3.087,-32.7484,44.3778,0.3151,86.9878,83.1273,6.6957,3.5596,0.5561,0.1741,0.9986,0.4479,987.0,0.0,0.0,0.0,0.1607,2.0144,1.3568,1.0132
20,2,5.0,4.58,0.0,0.0,0.0,0.0,4.5889,2.8121,0.7209,47.9599,10.1457,0.4725,118.2033,71.7966,4.4884,2.9242,0.3922,0.202,0.9761,0.4264,527.0,0.0,0.0,0.0,0.0995,2.2065,-0.0,2.0873
21,2,4.0,3.82,1.0,0.0,0.0,0.0,1.5,2.4464,1.0,69.785,6.01,0.9,28.0,200.0,3.0,2.4444,0.0,0.0,0.0,0.2361,10.0,-5.284,197.1606,0.4,0.1,-0.0,1.0,20.0
22,2,4.0,4.04,0.0,0.0,0.0,0.0,11.9667,2.7534,2.375,-126.2823,77.4534,0.5664,162.4553,57.7886,5.6875,3.4424,0.4203,0.1781,0.8519,0.4589,399.0,0.0,0.0,0.0,0.1265,2.2797,1.0,0.5013
23,2,4.0,3.97,-0.0953,0.0,0.0,0.0,13.0,2.686,1.9167,-166.7988,93.9113,0.5814,91.0846,130.4008,5.25,2.6638,0.2472,0.2584,0.9761,0.5063,258.0,-2.9219,18.5764,0.2554,0.0892,1.6513,0.9183,1.1628
24,2,4.0,3.97,0.0,0.0,0.0,0.0,9.2593,2.681,3.125,-17.3674,37.8746,0.5705,86.3373,78.3748,6.375,3.6353,0.3704,0.1474,0.9792,0.5355,298.0,0.0,0.0,0.0,0.1197,2.2423,-0.0,1.0067
25,2,4.0,4.01,0.0,0.0,0.0,0.0,9.7447,2.9297,11.8333,-89.368,67.8743,0.387,60.4332,162.7465,9.1667,5.0778,0.4295,0.2087,0.9774,0.4193,602.0,0.0,0.0,0.0,0.1768,1.6658,0.65,0.9967
26,2,4.0,3.89,0.0,0.0,0.0,0.0,5.2075,2.9708,1.9444,51.4839,11.8277,0.5184,53.3796,113.5734,5.4444,2.8693,0.2672,0.2547,0.9312,0.3782,380.0,0.0,0.0,0.0,0.1581,2.0574,1.1488,1.8421
27,2,4.0,3.99,0.0,0.0,0.0,0.0,4.9189,2.9935,2.9375,34.6464,19.9097,0.4297,47.5596,117.3218,6.0,3.1993,0.3309,0.1921,0.9776,0.4967,505.0,0.0,0.0,0.0,0.1917,1.8956,0.65,1.1881
28,2,3.0,3.51,0.0,0.0,0.0,0.0,7.0566,2.8386,5.3333,-72.8054,57.5317,0.4513,96.7471,94.7323,8.2222,3.8504,0.4,0.1963,0.9914,0.5495,483.0,0.0,0.0,0.0,0.187,1.9483,1.0,0.8282
29,2,4.0,4.0,0.8159,0.0,0.0424,0.2832,3.7045,3.072,1.2941,48.1903,9.4897,0.7642,251.6864,38.7148,4.8824,3.1627,0.1778,0.3214,0.2023,0.4821,212.0,-3.6093,36.9392,0.25,0.0478,2.4402,1.1488,3.3019
30,2,4.0,3.53,0.5729,0.0,0.3312,0.0781,4.0952,2.9948,3.6667,-44.1878,45.6318,0.7589,260.1719,33.4821,6.0,3.7546,0.1753,0.4286,0.9633,0.3723,224.0,-3.9046,49.628,0.2485,0.0693,2.7386,0.7219,2.2321
31,2,4.0,4.14,0.0,0.0,0.0,0.0,8.5833,2.8503,3.6,-43.806,47.1312,0.5373,137.0363,52.599,6.3,3.712,0.3613,0.2012,0.993,0.5051,482.0,0.0,0.0,0.0,0.1111,2.2022,1.3788,1.4523
32,2,4.0,4.02,0.0,0.0,0.0,0.0,4.5376,2.9261,1.3784,40.2009,13.5079,0.3316,88.2087,123.016,5.2432,3.3312,0.5376,0.2119,0.9975,0.4386,579.0,0.0,0.0,0.0,0.1179,1.8005,0.6144,3.1088
33,2,5.0,4.9,0.0,0.0,0.0,0.0,4.09,3.0378,2.1887,30.8394,15.6144,0.4338,146.7388,49.3195,5.3585,3.436,0.426,0.3203,0.9986,0.4897,1125.0,0.0,0.0,0.0,0.0969,2.7198,1.5923,2.5778
34,2,5.0,4.73,0.0,0.0,0.0,0.0,5.6111,2.9517,2.0,37.5789,13.9801,0.5179,154.9298,59.9224,4.1875,3.2637,0.376,0.2848,0.9914,0.474,475.0,0.0,0.0,0.0,0.0733,2.3342,1.7806,3.3684
35,2,2.0,2.9,0.0,0.0,0.0,0.0,15.0,2.6707,1.1818,39.3812,14.8466,0.4585,107.8122,84.9687,4.4091,2.9233,0.5455,0.1429,0.9823,0.5614,386.0,0.0,0.0,0.0,0.1763,1.9087,0.9183,0.7772
36,2,4.0,4.03,0.0,0.0,0.0,0.0,15.8125,2.4919,2.6429,-65.7995,54.36,0.5446,171.3646,50.5102,5.1429,3.3915,0.3649,0.0962,0.9921,0.4226,560.0,0.0,0.0,0.0,0.1531,2.4108,1.1488,1.25
37,2,5.0,4.73,0.0,0.0,0.0,0.0,3.9149,3.086,1.6897,51.9394,12.5909,0.4545,86.7114,70.4588,5.3448,2.9221,0.442,0.2874,0.9979,0.5523,506.0,0.0,0.0,0.0,0.1311,2.1187,0.5033,1.7787
38,2,4.0,4.13,0.0,0.0,0.0,0.0,3.7248,2.9928,1.4872,45.0869,11.1596,0.4111,101.4435,84.5679,5.1538,3.216,0.5,0.203,0.9956,0.5405,540.0,0.0,0.0,0.0,0.087,2.024,1.0389,2.7778
39,2,2.0,2.79,0.6675,0.0,0.015,0.3723,9.8293,2.8541,0.9828,75.4337,4.8195,0.2853,36.533,265.0818,3.6034,2.8373,0.5526,0.1991,0.9776,0.4814,659.0,-2.5573,12.9006,0.362,0.2249,1.143,1.1488,1.0622
40,2,2.0,2.97,0.0,0.0,0.0,0.0,9.1333,2.6177,1.2353,40.4333,14.2595,0.6156,144.4265,60.6903,4.9412,3.2175,0.3385,0.0741,0.9921,0.3244,307.0,0.0,0.0,0.0,0.1081,2.4505,1.4591,1.9544
41,2,5.0,4.27,0.6093,0.0,0.1703,0.2416,4.5,2.8687,3.6,20.0925,25.3625,0.4281,42.5223,208.025,7.6,3.9909,0.4304,0.1546,0.9851,0.5346,313.0,-3.0343,20.7865,0.3772,0.2244,1.7849,-0.0,1.278
42,2,4.0,4.19,0.0,0.0,0.0,0.0,6.75,2.7149,2.8235,6.484,26.7223,0.4515,92.4972,109.4596,5.2941,3.0462,0.4672,0.2,0.9917,0.4213,392.0,0.0,0.0,0.0,0.1551,2.2558,0.8113,1.0204
43,2,5.0,4.36,0.63,0.0,0.0988,0.1422,12.15,2.6423,4.4,-16.7906,36.7176,0.564,99.4883,85.4875,7.8,3.5243,0.3611,0.1237,0.9674,0.4933,289.0,-3.6767,39.5171,0.3763,0.1637,2.0226,-0.0,0.692
44,2,4.0,4.1,0.0,0.0,0.0,0.0,7.3095,2.8903,1.7895,38.4826,16.2141,0.5093,122.3229,73.4544,4.9474,2.869,0.4609,0.2518,0.9647,0.496,377.0,0.0,0.0,0.0,0.137,1.9873,0.9183,1.5915
45,2,2.0,3.14,0.0,0.0,0.0,0.0,8.6744,2.7498,3.8182,12.3042,25.4551,0.4665,130.0835,83.1075,6.0,3.6409,0.3955,0.2179,0.9806,0.4811,448.0,0.0,0.0,0.0,0.1653,2.0747,0.5917,1.5625
46,2,5.0,4.54,0.0,0.0,0.0,0.0,3.6111,2.9882,1.4348,57.0952,9.9685,0.4609,86.7306,81.4745,5.3478,3.2796,0.4104,0.2571,0.9826,0.46,460.0,0.0,0.0,0.0,0.1456,1.7031,0.8167,2.6087
47,2,5.0,4.65,0.0,0.0,0.0,0.0,3.5185,3.0778,4.0,33.0306,18.2581,0.3519,58.8023,114.027,5.9565,3.4116,0.4938,0.3127,0.9932,0.4258,807.0,0.0,0.0,0.0,0.147,2.3161,0.952,2.1066
48,2,4.0,4.0,0.0,0.0,0.0,0.0,3.1149,2.9309,1.1552,59.3233,7.782,0.4519,119.0793,95.9998,4.6897,2.6431,0.4151,0.2513,0.9798,0.5223,624.0,0.0,0.0,0.0,0.0496,2.7237,0.1959,5.2885
49,2,5.0,4.57,0.0,0.0,0.0,0.0,7.8684,2.7928,1.4762,10.4512,23.4422,0.7011,181.6961,31.5431,4.7143,2.9743,0.2229,0.1739,0.9862,0.4635,348.0,0.0,0.0,0.0,0.065,2.7978,0.7219,1.4368
50,2,5.0,4.55,0.0,0.0,0.0,0.0,8.6341,2.6383,2.8,-9.7973,33.9535,0.5109,102.7417,68.4767,7.0,4.338,0.4478,0.1218,0.9806,0.3621,413.0,0.0,0.0,0.0,0.0733,2.2423,1.5726,2.6634
51,2,5.0,4.86,0.0,0.0,0.0,0.0,10.5938,2.7035,2.6364,-49.1854,49.8482,0.4715,82.3855,111.0776,6.9091,3.5515,0.4252,0.1131,0.9941,0.5461,403.0,0.0,0.0,0.0,0.1865,2.1761,1.0,0.9926
52,2,4.0,3.99,0.6323,0.0,0.1124,0.1018,5.7347,2.9201,9.0,-47.9628,46.7794,0.6,184.4953,47.0588,8.75,5.0449,0.3607,0.2472,0.936,0.534,340.0,-4.1911,66.0928,0.3134,0.0958,2.7016,0.7219,1.4706
53,2,5.0,4.97,0.0,0.0,0.0,0.0,11.5625,2.7429,3.6,-50.8783,51.4921,0.5279,105.9383,76.9064,6.6,3.5966,0.3699,0.1341,0.9921,0.4053,430.0,0.0,0.0,0.0,0.1928,2.164,1.4591,1.3953
54,2,4.0,3.97,0.0,0.0,0.0,0.0,3.5924,3.038,3.1304,21.8089,22.3372,0.2994,47.435,155.8508,6.3478,3.2869,0.4855,0.3367,0.9941,0.5397,815.0,0.0,0.0,0.0,0.157,2.0807,0.8343,2.0859
55,2,5.0,4.66,0.0,0.0,0.0,0.0,8.8614,2.4701,1.9643,-60.2137,52.2146,0.3908,180.665,41.4028,6.5,3.7661,0.6107,0.1858,0.9927,0.4156,1021.0,0.0,0.0,0.0,0.1291,2.2294,1.1887,1.1753
56,2,4.0,4.09,0.0,0.0,0.0,0.0,10.1316,2.7951,3.6667,-56.1738,52.7276,0.4503,105.9975,104.4328,7.0,3.3008,0.4758,0.1584,0.9851,0.5206,433.0,0.0,0.0,0.0,0.1555,1.948,0.8113,0.9238
57,2,5.0,4.7,0.0,0.0,0.0,0.0,4.9492,2.8597,1.2195,57.0806,7.4404,0.6246,186.7826,55.2378,4.2683,2.6946,0.3462,0.3108,0.9871,0.5189,357.0,0.0,0.0,0.0,0.0412,2.9104,0.5917,1.9608
58,2,2.0,2.09,0.0,0.0,0.0,0.0,14.2857,2.5001,10.6667,-223.9412,118.2777,0.4286,52.49,147.6304,9.3333,10.5983,0.3939,0.027,0.9726,0.4522,371.0,0.0,0.0,0.0,0.1308,1.5176,1.5219,1.3477
59,2,4.0,3.9,0.7896,0.0,0.0017,0.0148,1.0,3.013,3.0,60.705,7.7733,0.9167,80.64,104.1667,5.0,2.6,0.125,0.0,0.3382,0.5,24.0,-3.7255,41.4914,0.3462,0.0,0.0,0.0,0.0
60,2,4.0,3.91,0.5731,0.0,0.0113,0.5719,7.7188,3.0496,4.75,39.8948,18.1288,0.4,39.7054,217.0764,5.25,3.3994,0.3469,0.198,0.7579,0.5026,365.0,-3.0597,21.3211,0.351,0.2338,1.5762,0.8113,1.0959
61,2,5.0,4.77,0.0,0.0,0.0,0.0,7.2803,2.8788,4.2903,-30.1474,42.8039,0.3099,119.0091,75.9565,6.2581,3.783,0.615,0.287,0.9973,0.4582,1139.0,0.0,0.0,0.0,0.1276,2.1163,1.2871,1.2291
62,2,4.0,4.08,0.0,0.0,0.0,0.0,8.075,2.7258,2.7333,46.3235,13.4866,0.5049,109.1194,76.8036,4.3333,2.8782,0.3664,0.1053,0.9947,0.4508,406.0,0.0,0.0,0.0,0.089,1.6955,0.8659,2.7094
63,2,5.0,4.68,0.0,0.0,0.0,0.0,4.7526,2.8013,1.1163,53.4654,8.8955,0.3887,80.9277,81.6288,4.8372,3.3743,0.517,0.2066,0.9934,0.5057,584.0,0.0,0.0,0.0,0.0924,2.4056,0.6686,2.7397
64,2,5.0,4.57,0.0,0.0,0.0,0.0,7.2632,2.9072,4.1333,34.4058,17.6729,0.454,111.893,88.9243,5.9333,2.9026,0.4452,0.2044,0.9855,0.4338,511.0,0.0,0.0,0.0,0.154,1.9061,1.0613,1.5656
65,2,3.0,3.4,0.6255,0.0,0.0598,0.5198,9.9583,2.8096,3.3333,29.2479,19.6138,0.57,117.6568,88.9935,5.5556,3.7574,0.3524,0.1685,0.9891,0.4905,293.0,-3.8908,48.95,0.2743,0.1446,2.2053,1.5,1.3652
66,2,4.0,3.88,0.0,0.0,0.0,0.0,6.6957,2.8236,1.0465,68.2526,5.8117,0.4605,97.496,109.6809,3.3953,2.3278,0.3259,0.3084,0.872,0.4513,430.0,0.0,0.0,0.0,0.1848,1.6746,1.6577,2.093
67,2,4.0,4.08,0.0,0.0,0.0,0.0,8.2222,2.6075,1.1379,47.6548,9.9705,0.5498,170.8534,57.2763,4.3793,3.1215,0.4172,0.1242,0.9828,0.464,422.0,0.0,0.0,0.0,0.0883,2.1052,1.1568,2.3697
68,2,4.0,4.1,0.0,0.0,0.0,0.0,8.4773,2.8334,1.8947,17.3334,22.1037,0.6705,292.7653,29.5186,5.2105,3.0643,0.2417,0.2,0.9866,0.4582,434.0,0.0,0.0,0.0,0.1021,2.5296,1.4591,1.3825
69,2,4.0,3.86,0.0,0.0,0.0,0.0,4.3711,2.9766,1.5714,31.9291,16.4605,0.3691,76.6661,116.691,5.4643,3.3415,0.4643,0.1339,0.9882,0.5058,569.0,0.0,0.0,0.0,0.129,1.9516,1.4838,2.4605
70,2,3.0,3.39,0.667,0.0,0.0405,0.0547,10.7826,2.7596,3.1111,-1.1157,29.7491,0.6014,159.0642,49.1382,4.1111,2.9829,0.3772,0.1932,0.9552,0.4206,281.0,-3.7735,43.5341,0.3155,0.14,2.6276,0.9183,1.0676
71,2,5.0,4.56,0.0,0.0,0.0,0.0,11.2222,2.827,3.7,-39.704,45.7931,0.5066,106.0077,89.418,5.7,3.431,0.3496,0.3694,0.9812,0.566,381.0,0.0,0.0,0.0,0.1657,1.7282,1.2516,1.5748
72,2,5.0,4.52,0.0,0.0,0.0,0.0,4.746,2.8654,0.9767,56.2596,7.5239,0.6521,214.1447,37.9809,4.1163,2.6807,0.2868,0.3176,0.9402,0.3745,365.0,0.0,0.0,0.0,0.0603,2.0785,1.3516,2.4658
73,2,3.0,3.41,0.0,0.0,0.0,0.0,7.898,2.7675,1.9333,20.7041,22.5445,0.4382,88.1656,96.9575,5.0667,3.3058,0.4683,0.1564,0.9786,0.4976,445.0,0.0,0.0,0.0,0.1308,1.8309,0.8113,0.8989
74,2,4.0,3.87,0.5679,0.0,0.0543,0.2287,3.7176,3.0357,6.0,-31.8205,41.7952,0.3942,67.4373,144.6421,7.375,4.1587,0.4556,0.3133,0.9967,0.5467,449.0,-2.7338,15.3907,0.2492,0.1521,2.4468,0.4395,2.4499
75,2,4.0,3.69,-0.0486,0.0,0.0,0.0,1.0,1.2516,0.0,49.48,7.6,1.0,0.0,0.0,2.0,1.4,0.0,0.0,0.2732,0.0,6.0,-9.4725,12996.7183,0.6667,0.3333,-0.0,0.0,0.0
0,3,5.0,4.32,0.0,0.0,0.0,0.0,8.1667,2.6018,4.7778,-6.3821,31.5891,0.4668,112.0558,84.6368,6.4444,4.9711,0.4737,0.1768,0.987,0.4849,407.0,0.0,0.0,0.0,0.1067,1.6118,1.1568,2.457
1,3,4.0,3.87,0.0,0.0,0.0,0.0,6.86,2.7,1.2667,31.8932,20.1143,0.3265,50.4208,142.2247,6.4,3.7019,0.6341,0.1065,0.9826,0.4971,441.0,0.0,0.0,0.0,0.1382,1.8573,0.5917,1.5873
2,3,4.0,4.18,0.0,0.0,0.0,0.0,8.0192,2.8387,6.2857,-75.2578,59.6127,0.4442,131.5455,77.0215,7.1429,4.3159,0.4514,0.202,0.9954,0.4457,493.0,0.0,0.0,0.0,0.1573,2.2026,-0.0,1.8256
3,3,5.0,4.81,0.0,0.0,0.0,0.0,4.5847,2.9671,1.9143,36.8266,13.947,0.4788,116.3879,54.3207,5.1714,2.9151,0.3923,0.2227,0.9961,0.512,683.0,0.0,0.0,0.0,0.0949,2.1764,1.1401,2.489
4,3,5.0,3.93,0.0,0.0,0.0,0.0,11.2222,2.6581,2.9091,13.1553,25.3719,0.4487,101.7322,100.975,6.0909,3.7413,0.4887,0.148,0.9902,0.4702,439.0,0.0,0.0,0.0,0.146,1.8469,-0.0,1.139
5,3,2.0,2.81,0.0,0.0,0.0,0.0,3.7887,2.9717,3.25,1.6297,29.1301,0.4005,63.5625,159.5689,5.625,3.8599,0.3953,0.2835,0.9947,0.619,392.0,0.0,0.0,0.0,0.1553,2.1297,0.5436,2.0408
6,3,4.0,4.18,0.0,0.0,0.0,0.0,9.8125,2.7622,1.8182,-55.5015,50.1495,0.4951,113.4553,102.558,6.3636,3.7256,0.3873,0.1269,0.9758,0.465,410.0,0.0,0.0,0.0,0.1599,2.2829,0.5917,1.7073
7,3,4.0,3.79,0.749,0.0,0.0112,0.4503,2.06,3.2968,1.9545,52.4133,9.5923,0.6006,108.8763,76.6805,4.7273,2.9366,0.3077,0.4314,0.992,0.368,323.0,-3.5583,35.1024,0.2494,0.0449,2.135,1.1401,5.2632
8,3,2.0,2.41,0.5421,0.0,0.0661,0.2114,5.3542,2.9213,4.5,15.9806,25.5882,0.4911,61.1496,136.7249,6.1667,3.5561,0.4222,0.1639,0.9806,0.4448,338.0,-3.2791,26.5511,0.3214,0.1195,1.8015,1.8464,2.9586
9,3,3.0,3.62,0.0,0.0,0.0,0.0,9.5938,2.7735,3.6667,-100.5064,69.1381,0.5944,177.1782,58.7963,5.4444,3.7345,0.3852,0.1949,0.9936,0.4608,360.0,0.0,0.0,0.0,0.0992,2.204,0.8113,1.1111
10,3,2.0,4.13,0.0,0.0,0.0,0.0,3.2877,2.9737,2.3043,0.4091,30.0954,0.3578,86.7269,119.796,6.3478,3.9089,0.5221,0.2979,0.9947,0.5053,682.0,0.0,0.0,0.0,0.127,2.079,0.3228,4.9853
11,3,4.0,4.09,0.0,0.0,0.0,0.0,12.0,2.8483,4.5556,-6.5973,34.2028,0.4419,53.5222,117.3361,6.7778,3.9975,0.411,0.2242,0.991,0.4373,482.0,0.0,0.0,0.0,0.188,1.7339,0.65,1.2448
12,3,5.0,4.49,0.0,0.0,0.0,0.0,5.0968,2.8329,2.8889,31.4125,20.2745,0.4408,50.9411,146.8721,5.6667,3.6258,0.4264,0.2,0.981,0.5268,456.0,0.0,0.0,0.0,0.208,1.6185,0.9544,1.7544
13,3,4.0,3.8,-0.0165,0.0,0.0,0.0,0.4444,3.0391,3.0,69.9938,6.7262,1.0,0.0,0.0,4.0,2.7692,0.0,0.0,0.0,0.625,13.0,-4.1136,61.165,0.2143,0.0,0.0,-0.0,7.6923
14,3,5.0,3.81,0.0,0.0,0.0,0.0,8.7714,2.7319,2.3636,-18.5127,36.2126,0.6076,194.7096,55.7734,5.7273,3.7713,0.3333,0.2174,0.9899,0.4388,344.0,0.0,0.0,0.0,0.0963,2.3634,0.8113,1.1628
15,3,4.0,4.11,0.0,0.0,0.0,0.0,7.4444,2.6644,2.8889,36.4417,18.6104,0.5158,86.8857,109.8513,6.1111,3.4434,0.3451,0.0982,0.9874,0.5188,349.0,0.0,0.0,0.0,0.1479,1.6259,1.0,2.2923
16,3,5.0,4.14,0.0,0.0,0.0,0.0,6.9848,2.9679,2.6957,26.2153,21.708,0.4459,81.5173,78.4527,5.3478,3.0742,0.3529,0.1749,0.9887,0.4538,619.0,0.0,0.0,0.0,0.1762,1.9286,1.0141,2.5848
17,3,4.0,3.77,0.6428,0.0,0.0607,0.4576,3.5312,2.9329,0.5556,55.7721,7.2977,0.4773,60.3956,129.0605,3.9167,2.9586,0.378,0.3043,0.9771,0.5557,331.0,-3.2751,26.4465,0.3376,0.1397,1.4986,1.0,3.0211
18,3,3.0,3.68,0.0,0.0,0.0,0.0,2.6519,3.2492,3.087,41.2007,15.2829,0.3629,75.8112,86.0958,5.6957,3.3413,0.5455,0.2379,0.9971,0.5403,631.0,0.0,0.0,0.0,0.1176,2.1619,1.3245,2.5357
19,3,5.0,4.58,0.0,0.0,0.0,0.0,7.9714,2.7304,1.25,54.0768,10.7515,0.6168,177.6157,60.1702,4.95,2.9916,0.344,0.1604,0.9876,0.4707,321.0,0.0,0.0,0.0,0.1429,2.0784,0.971,1.5576
20,3,5.0,4.73,0.0,0.0,0.0,0.0,2.8624,3.0324,1.1389,54.8051,8.6474,0.5685,171.1558,67.4662,4.4444,2.8669,0.3942,0.29,0.9911,0.4977,445.0,0.0,0.0,0.0,0.087,2.0376,1.0434,5.3933
21,3,4.0,3.82,1.0,0.0,0.0,0.0,1.5,2.4464,1.0,69.785,6.01,0.9,28.0,200.0,3.0,2.4444,0.0,0.0,0.0,0.2361,10.0,-5.284,197.1606,0.4,0.1,-0.0,1.0,20.0
22,3,4.0,3.95,0.0,0.0,0.0,0.0,10.7647,2.7592,2.5625,-131.0828,79.4893,0.5778,160.5943,57.1864,5.6875,3.5013,0.3819,0.1631,0.9565,0.45,405.0,0.0,0.0,0.0,0.1324,2.3324,-0.0,0.4938
23,3,4.0,3.97,-0.0953,0.0,0.0,0.0,13.0,2.686,1.9167,-166.7988,93.9113,0.5814,91.0846,130.4008,5.25,2.6638,0.2472,0.2584,0.9761,0.5063,258.0,-2.9219,18.5764,0.2554,0.0892,1.6513,0.9183,1.1628
24,3,4.0,3.86,0.0,0.0,0.0,0.0,8.575,2.6686,8.0,-40.3867,47.9585,0.4419,113.9247,82.5171,7.4,4.3362,0.5259,0.1017,0.9935,0.5071,396.0,0.0,0.0,0.0,0.0951,1.7774,-0.0,0.7576
25,3,4.0,4.05,0.0,0.0,0.0,0.0,6.5542,2.9931,5.25,-2.3576,33.1208,0.343,68.7432,99.91,6.1875,3.7205,0.5312,0.1832,0.9972,0.4889,761.0,0.0,0.0,0.0,0.1984,1.9626,1.4256,1.9711
26,3,5.0,4.45,0.6254,0.0,0.021,0.2488,4.1129,3.1519,2.6875,44.6335,12.5347,0.6646,209.3477,45.3599,4.875,3.0176,0.2764,0.3538,0.9169,0.5,328.0,-3.8003,44.7167,0.252,0.0771,2.7082,0.4395,3.3537
27,3,4.0,3.99,0.0,0.0,0.0,0.0,4.9189,2.9935,2.9375,34.6464,19.9097,0.4297,47.5596,117.3218,6.0,3.1993,0.3309,0.1921,0.9776,0.4967,505.0,0.0,0.0,0.0,0.1917,1.8956,0.65,1.1881
28,3,3.0,3.64,0.0,0.0,0.0,0.0,4.5679,3.0647,3.0,25.7151,18.4504,0.4165,77.7916,107.0464,6.2222,3.4722,0.4144,0.2988,0.9922,0.4737,485.0,0.0,0.0,0.0,0.1329,2.363,0.684,2.268
29,3,4.0,3.99,0.0,0.0,0.0,0.0,3.759,3.133,3.4286,29.4962,20.9455,0.4624,85.6096,100.399,6.3571,3.4181,0.404,0.242,0.9948,0.4911,426.0,0.0,0.0,0.0,0.113,1.6155,1.4354,2.5822
30,3,4.0,3.69,0.5938,0.0,0.0128,0.2066,4.3585,3.0777,1.2812,54.1984,7.8502,0.7329,306.0759,29.0861,4.2188,2.6088,0.2609,0.3617,0.9571,0.3518,292.0,-4.057,57.8001,0.2693,0.0815,2.6601,1.614,4.1096
31,3,4.0,3.8,0.6607,0.0,0.3773,0.1868,8.24,2.7745,1.3333,1.5973,27.0106,0.6496,157.1526,76.5702,4.5833,3.2639,0.2479,0.1194,0.9861,0.5179,254.0,-3.8495,46.9699,0.3144,0.1047,2.4522,-0.0,2.3622
32,3,4.0,4.01,0.0,0.0,0.0,0.0,6.1509,2.7188,4.2,-35.8448,46.4141,0.3846,42.942,191.2617,8.6,5.4448,0.3929,0.1488,0.9866,0.4643,429.0,0.0,0.0,0.0,0.1937,1.4911,-0.0,0.2331
33,3,5.0,4.33,0.0,0.0,0.0,0.0,4.5034,3.1611,2.9429,22.3606,18.9219,0.4469,88.1065,57.9508,6.1429,3.1711,0.3276,0.2868,0.9958,0.4608,895.0,0.0,0.0,0.0,0.1283,2.4032,0.8503,3.1285
34,3,4.0,3.91,0.0,0.0,0.0,0.0,5.3529,2.9756,9.0,-5.0043,33.2105,0.5083,104.3157,104.0872,9.0,3.5452,0.381,0.301,0.9902,0.4926,362.0,0.0,0.0,0.0,0.1446,2.059,1.3788,1.9337
35,3,1.0,2.19,0.0,0.0,0.0,0.0,6.875,2.9761,3.0667,39.1028,16.1138,0.4959,61.4977,127.9368,4.4,2.7628,0.3774,0.3069,0.9873,0.7331,369.0,0.0,0.0,0.0,0.1913,1.7886,1.3516,2.439
36,3,4.0,3.93,0.0,0.0,0.0,0.0,6.0833,3.0162,3.2,27.0244,20.1475,0.4342,79.6639,101.5899,5.8,3.0823,0.4014,0.3046,0.9799,0.4926,509.0,0.0,0.0,0.0,0.1779,1.8696,1.6577,1.7682
37,3,5.0,3.86,0.0,0.0,0.0,0.0,3.7829,3.0883,2.9545,41.2416,15.9973,0.3669,67.5513,90.4517,7.0455,3.5139,0.5448,0.1992,0.9789,0.6589,665.0,0.0,0.0,0.0,0.1347,1.9837,0.7229,3.1579
38,3,4.0,3.79,0.0,0.0,0.0,0.0,7.0465,2.7281,8.0,-20.3286,42.1797,0.277,32.042,213.019,9.25,5.505,0.5867,0.1547,0.9853,0.5602,408.0,0.0,0.0,0.0,0.242,1.6126,-0.0,0.7353
39,3,2.0,2.98,0.0,0.0,0.0,0.0,10.0526,2.5939,6.1667,-58.3257,54.2699,0.4,68.2197,106.1939,7.8333,4.8522,0.4531,0.1523,0.9865,0.5239,475.0,0.0,0.0,0.0,0.1448,1.8057,0.8113,0.8421
40,3,2.0,2.92,0.0,0.0,0.0,0.0,5.4792,2.8814,8.0,-32.6561,42.4086,0.5744,135.1778,62.1811,10.0,4.784,0.3583,0.1731,0.9701,0.3562,336.0,0.0,0.0,0.0,0.1191,2.4496,1.1488,2.0833
41,3,4.0,3.95,0.7613,0.0,0.1098,0.0993,3.871,3.0018,4.2857,12.3648,25.8441,0.4986,77.2872,100.4908,6.8571,3.3186,0.4242,0.2105,0.9924,0.4653,347.0,-3.6029,36.7053,0.3112,0.1616,1.9224,1.3788,2.0173
42,3,5.0,4.75,0.0,0.0,0.0,0.0,8.6316,2.6942,3.7,28.9703,21.9239,0.4326,68.621,116.1355,5.9,3.2536,0.4417,0.1605,0.9971,0.5334,423.0,0.0,0.0,0.0,0.1738,2.2406,0.65,1.4184
43,3,5.0,4.57,0.0,0.0,0.0,0.0,8.1333,2.838,5.0,-53.7522,52.2242,0.4741,84.3661,110.0258,7.0,5.164,0.352,0.1329,0.9963,0.46,424.0,0.0,0.0,0.0,0.1607,1.8584,0.8113,0.9434
44,3,4.0,3.95,0.0,0.0,0.0,0.0,5.1731,2.8264,2.0,40.6651,16.7792,0.4738,54.9399,131.2904,5.3636,2.754,0.3158,0.1552,0.9756,0.3741,363.0,0.0,0.0,0.0,0.1694,1.716,0.9544,2.2039
45,3,4.0,4.08,0.0,0.0,0.0,0.0,4.4945,2.833,3.6364,32.8198,19.4769,0.3428,45.3356,220.5792,7.2727,3.2278,0.4677,0.1982,0.9893,0.4151,598.0,0.0,0.0,0.0,0.1893,1.4333,0.8167,2.0067
46,3,5.0,4.85,0.0,0.0,0.0,0.0,4.1616,2.9601,1.9355,50.6933,10.5499,0.4631,141.7436,65.966,4.871,3.2662,0.4414,0.3204,0.9931,0.4217,529.0,0.0,0.0,0.0,0.1025,2.2023,0.7476,3.7807
47,3,4.0,4.15,0.0,0.0,0.0,0.0,3.7655,3.0683,2.2051,37.2846,15.2741,0.3609,96.5958,88.5459,5.8462,3.0939,0.4926,0.3071,0.997,0.507,751.0,0.0,0.0,0.0,0.0958,2.425,0.6584,3.1957
48,3,4.0,3.86,0.6381,0.0,0.0145,0.5228,5.2368,3.0163,1.4706,42.9425,13.1078,0.7227,258.4518,32.6538,4.6471,2.5619,0.2368,0.2826,0.7717,0.462,256.0,-4.11,60.9439,0.3246,0.0853,2.6666,-0.0,1.1719
49,3,5.0,4.66,0.0,0.0,0.0,0.0,6.4348,2.8586,1.9231,30.0931,19.2785,0.5186,107.7934,69.3187,5.8462,3.3919,0.4286,0.194,0.9153,0.4913,376.0,0.0,0.0,0.0,0.1431,2.0777,1.3788,1.8617
50,3,4.0,3.89,0.6547,0.0,0.0405,0.5081,3.6371,2.8911,1.4138,58.4114,10.1428,0.2711,43.8639,229.4112,5.7931,4.0673,0.52,0.2049,0.9905,0.7379,686.0,-2.0294,7.6092,0.2897,0.149,1.5827,0.5033,1.312
51,3,5.0,4.51,0.0,0.0,0.0,0.0,5.3284,2.7756,4.2857,-43.5959,51.1389,0.3623,48.217,157.7443,9.7143,4.0277,0.3894,0.1036,0.9858,0.5188,483.0,0.0,0.0,0.0,0.2026,1.4487,0.8113,1.6563
52,3,3.0,4.22,0.0,0.0,0.0,0.0,6.5636,2.9739,2.4231,55.0061,11.1491,0.5286,110.8869,78.1114,4.9231,3.0124,0.3623,0.256,0.9891,0.4534,454.0,0.0,0.0,0.0,0.1588,1.8482,0.7219,2.2026
53,3,5.0,4.97,0.0,0.0,0.0,0.0,11.5625,2.7429,3.6,-50.8783,51.4921,0.5279,105.9383,76.9064,6.6,3.5966,0.3699,0.1341,0.9921,0.4053,430.0,0.0,0.0,0.0,0.1928,2.164,1.4591,1.3953
54,3,4.0,4.11,0.0,0.0,0.0,0.0,3.5868,2.9725,1.1961,41.8149,13.5218,0.3172,78.9414,115.1989,4.8627,3.0854,0.4897,0.1829,0.9985,0.5149,848.0,0.0,0.0,0.0,0.1321,2.0587,0.5608,3.5377
55,3,5.0,4.7,0.0,0.0,0.0,0.0,8.0744,2.7995,2.8974,-61.4211,49.8987,0.3884,144.2246,40.6786,5.5128,3.033,0.5434,0.3112,0.9886,0.3833,1071.0,0.0,0.0,0.0,0.0866,2.466,1.6774,1.4939
56,3,4.0,3.87,0.0,0.0,0.0,0.0,4.6824,3.0486,2.7059,16.2407,22.3472,0.4377,83.6222,97.5034,5.6471,3.9608,0.403,0.2514,0.9857,0.5874,514.0,0.0,0.0,0.0,0.1162,2.3498,0.7642,1.751
57,3,4.0,3.65,0.579,0.0,0.0583,0.2756,4.1552,2.9913,1.4,51.3657,8.73,0.7161,310.0,33.0905,4.5333,2.6515,0.2069,0.3878,0.9606,0.4315,310.0,-3.9093,49.866,0.2505,0.0572,2.5125,1.3516,2.9032
58,3,2.0,2.09,0.0,0.0,0.0,0.0,14.2857,2.5001,10.6667,-223.9412,118.2777,0.4286,52.49,147.6304,9.3333,10.5983,0.3939,0.027,0.9726,0.4522,371.0,0.0,0.0,0.0,0.1308,1.5176,1.5219,1.3477
59,3,5.0,4.26,0.4984,0.0,0.0742,0.6583,28.1667,2.2546,0.7143,28.5808,19.5205,0.7072,115.1521,80.5836,4.2857,3.2585,0.27,0.0741,0.0,0.3322,181.0,-3.3761,29.2566,0.2626,0.1358,2.4349,-0.0,0.5525
60,3,4.0,4.2,0.0,0.0,0.0,0.0,6.7667,2.9157,4.6842,-0.9839,32.1667,0.44,101.3667,63.4006,5.7895,4.0197,0.4541,0.303,0.9881,0.4645,775.0,0.0,0.0,0.0,0.147,2.4295,0.7219,1.2903
61,3,5.0,4.71,0.0,0.0,0.0,0.0,5.2266,2.9682,2.8065,28.2918,18.9895,0.4826,176.5258,48.7398,5.2258,3.0169,0.4043,0.2819,0.9955,0.4484,833.0,0.0,0.0,0.0,0.0706,2.7246,0.9918,2.401
62,3,4.0,3.93,0.0,0.0,0.0,0.0,8.4444,2.6689,1.5714,44.3501,12.1196,0.5359,119.2184,86.6884,4.5714,3.24,0.3171,0.1639,0.9884,0.4499,362.0,0.0,0.0,0.0,0.0879,2.0376,0.9183,0.8287
63,3,5.0,4.88,0.0,0.0,0.0,0.0,6.6406,2.7883,2.125,-2.5886,32.0232,0.3408,108.5574,55.356,5.0,3.6324,0.6441,0.1692,0.9952,0.4587,1115.0,0.0,0.0,0.0,0.1452,2.8438,1.325,1.0762
64,3,5.0,3.53,0.5949,0.0,0.141,0.2836,6.9375,2.9094,3.75,-23.2413,36.8721,0.7413,280.3385,31.3054,6.625,3.2059,0.2114,0.3265,0.9764,0.4265,259.0,-4.1519,63.5558,0.3122,0.0653,2.9079,0.9183,2.3166
65,3,3.0,3.24,0.0,0.0,0.0,0.0,8.0909,2.7564,1.375,7.7136,25.7405,0.4295,96.9342,98.7793,5.0417,2.9781,0.4545,0.2011,0.9747,0.6996,454.0,0.0,0.0,0.0,0.1296,2.4744,0.4395,2.4229
66,3,4.0,3.88,0.0,0.0,0.0,0.0,8.4333,2.7832,3.5,44.4254,15.4473,0.4043,73.5941,119.548,6.7,3.3978,0.573,0.1849,0.9493,0.5247,329.0,0.0,0.0,0.0,0.1625,1.9282,0.8113,1.2158
67,3,4.0,3.81,0.6494,0.0,0.207,0.1998,7.303,2.7043,3.1429,-2.2816,29.6633,0.5016,97.3593,106.9726,5.2857,3.4514,0.4674,0.0918,0.9678,0.4536,313.0,-3.2568,25.9676,0.3566,0.0872,1.5764,-0.0,2.2364
68,3,4.0,4.23,0.0,0.0,0.0,0.0,4.7769,3.0126,1.907,58.2163,9.6916,0.4582,70.7536,59.611,4.5581,2.8169,0.4428,0.2434,0.9916,0.4559,753.0,0.0,0.0,0.0,0.1366,2.1118,0.8684,2.1248
69,3,4.0,4.15,0.0,0.0,0.0,0.0,7.3542,2.8868,3.1538,38.5757,17.1158,0.5113,135.966,59.0692,5.0,3.6548,0.4526,0.1429,0.8907,0.4572,442.0,0.0,0.0,0.0,0.1538,2.3283,0.9852,1.5837
70,3,2.0,2.83,0.0,0.0,0.0,0.0,8.3571,2.7064,1.3889,-110.1406,73.8356,0.4837,106.7907,94.6458,5.2222,3.1622,0.3464,0.2252,0.9551,0.5727,430.0,0.0,0.0,0.0,0.1564,2.0142,-0.0,0.6977
71,3,5.0,4.35,0.5904,0.0,0.099,0.1602,9.5385,2.8419,5.0,-61.1025,54.326,0.5559,113.083,102.9589,6.8,4.6998,0.3462,0.2245,0.9676,0.609,295.0,-3.9942,54.2838,0.3408,0.1418,2.2134,0.8113,1.3559
72,3,4.0,4.08,0.0,0.0,0.0,0.0,3.9863,2.7922,0.8974,50.2654,8.6981,0.5604,149.9056,78.6439,4.3846,2.7101,0.3554,0.3111,0.8863,0.4501,364.0,0.0,0.0,0.0,0.0471,2.3525,-0.0,4.1209
73,3,4.0,3.97,0.6252,0.0,0.0391,0.0708,7.6939,2.7721,4.7778,-62.2979,56.5629,0.4236,69.279,112.8252,8.3333,3.2528,0.3893,0.1916,0.9903,0.5482,491.0,-3.2822,26.6334,0.2984,0.1896,2.0637,-0.0,0.8147
74,3,3.0,3.48,0.6012,0.0,0.0281,0.1937,3.1974,3.178,3.2308,36.4019,14.6825,0.5569,93.4741,93.4985,4.6923,3.2636,0.2875,0.2444,0.9926,0.5339,343.0,-3.6758,39.4788,0.2286,0.0874,1.8999,0.9219,2.9155
75,3,5.0,4.7,0.0,0.0,0.0,0.0,8.0244,2.7853,3.5,34.6107,18.0377,0.4937,124.12,78.5488,5.1667,2.9873,0.4127,0.2581,0.9865,0.5195,397.0,0.0,0.0,0.0,0.1685,2.1471,0.7219,1.2594
0,4,5.0,4.5,0.5133,0.0,0.0349,0.3838,8.3958,2.8903,3.9,29.6792,22.3692,0.4061,42.2309,204.4287,6.1,5.1769,0.366,0.1099,0.9558,0.4382,586.0,-2.8163,16.7149,0.321,0.1641,1.4067,0.5917,1.1945
1,4,4.0,3.79,0.0,0.0,0.0,0.0,2.8,3.1853,2.5,39.9833,13.3549,0.5455,56.7368,93.059,5.2778,2.8331,0.1742,0.2763,0.9559,0.685,473.0,0.0,0.0,0.0,0.1336,2.2879,0.7742,4.0169
2,4,4.0,4.21,0.0,0.0,0.0,0.0,3.1376,3.1325,1.807,44.6978,11.456,0.4456,191.2583,49.6204,4.6842,3.2639,0.4077,0.3545,0.9981,0.4392,947.0,0.0,0.0,0.0,0.0767,2.3707,1.2256,4.0127
3,4,5.0,4.38,0.0,0.0,0.0,0.0,9.5517,2.8632,3.5484,20.0887,20.3613,0.4422,83.9883,92.9497,4.8387,2.875,0.4171,0.3014,0.9967,0.4884,683.0,0.0,0.0,0.0,0.1699,2.0647,1.659,2.489
4,4,5.0,4.53,0.0,0.0,0.0,0.0,9.4444,2.6247,2.3636,23.5836,21.9772,0.521,123.6667,83.6805,5.4545,3.6271,0.337,0.0918,0.9756,0.5446,476.0,0.0,0.0,0.0,0.1443,1.8094,0.7219,1.0504
5,4,4.0,3.96,0.0,0.0,0.0,0.0,3.7917,3.0284,4.0,11.9608,23.4091,0.5714,105.1866,82.8644,6.8,3.8009,0.2667,0.3176,0.9753,0.4924,378.0,0.0,0.0,0.0,0.1151,1.9784,0.5917,5.5556
6,4,4.0,3.83,0.6953,0.0,0.0865,0.4866,6.2059,3.0491,3.0,41.6495,15.3066,0.5109,60.0846,155.0839,6.8889,3.6796,0.3511,0.1688,0.9676,0.5261,321.0,-3.5419,34.532,0.3588,0.1816,1.4538,0.7219,1.5576
7,4,4.0,3.81,0.7461,0.0,0.0143,0.3786,2.4597,3.2062,2.2667,46.807,10.4926,0.5202,103.3945,87.9768,4.8333,2.816,0.3211,0.398,0.9761,0.5695,446.0,-3.2153,24.9115,0.2285,0.0477,1.9904,0.9976,5.157
8,4,4.0,4.03,0.0,0.0,0.0,0.0,6.7674,2.8719,2.8333,44.2209,16.1176,0.4746,81.3365,110.799,6.4167,3.1413,0.3109,0.2544,0.96,0.439,394.0,0.0,0.0,0.0,0.1667,2.1051,1.5766,3.2995
9,4,4.0,4.36,0.0,0.0,0.0,0.0,7.5974,2.8338,2.3182,12.9617,26.0861,0.4165,131.7338,64.2904,5.8182,3.2543,0.5562,0.1386,0.9984,0.4641,689.0,0.0,0.0,0.0,0.1134,2.2077,1.1887,1.7417
10,4,2.0,2.71,0.0,0.0,0.0,0.0,4.975,2.839,2.0714,12.6601,25.9334,0.375,64.1616,130.7715,6.7857,3.5489,0.4123,0.1233,0.9944,0.5513,544.0,0.0,0.0,0.0,0.1305,1.8765,1.4299,2.5735
11,4,4.0,3.93,0.0,0.0,0.0,0.0,8.2632,2.9083,6.625,3.647,29.8922,0.4809,76.4877,95.8245,6.625,3.007,0.4098,0.2114,0.9895,0.563,393.0,0.0,0.0,0.0,0.1546,2.0047,0.5436,2.0356
12,4,5.0,4.22,0.0,0.0,0.0,0.0,7.0526,2.919,1.7778,34.8701,17.1097,0.54,185.2258,52.5364,4.7778,3.1472,0.3933,0.2342,0.9678,0.4652,487.0,0.0,0.0,0.0,0.1248,2.7778,1.5613,1.6427
13,4,4.0,4.49,0.0,0.0,0.0,0.0,4.4975,2.9878,1.2235,42.5915,11.0597,0.4127,168.7826,50.7875,4.1059,2.8908,0.4192,0.2015,0.9978,0.4849,1146.0,0.0,0.0,0.0,0.0882,2.4865,1.1936,3.0541
14,4,5.0,3.93,0.5962,0.0,0.129,0.0924,7.3611,2.895,5.3333,16.4754,24.8236,0.5179,81.4384,114.9731,6.1667,3.312,0.3838,0.1453,0.9939,0.5023,336.0,-3.6123,37.0506,0.2729,0.1868,1.9701,-0.0,0.8929
15,4,4.0,3.93,0.9874,0.0,0.0262,0.0544,8.25,2.8369,3.7143,3.8499,30.7748,0.6506,169.1466,68.386,5.4286,3.8658,0.301,0.1613,0.9674,0.454,249.0,-3.5093,33.4249,0.3235,0.0969,1.8413,-0.0,1.2048
16,4,4.0,4.1,0.0,0.0,0.0,0.0,6.0816,2.8428,3.2308,44.5142,15.348,0.4795,101.6373,88.0999,6.4615,3.0225,0.4252,0.2393,0.981,0.5079,390.0,0.0,0.0,0.0,0.177,2.0689,-0.0,0.7692
17,4,5.0,3.49,1.0,0.0,0.0024,0.8393,27.0,2.5003,0.25,50.5606,7.8219,0.931,117.74,71.3436,3.0,2.5364,0.05,0.0,0.7783,1.0,29.0,-4.4472,85.3887,0.3137,0.02,-0.0,0.0,0.0
18,4,3.0,3.61,0.0,0.0,0.0,0.0,2.6519,3.2543,2.9583,41.2007,15.2829,0.3645,75.5875,85.694,5.6667,3.2094,0.5495,0.2434,0.9971,0.5403,631.0,0.0,0.0,0.0,0.117,2.1669,1.3245,2.5357
19,4,5.0,4.7,0.0,0.0,0.0,0.0,4.9952,2.9432,3.5278,3.9698,30.154,0.268,60.2814,116.8939,6.1944,3.3783,0.6178,0.2571,0.9962,0.5295,1373.0,0.0,0.0,0.0,0.1477,2.0577,0.6402,1.2382
20,4,5.0,4.62,0.0,0.0,0.0,0.0,5.8594,2.7554,0.5429,63.7261,6.0428,0.5064,120.6463,65.6549,2.8571,2.3268,0.3852,0.1257,0.9946,0.4986,468.0,0.0,0.0,0.0,0.1283,2.0882,-0.0,1.7094
21,4,4.0,3.82,1.0,0.0,0.0,0.0,1.5,2.4464,1.0,69.785,6.01,0.9,28.0,200.0,3.0,2.4444,0.0,0.0,0.0,0.2361,10.0,-5.284,197.1606,0.4,0.1,-0.0,1.0,20.0
22,4,3.0,3.35,0.0,0.0,0.0,0.0,5.2222,3.0853,3.2778,-32.5477,42.8903,0.4544,85.4961,90.6125,6.0556,3.6211,0.36,0.3155,0.91,0.4544,570.0,0.0,0.0,0.0,0.1501,2.3604,-0.0,2.4561
23,4,3.0,3.32,1.0,0.0,0.0,0.0,11.35,2.7118,2.1818,-175.3866,97.5934,0.5746,88.1712,125.5848,5.0909,2.7374,0.2527,0.2688,0.9756,0.45,268.0,-2.9381,18.8798,0.2727,0.0895,1.6795,0.9183,1.1194
24,4,4.0,4.03,0.0,0.0,0.0,0.0,5.7667,2.7926,9.0,-20.6296,39.7995,0.4741,104.063,68.5297,6.5,5.019,0.4228,0.1722,0.9908,0.4452,424.0,0.0,0.0,0.0,0.092,1.7084,0.8113,0.9434
25,4,4.0,4.23,0.0,0.0,0.0,0.0,4.878,2.9501,1.7895,42.9871,14.5197,0.375,128.5141,61.27,5.3684,3.1291,0.5236,0.3622,0.9978,0.5534,784.0,0.0,0.0,0.0,0.1256,2.0365,1.7647,2.8061
26,4,4.0,4.07,0.0,0.0,0.0,0.0,2.5881,3.2232,1.6136,52.8332,9.794,0.3828,92.8111,62.3491,4.6932,2.7252,0.4564,0.377,0.9984,0.4978,1186.0,0.0,0.0,0.0,0.0711,2.3187,1.0069,4.3845
27,4,4.0,3.98,0.0,0.0,0.0,0.0,4.9189,2.9935,2.9375,39.3379,18.1071,0.4297,47.5596,117.3218,6.0,3.1993,0.3309,0.1921,0.9821,0.4967,505.0,0.0,0.0,0.0,0.1917,1.8956,0.65,1.1881
28,4,3.0,3.51,0.0,0.0,0.0,0.0,7.1569,2.9613,3.6923,24.1557,22.7152,0.4431,75.7772,109.9709,5.6923,3.5528,0.3803,0.2466,0.9858,0.4607,492.0,0.0,0.0,0.0,0.1925,1.9756,1.1488,1.4228
29,4,5.0,4.56,0.0,0.0,0.0,0.0,2.899,3.2858,1.5517,75.2,6.0,0.559,124.4701,71.8672,4.2069,2.9425,0.3037,0.2718,0.9969,0.5482,424.0,0.0,0.0,0.0,0.096,1.8844,1.574,4.0094
30,4,4.0,4.1,0.0,0.0,0.0,0.0,8.1622,2.7859,2.6364,21.5792,23.8716,0.5307,124.338,64.2844,6.6364,3.3254,0.3664,0.1545,0.9908,0.5492,375.0,0.0,0.0,0.0,0.1381,2.0725,0.65,1.6
31,4,5.0,4.68,0.0,0.0,0.0,0.0,4.7031,2.8032,0.74,57.9862,7.2282,0.6307,215.9605,46.4978,3.64,2.4428,0.3103,0.2667,0.9902,0.5496,371.0,0.0,0.0,0.0,0.0737,2.6187,0.9934,4.3127
32,4,5.0,4.61,0.0,0.0,0.0,0.0,6.3472,2.8568,1.8571,47.4866,10.6749,0.559,212.9006,42.2924,4.9429,3.1442,0.3494,0.366,0.9945,0.4932,551.0,0.0,0.0,0.0,0.0935,2.1986,0.65,1.0889
33,4,4.0,4.23,0.0,0.0,0.0,0.0,4.31,3.17,3.025,22.3342,19.8052,0.4319,83.9902,52.4419,6.1,3.5145,0.4069,0.2745,0.9985,0.4539,1167.0,0.0,0.0,0.0,0.1065,2.4226,1.3977,3.7704
34,4,5.0,4.72,0.0,0.0,0.0,0.0,3.4304,3.0207,1.5806,37.4242,11.0928,0.4512,138.2223,64.9966,4.4032,2.8615,0.4529,0.4235,0.9966,0.4706,738.0,0.0,0.0,0.0,0.0791,2.0556,1.2774,3.6585
35,4,1.0,2.45,0.5641,0.0,0.2434,0.0975,6.3784,2.8989,4.5,2.2601,29.4645,0.6289,159.995,71.5627,6.6667,3.5699,0.2752,0.2716,0.9392,0.4284,291.0,-3.8617,47.5479,0.3626,0.1089,2.4708,0.9219,3.4364
36,4,4.0,3.83,0.0,0.0,0.0,0.0,9.5263,2.6575,13.75,-55.0442,52.9841,0.4625,62.496,120.9598,12.25,4.1012,0.3826,0.1799,0.985,0.5003,467.0,0.0,0.0,0.0,0.2114,1.8808,0.7219,1.0707
37,4,5.0,4.57,0.0,0.0,0.0,0.0,4.2836,2.9293,1.3556,31.5134,16.2087,0.3665,105.5297,76.4714,5.1111,2.8221,0.5448,0.2196,0.9862,0.5509,753.0,0.0,0.0,0.0,0.0967,2.1647,0.7229,2.7888
38,4,4.0,4.19,0.0,0.0,0.0,0.0,3.9541,2.865,1.0625,52.1055,8.9231,0.4372,119.5145,79.4954,4.3125,2.8636,0.3889,0.288,0.9943,0.5,549.0,0.0,0.0,0.0,0.0556,2.4771,0.2762,3.8251
39,4,2.0,3.02,0.0,0.0,0.0,0.0,7.1739,2.6203,2.6154,17.395,23.6094,0.4574,117.8161,68.7726,5.6923,3.6242,0.5526,0.1562,0.9917,0.4385,387.0,0.0,0.0,0.0,0.0912,1.7045,-0.0,2.0672
40,4,4.0,4.1,0.0,0.0,0.0,0.0,8.1163,2.7857,2.4,42.9639,15.7359,0.4647,76.0025,95.9028,5.5333,3.3429,0.5088,0.15,0.9921,0.4891,411.0,0.0,0.0,0.0,0.1371,1.6002,0.9183,1.4599
41,4,5.0,4.41,0.0,0.0,0.0,0.0,7.2222,2.9155,6.625,-23.3536,39.1236,0.5095,91.134,100.907,8.375,3.45,0.3788,0.2521,0.9781,0.3077,420.0,0.0,0.0,0.0,0.1905,2.5571,0.65,1.4286
42,4,4.0,4.04,0.0,0.0,0.0,0.0,8.0208,2.8713,1.7857,35.6344,15.9371,0.4762,71.6826,103.6155,4.75,2.9336,0.2961,0.1852,0.9796,0.5432,504.0,0.0,0.0,0.0,0.1962,2.2053,-0.0,1.1905
43,4,5.0,4.46,0.0,0.0,0.0,0.0,11.6957,2.6831,1.7,20.296,24.7379,0.5229,93.899,106.7998,5.4,3.3728,0.339,0.0672,0.9842,0.3921,327.0,0.0,0.0,0.0,0.1667,1.963,0.9183,0.9174
44,4,4.0,3.99,0.0,0.0,0.0,0.0,5.913,3.0336,2.7333,36.9592,16.606,0.5455,111.7221,79.6347,4.6,3.1473,0.4286,0.1638,0.9903,0.4615,341.0,0.0,0.0,0.0,0.1579,1.9825,0.5436,2.346
45,4,4.0,3.92,0.0,0.0,0.0,0.0,7.3043,2.7781,2.1875,28.4106,20.6311,0.4455,70.5722,112.9804,5.1875,3.0144,0.453,0.152,0.9879,0.5838,422.0,0.0,0.0,0.0,0.1674,1.7247,0.7219,1.1848
46,4,5.0,3.81,0.0,0.0,0.0,0.0,4.4444,2.8072,0.5821,66.8722,5.6825,0.4231,67.603,93.4536,3.403,2.7527,0.3813,0.1282,0.9911,0.4685,546.0,0.0,0.0,0.0,0.1142,1.9208,0.9864,1.6484
47,4,5.0,4.61,0.0,0.0,0.0,0.0,4.5621,2.8958,1.525,-3.1226,31.002,0.3264,125.747,83.6643,5.9,3.4766,0.565,0.201,0.9984,0.5627,913.0,0.0,0.0,0.0,0.1114,2.3821,0.3816,3.724
48,4,4.0,3.93,0.0,0.0,0.0,0.0,7.0526,2.7937,5.4286,2.5545,31.1004,0.5,63.866,129.7835,6.5714,3.5025,0.3333,0.1238,0.9617,0.5434,342.0,0.0,0.0,0.0,0.2039,2.2759,-0.0,0.5848
49,4,5.0,4.66,0.0,0.0,0.0,0.0,7.2391,2.8358,2.4545,20.8797,23.2653,0.517,84.5933,91.6675,7.2727,3.5048,0.3942,0.1216,0.989,0.4949,412.0,0.0,0.0,0.0,0.1506,1.9469,1.0,0.9709
50,4,4.0,3.88,0.0,0.0,0.0,0.0,13.0323,2.7404,5.125,17.8537,24.2463,0.3673,53.6057,165.1516,6.375,3.3003,0.4924,0.0878,0.9552,0.747,539.0,0.0,0.0,0.0,0.1667,1.2535,0.8113,0.7421
51,4,4.0,3.95,0.0,0.0,0.0,0.0,9.65,2.6023,3.2857,-59.3805,54.1686,0.4264,61.6459,126.9654,7.4286,4.8704,0.4615,0.0913,0.9625,0.5279,462.0,0.0,0.0,0.0,0.1994,1.9071,0.7219,1.0823
52,4,2.0,2.96,0.6185,0.0,0.0472,0.6028,4.7593,3.0097,2.1111,32.7934,14.9788,0.6889,219.723,38.2968,5.5,2.6293,0.2463,0.3276,0.9523,0.4432,315.0,-3.9394,51.3877,0.2484,0.0553,2.6531,1.0,1.2698
53,4,5.0,4.97,0.0,0.0,0.0,0.0,11.5625,2.7429,3.6,-50.8783,51.4921,0.5279,105.9383,76.9064,6.6,3.5966,0.3699,0.1341,0.9921,0.4053,430.0,0.0,0.0,0.0,0.1928,2.164,1.4591,1.3953
54,4,4.0,3.42,0.0,0.0,0.0,0.0,3.0065,3.0265,2.5417,37.4614,15.2635,0.392,55.1469,132.7733,5.9167,3.3958,0.4394,0.2766,0.9961,0.566,671.0,0.0,0.0,0.0,0.1141,1.8036,1.2366,2.2355
55,4,5.0,4.62,0.0,0.0,0.0,0.0,8.936,2.7438,3.72,-111.7746,71.9341,0.2703,80.808,88.6425,7.88,4.2481,0.5169,0.2232,0.9975,0.3737,1343.0,0.0,0.0,0.0,0.1309,2.1597,0.3015,3.4252
56,4,4.0,3.96,0.0,0.0,0.0,0.0,6.94,2.7857,3.8,25.0249,21.4139,0.4283,68.9919,106.3766,5.8,3.8372,0.3846,0.2222,0.9906,0.4904,446.0,0.0,0.0,0.0,0.1727,1.8247,-0.0,1.7937
57,4,4.0,3.95,0.0,0.0,0.0,0.0,2.9947,2.7195,0.9867,55.7755,8.1095,0.4129,130.9691,111.9109,4.72,2.5757,0.4703,0.2771,0.9954,0.478,758.0,0.0,0.0,0.0,0.0398,2.5678,0.1537,5.9367
58,4,2.0,2.09,0.0,0.0,0.0,0.0,14.2857,2.5001,10.6667,-223.9412,118.2777,0.4286,52.49,147.6304,9.3333,10.5983,0.3939,0.027,0.9726,0.4522,371.0,0.0,0.0,0.0,0.1308,1.5176,1.5219,1.3477
59,4,4.0,3.64,0.0,0.0,0.0,0.0,4.0093,2.9526,2.0759,36.6838,15.5621,0.3412,97.7731,159.6033,5.3038,2.9025,0.4427,0.2424,0.9994,0.4629,1650.0,0.0,0.0,0.0,0.0751,2.37,1.4593,5.1515
60,4,3.0,3.28,0.0,0.0,0.0,0.0,9.7838,2.8093,5.7143,-15.4199,38.6381,0.4804,57.2874,103.2136,6.1429,3.9827,0.3758,0.183,0.9534,0.4869,460.0,0.0,0.0,0.0,0.2079,1.9225,1.5613,1.7391
61,4,5.0,4.57,0.0,0.0,0.0,0.0,5.7339,3.025,5.5556,-19.2501,39.5174,0.3457,52.8693,118.5628,5.5556,3.912,0.485,0.2251,0.9929,0.4776,1001.0,0.0,0.0,0.0,0.1644,1.8862,0.7345,1.3986
62,4,4.0,3.95,0.0,0.0,0.0,0.0,10.3548,2.5131,3.5556,32.0699,19.3444,0.4794,72.1648,122.0906,6.3333,3.8226,0.3607,0.1074,0.9774,0.5364,388.0,0.0,0.0,0.0,0.1382,1.5586,0.8631,1.8041
63,4,5.0,4.49,0.0,0.0,0.0,0.0,3.2115,3.1367,1.5465,49.9817,10.2172,0.2561,138.4608,57.6418,4.2384,2.7873,0.6072,0.334,0.9999,0.4343,2452.0,0.0,0.0,0.0,0.0937,2.3057,0.9246,3.4666
64,4,5.0,4.12,0.0,0.0,0.0,0.0,2.3871,3.035,1.0588,48.9223,9.4896,0.3958,127.2509,92.3611,3.951,2.4008,0.4093,0.3483,0.9988,0.4772,960.0,0.0,0.0,0.0,0.0514,1.9846,1.0609,5.0
65,4,4.0,4.23,0.0,0.0,0.0,0.0,8.4146,2.797,4.3636,21.8094,23.1356,0.4492,85.1395,112.8939,5.5455,2.8511,0.4083,0.2876,0.9937,0.3742,423.0,0.0,0.0,0.0,0.1751,2.0697,0.7219,1.182
66,4,4.0,4.0,0.5678,0.0,0.0,0.0,7.4,2.9593,5.3333,-105.2947,72.4144,0.5493,59.8757,147.6779,8.6667,4.8621,0.3077,0.1,0.5994,0.5019,213.0,-3.5179,33.714,0.2602,0.1973,1.5451,1.0,0.939
67,4,4.0,4.08,0.0,0.0,0.0,0.0,9.2791,2.6738,3.5,39.8385,16.2941,0.4766,112.9984,82.5713,5.25,3.2,0.411,0.0879,0.9813,0.451,470.0,0.0,0.0,0.0,0.1361,1.6913,0.9183,1.2766
68,4,3.0,3.21,0.0,0.0,0.0,0.0,15.0,2.6269,4.75,-14.4233,36.5531,0.3875,99.3988,113.2649,9.5,3.8221,0.8356,0.0533,0.9569,0.5358,289.0,0.0,0.0,0.0,0.1611,1.9678,-0.0,0.346
69,4,4.0,4.09,0.0,0.0,0.0,0.0,7.7105,2.8397,5.0,16.2355,24.4513,0.5014,130.5854,73.0018,7.1429,3.5403,0.3802,0.1597,0.9694,0.5288,369.0,0.0,0.0,0.0,0.1746,1.989,1.9502,1.897
70,4,4.0,3.83,0.0,0.0,0.0,0.0,8.4048,2.7646,0.6875,67.6494,5.8007,0.5031,76.8816,94.2297,3.875,3.3938,0.3393,0.1168,0.9753,0.3152,477.0,0.0,0.0,0.0,0.1721,1.9804,-0.0,1.2579
71,4,5.0,4.67,0.0,0.0,0.0,0.0,9.3261,2.7006,3.75,38.5938,16.9025,0.4339,78.3459,101.5912,5.75,3.4827,0.4412,0.1031,0.9945,0.4916,514.0,0.0,0.0,0.0,0.1421,1.7761,0.5917,1.3619
72,4,4.0,4.46,0.0,0.0,0.0,0.0,7.1698,2.8686,2.35,17.1914,23.7176,0.5356,162.694,51.2593,5.6,3.2513,0.4041,0.3125,0.9931,0.4883,450.0,0.0,0.0,0.0,0.127,2.2625,0.7642,2.0
73,4,3.0,3.24,0.6659,0.0,0.0513,0.2014,5.3623,2.8857,3.2727,18.6174,25.8877,0.3809,39.6001,169.6651,7.4545,3.7177,0.3386,0.1905,0.9898,0.5489,533.0,-2.9181,18.507,0.3458,0.2098,2.0705,0.5436,1.5009
74,4,4.0,3.91,0.81,0.0,0.0052,0.6822,2.8571,3.0754,1.5484,46.6199,10.1796,0.5561,113.4697,93.1903,5.129,2.808,0.3737,0.4257,0.9942,0.4549,392.0,-3.2683,26.2664,0.3025,0.0505,1.8881,0.4822,6.3776
75,4,5.0,4.53,0.0,0.0,0.0,0.0,11.5517,2.7106,3.5833,-100.5906,70.7646,0.4817,70.405,111.3097,6.9167,3.9491,0.3984,0.1722,0.9482,0.5628,409.0,0.0,0.0,0.0,0.1736,1.8262,0.8113,0.978
