user_id,file_id,rating,combo_4_A__embed_nli_pos_read__pred,cosine_sim,q_norm,r_norm,norm_gap,nli_mean_entail,nli_mean_contra,nli_max_contra,nli_frac_entail_gt50,nli_frac_contra_gt50,content_vs_function_ratio,pronoun_ratio,verbs_per_sentence,pos_entropy,flesch_reading_ease,fk_grade_level,gunning_fog,smog_index,ari,coleman_liau
0,0,4.0,4.1,0.0,0.0,0.0,0.0,0.0,0.0,0.0,0.0,0.0,3.7412,0.0289,1.6296,3.211,17.7159,19.5827,21.3916,17.5813,23.4922,17.3482
1,0,4.0,3.86,0.0,0.0,0.0,0.0,0.0,0.0,0.0,0.0,0.0,6.7143,0.0026,1.5263,2.6276,23.5792,22.4301,25.2149,17.6506,29.1763,15.4809
2,0,4.0,4.12,0.0,0.0,0.0,0.0,0.0,0.0,0.0,0.0,0.0,5.9455,0.0128,1.4762,2.8288,38.4381,13.2392,15.9256,14.465,15.9507,16.0692
3,0,5.0,4.56,0.0,0.0,0.0,0.0,0.0,0.0,0.0,0.0,0.0,5.5464,0.0171,2.1525,2.9586,39.4214,15.8055,17.8576,14.5125,20.1293,14.9557
4,0,5.0,4.51,0.0,0.0,0.0,0.0,0.0,0.0,0.0,0.0,0.0,7.6154,0.0072,1.9259,2.7624,25.6683,20.4029,22.5176,16.7282,26.0492,15.8429
5,0,4.0,4.13,0.0,0.0,0.0,0.0,0.0,0.0,0.0,0.0,0.0,5.381,0.0142,1.44,2.8423,38.18,13.3409,15.7329,14.2997,16.6558,16.801
6,0,4.0,4.11,0.0,0.0,0.0,0.0,0.0,0.0,0.0,0.0,0.0,6.4697,0.018,3.9167,2.7523,-7.282,32.9071,35.3333,21.1944,41.19,15.1653
7,0,5.0,4.63,0.0,0.0,0.0,0.0,0.0,0.0,0.0,0.0,0.0,3.2268,0.0157,2.1346,3.112,40.4409,11.3938,14.3365,13.2477,12.2584,14.8235
8,0,3.0,3.46,0.7432,1.0,1.0,0.0,0.0862,0.1407,0.6362,0.0,0.0714,2.2991,0.0288,2.5517,3.3841,35.9014,11.1501,14.2251,12.6676,11.0974,14.9879
9,0,4.0,3.97,0.0,0.0,0.0,0.0,0.0,0.0,0.0,0.0,0.0,5.137,0.0073,4.7692,2.9646,21.7865,22.5798,24.4226,16.6781,29.1133,15.6495
10,0,3.0,3.56,0.0,0.0,0.0,0.0,0.0,0.0,0.0,0.0,0.0,6.5312,0.0096,3.375,2.9957,21.1215,21.5174,24.7806,18.8781,27.0302,15.8902
11,0,3.0,3.53,0.6996,1.0,1.0,0.0,0.0149,0.5038,0.996,0.0,0.5714,4.3824,0.007,1.9,2.9858,60.2898,10.2534,12.3782,11.2081,13.2386,12.5432
12,0,5.0,4.55,0.6814,1.0,1.0,0.0,0.0673,0.4987,0.994,0.0,0.5,4.18,0.0175,2.3846,3.0797,53.7715,10.7852,12.8071,11.9508,12.8085,12.8523
13,0,1.0,2.61,0.5891,1.0,1.0,0.0,0.3033,0.1118,0.5406,0.3333,0.1667,7.0,0.0148,3.8,2.7513,12.2476,27.7609,30.2379,17.9713,34.9255,13.3716
14,0,5.0,4.52,0.0,0.0,0.0,0.0,0.0,0.0,0.0,0.0,0.0,6.3273,0.0048,3.6667,3.0064,34.4329,19.1666,21.162,14.8677,24.1126,13.459
15,0,5.0,4.09,0.0,0.0,0.0,0.0,0.0,0.0,0.0,0.0,0.0,6.7045,0.0064,1.7857,2.8585,18.1949,23.1843,24.7178,16.9267,29.5505,15.9402
16,0,4.0,4.04,0.0,0.0,0.0,0.0,0.0,0.0,0.0,0.0,0.0,4.125,0.0066,2.0741,2.8651,-33.6587,40.5965,42.6013,24.5042,50.9471,17.3396
17,0,4.0,4.24,0.0,0.0,0.0,0.0,0.0,0.0,0.0,0.0,0.0,3.7574,0.0154,1.7708,3.1589,56.9966,9.1166,10.763,10.7401,11.0733,13.28
18,0,4.0,3.44,0.0,0.0,0.0,0.0,0.0,0.0,0.0,0.0,0.0,2.5176,0.0365,3.0417,3.2736,40.3166,15.6133,18.2424,15.0211,18.1674,12.668
19,0,5.0,4.73,0.0,0.0,0.0,0.0,0.0,0.0,0.0,0.0,0.0,4.5222,0.0098,1.9712,2.9102,27.0543,19.1085,21.2057,16.5647,23.7063,15.6062
20,0,5.0,4.8,0.0,0.0,0.0,0.0,0.0,0.0,0.0,0.0,0.0,6.403,0.0054,3.0833,2.9117,31.4073,19.2449,21.3096,15.6688,25.0872,15.5168
21,0,4.0,3.82,0.0,0.0,0.0,0.0,0.0,0.0,0.0,0.0,0.0,5.4603,0.0081,6.0,2.961,-18.23,38.1606,40.7778,21.8596,49.1872,15.8518
22,0,5.0,4.15,0.0,0.0,0.0,0.0,0.0,0.0,0.0,0.0,0.0,4.2222,0.0048,2.45,2.9713,48.3364,12.202,14.0887,12.7284,14.9294,14.0145
23,0,4.0,4.11,0.6065,1.0,1.0,0.0,0.0,0.0,0.0,0.0,0.0,7.5862,0.0052,2.3,2.7821,-166.7988,93.9113,97.0753,32.8134,120.5969,17.1882
24,0,4.0,3.95,-0.0938,1.0,1.0,0.0,0.0157,0.5196,0.9444,0.0,0.6667,5.5526,0.0091,1.6,2.8509,52.6751,13.7554,15.7055,12.0318,17.9057,12.6624
25,0,5.0,3.87,0.0,0.0,0.0,0.0,0.0,0.0,0.0,0.0,0.0,8.193,0.0026,4.7857,2.8183,18.4176,25.0061,27.1281,16.9759,32.1994,14.6679
26,0,5.0,4.67,0.0,0.0,0.0,0.0,0.0,0.0,0.0,0.0,0.0,4.3902,0.0232,2.913,3.0802,42.3422,14.1175,16.567,14.3582,17.6208,14.8688
27,0,3.0,3.4,0.0,0.0,0.0,0.0,0.0,0.0,0.0,0.0,0.0,4.6875,0.0051,1.0,2.7604,47.5749,9.6453,11.4425,11.2081,11.0308,14.6984
28,0,3.0,3.36,0.0,0.0,0.0,0.0,0.0,0.0,0.0,0.0,0.0,4.4295,0.0056,5.8462,2.9369,-29.6506,43.7993,46.2777,21.1944,55.8263,14.0249
29,0,4.0,4.03,0.0,0.0,0.0,0.0,0.0,0.0,0.0,0.0,0.0,4.7595,0.0029,2.6875,2.9055,35.4242,17.6909,18.9463,14.0229,22.391,14.5723
30,0,4.0,4.04,0.0,0.0,0.0,0.0,0.0,0.0,0.0,0.0,0.0,4.6495,0.0094,1.6154,2.9343,10.3089,25.899,27.6078,18.2436,33.0115,16.2713
31,0,5.0,4.21,0.0,0.0,0.0,0.0,0.0,0.0,0.0,0.0,0.0,7.94,0.0057,2.0952,2.831,39.0704,16.708,18.0836,13.6064,21.7983,14.9823
32,0,5.0,4.82,0.0,0.0,0.0,0.0,0.0,0.0,0.0,0.0,0.0,4.7318,0.0175,2.1795,2.9203,37.3534,15.8085,17.5734,14.5069,19.6066,14.9867
33,0,4.0,3.92,0.0,0.0,0.0,0.0,0.0,0.0,0.0,0.0,0.0,4.3172,0.0088,1.1791,3.1188,45.5483,10.3336,12.7131,12.1282,11.7177,14.8246
34,0,5.0,4.51,0.0,0.0,0.0,0.0,0.0,0.0,0.0,0.0,0.0,7.08,0.0034,3.1111,2.7696,8.8812,27.0091,29.4372,19.2872,34.9279,16.4067
35,0,4.0,3.95,0.6171,1.0,1.0,0.0,0.0658,0.1391,0.3443,0.0,0.0,5.8372,0.011,1.9091,2.8413,7.7173,29.1381,31.9886,19.2872,37.539,14.7817
36,0,5.0,4.62,0.0,0.0,0.0,0.0,0.0,0.0,0.0,0.0,0.0,6.4545,0.0047,2.7333,2.7632,24.5871,19.4441,21.6816,17.1224,25.1212,17.3933
37,0,5.0,4.75,0.0,0.0,0.0,0.0,0.0,0.0,0.0,0.0,0.0,4.4494,0.016,2.7,2.9889,29.9925,17.3451,19.7521,16.3515,20.7237,15.1586
38,0,4.0,4.01,0.0,0.0,0.0,0.0,0.0,0.0,0.0,0.0,0.0,5.431,0.0241,1.3913,2.8744,39.7988,14.3393,16.6712,14.5546,18.4523,16.219
39,0,2.0,4.1,0.0,0.0,0.0,0.0,0.0,0.0,0.0,0.0,0.0,8.4286,0.0038,3.0909,2.7409,10.1679,26.3919,28.6969,18.996,33.9445,16.2641
40,0,4.0,3.98,0.0,0.0,0.0,0.0,0.0,0.0,0.0,0.0,0.0,6.0769,0.0088,7.6667,2.7807,-37.8619,47.1923,50.2952,22.9186,60.549,14.295
41,0,5.0,4.59,0.0,0.0,0.0,0.0,0.0,0.0,0.0,0.0,0.0,7.3,0.0056,3.6364,2.8273,13.3137,26.6392,27.6855,15.6885,34.8729,15.7218
42,0,5.0,4.36,0.0,0.0,0.0,0.0,0.0,0.0,0.0,0.0,0.0,6.0896,0.0119,3.625,2.961,25.3779,23.9111,26.3511,15.9032,30.1157,12.3742
43,0,5.0,4.59,0.0,0.0,0.0,0.0,0.0,0.0,0.0,0.0,0.0,4.4154,0.0074,3.4444,2.8451,24.2819,21.2292,21.9107,14.7568,27.9062,16.6091
44,0,2.0,3.25,0.0,0.0,0.0,0.0,0.0,0.0,0.0,0.0,0.0,7.122,0.0098,1.9,2.8504,41.5059,14.4712,16.0469,13.6064,18.6419,15.5845
45,0,2.0,4.39,0.0,0.0,0.0,0.0,0.0,0.0,0.0,0.0,0.0,7.2982,0.0113,4.1111,2.803,-25.0767,42.283,45.1876,21.6405,54.8931,15.0573
46,0,5.0,4.34,0.0,0.0,0.0,0.0,0.0,0.0,0.0,0.0,0.0,9.4848,0.0039,3.7143,2.7198,-21.3549,40.7495,42.845,19.6204,53.0764,15.3262
47,0,4.0,4.05,0.0,0.0,0.0,0.0,0.0,0.0,0.0,0.0,0.0,3.6104,0.0176,1.7907,3.0658,44.0839,12.5759,14.2545,13.0239,14.8742,14.4445
48,0,4.0,3.98,0.6527,1.0,1.0,0.0,0.0127,0.5422,0.9888,0.0,0.5714,4.3774,0.0152,1.8824,3.0237,37.0837,15.4845,16.3887,13.5591,19.1881,15.3266
49,0,5.0,4.54,0.0,0.0,0.0,0.0,0.0,0.0,0.0,0.0,0.0,6.2,0.0268,3.8462,2.88,15.1911,26.129,28.1112,17.1224,34.2253,15.5296
50,0,4.0,4.19,0.0,0.0,0.0,0.0,0.0,0.0,0.0,0.0,0.0,5.7213,0.0079,2.6667,2.8468,31.9102,19.7393,21.4636,14.9062,25.632,14.8149
51,0,4.0,4.22,0.0,0.0,0.0,0.0,0.0,0.0,0.0,0.0,0.0,4.3117,0.0086,2.0625,2.8815,23.8805,20.5557,22.3059,16.5942,25.4541,15.3364
52,0,4.0,3.85,0.7658,1.0,1.0,0.0,0.0312,0.2434,0.9267,0.0,0.2143,4.3621,0.0043,1.3421,3.0016,57.0825,7.4623,10.0431,9.9571,8.5156,12.7481
53,0,5.0,4.71,0.0,0.0,0.0,0.0,0.0,0.0,0.0,0.0,0.0,9.3171,0.0064,3.1,2.7707,-50.6624,51.3792,54.5867,24.7572,66.391,15.5741
54,0,5.0,4.73,0.0,0.0,0.0,0.0,0.0,0.0,0.0,0.0,0.0,3.1923,0.0096,2.0244,3.0814,49.1348,11.4387,13.2625,12.3635,13.359,13.5246
55,0,5.0,4.33,0.0,0.0,0.0,0.0,0.0,0.0,0.0,0.0,0.0,7.2108,0.0109,2.9388,2.7055,-45.1971,48.2154,50.1218,22.502,61.9613,16.0582
56,0,5.0,4.23,0.0,0.0,0.0,0.0,0.0,0.0,0.0,0.0,0.0,3.7397,0.0153,1.3929,3.0422,45.1369,11.1745,12.4437,11.9792,13.1098,14.9932
57,0,5.0,4.26,0.0,0.0,0.0,0.0,0.0,0.0,0.0,0.0,0.0,6.3585,0.0068,3.5833,2.9269,37.6724,17.0724,18.874,14.4109,21.9959,14.8188
58,0,2.0,2.65,0.0,0.0,0.0,0.0,0.0,0.0,0.0,0.0,0.0,11.4643,0.0045,4.5714,2.6433,-223.9412,118.2777,121.763,29.9243,152.3644,15.6781
59,0,4.0,4.16,0.0,0.0,0.0,0.0,0.0,0.0,0.0,0.0,0.0,2.8264,0.0219,1.9357,3.1533,43.1673,11.1069,14.2134,13.2011,10.9848,13.0458
60,0,4.0,4.19,0.0,0.0,0.0,0.0,0.0,0.0,0.0,0.0,0.0,3.2206,0.014,1.2449,3.0809,65.9288,7.0061,8.7903,9.3871,8.219,11.3216
61,0,5.0,4.67,0.0,0.0,0.0,0.0,0.0,0.0,0.0,0.0,0.0,4.6883,0.0174,1.0649,3.0622,55.0156,8.6013,9.773,10.1078,10.6368,14.217
62,0,4.0,3.97,0.0,0.0,0.0,0.0,0.0,0.0,0.0,0.0,0.0,8.4286,0.0047,1.4583,2.6527,47.5645,13.9182,15.0519,12.0318,18.0019,14.0939
63,0,5.0,4.03,0.0,0.0,0.0,0.0,0.0,0.0,0.0,0.0,0.0,3.1829,0.0146,1.5396,3.1392,46.1156,10.2957,13.0312,12.3391,11.2034,14.1046
64,0,5.0,4.77,0.0,0.0,0.0,0.0,0.0,0.0,0.0,0.0,0.0,5.5333,0.0096,2.9091,3.0099,37.8606,15.8844,17.9789,14.8039,19.9645,15.0827
65,0,4.0,4.05,0.0,0.0,0.0,0.0,0.0,0.0,0.0,0.0,0.0,9.8649,0.0045,5.0,2.9342,-51.0866,52.1836,55.1583,23.4609,66.5616,13.92
66,0,4.0,4.22,0.0,0.0,0.0,0.0,0.0,0.0,0.0,0.0,0.0,3.4444,0.0096,2.0769,3.0749,29.1666,18.4078,20.3387,16.0303,22.2823,14.815
67,0,4.0,4.17,0.0,0.0,0.0,0.0,0.0,0.0,0.0,0.0,0.0,8.9333,0.0013,2.5556,2.8307,-55.0232,55.8795,59.3946,22.0761,71.873,12.665
68,0,4.0,4.12,0.0,0.0,0.0,0.0,0.0,0.0,0.0,0.0,0.0,4.898,0.0205,2.9583,2.9805,25.5904,20.1813,22.2111,16.6665,25.0971,15.2232
69,0,4.0,4.06,0.0,0.0,0.0,0.0,0.0,0.0,0.0,0.0,0.0,2.934,0.0162,0.899,2.9256,52.6873,8.3504,9.9892,10.0979,8.2924,12.1613
70,0,5.0,4.55,0.0,0.0,0.0,0.0,0.0,0.0,0.0,0.0,0.0,5.5036,0.0033,3.5,2.8669,-126.0548,79.7196,81.9529,25.9801,102.6316,16.1168
71,0,5.0,4.38,0.0,0.0,0.0,0.0,0.0,0.0,0.0,0.0,0.0,7.5,0.0041,2.0667,2.8353,-147.8475,88.9079,93.205,31.9771,113.9332,14.7937
72,0,5.0,4.25,0.0,0.0,0.0,0.0,0.0,0.0,0.0,0.0,0.0,3.7686,0.0086,3.75,3.0616,8.2237,29.347,31.786,18.2436,36.7905,13.1521
73,0,4.0,4.11,0.0,0.0,0.0,0.0,0.0,0.0,0.0,0.0,0.0,5.5479,0.0058,2.0526,2.8503,43.3341,15.8527,17.9785,13.8752,20.9218,14.5179
74,0,5.0,4.55,0.0,0.0,0.0,0.0,0.0,0.0,0.0,0.0,0.0,2.6653,0.0206,3.5517,3.1912,21.7527,21.2999,24.1126,18.2436,25.3771,14.1439
75,0,4.0,3.88,0.0,0.0,0.0,0.0,0.0,0.0,0.0,0.0,0.0,3.8902,0.0078,5.4286,2.8257,-44.1283,50.5506,53.644,22.0761,64.8117,13.3951
0,1,4.0,3.33,0.6672,1.0,1.0,0.0,0.1122,0.5627,0.9979,0.0833,0.5833,6.5135,0.0073,2.5,2.8902,27.371,18.8819,21.3654,16.9548,23.7052,16.0484
1,1,4.0,3.87,0.6711,1.0,1.0,0.0,0.0841,0.1768,0.844,0.0714,0.2143,2.4189,0.0361,2.8788,3.2588,26.6164,13.9831,17.3829,15.3435,14.9296,16.7875
2,1,2.0,4.19,0.0,0.0,0.0,0.0,0.0,0.0,0.0,0.0,0.0,3.5622,0.0122,1.4884,3.0841,41.936,11.3345,14.7592,13.5591,12.2482,14.5098
3,1,5.0,4.72,0.0,0.0,0.0,0.0,0.0,0.0,0.0,0.0,0.0,6.7724,0.0186,2.0656,2.9169,42.0242,15.0646,17.2049,14.1918,19.1276,14.6097
4,1,2.0,2.87,0.6428,1.0,1.0,0.0,0.1127,0.4283,0.9735,0.0,0.4167,6.4902,0.0066,4.2727,3.007,22.1966,24.1108,26.732,17.1224,30.0716,12.9232
5,1,4.0,4.02,0.0,0.0,0.0,0.0,0.0,0.0,0.0,0.0,0.0,5.4627,0.0054,1.9231,2.6767,-20.8635,36.7392,40.1731,24.9575,45.8067,16.0973
6,1,4.0,4.08,0.0,0.0,0.0,0.0,0.0,0.0,0.0,0.0,0.0,8.2667,0.0059,2.7143,2.9658,38.0784,15.9743,17.9707,14.6639,19.3504,14.0278
7,1,4.0,3.99,0.0,0.0,0.0,0.0,0.0,0.0,0.0,0.0,0.0,3.2111,0.0107,1.2083,2.8837,38.9806,11.6459,13.8401,12.9519,12.796,15.3975
8,1,3.0,3.63,0.0,0.0,0.0,0.0,0.0,0.0,0.0,0.0,0.0,4.7792,0.0244,2.9412,3.0621,39.8483,16.624,18.4502,14.0682,21.0946,14.0446
9,1,3.0,3.73,0.0,0.0,0.0,0.0,0.0,0.0,0.0,0.0,0.0,4.217,0.0095,1.0,2.8853,58.6415,8.0558,9.2922,9.7614,9.1178,12.3881
10,1,4.0,4.16,0.0,0.0,0.0,0.0,0.0,0.0,0.0,0.0,0.0,10.6061,0.0062,3.0,2.8124,11.8978,29.8841,31.94,15.3816,38.1905,12.2871
11,1,4.0,3.98,0.0,0.0,0.0,0.0,0.0,0.0,0.0,0.0,0.0,7.8824,0.0106,7.0,2.8324,-21.7357,40.0573,43.0053,22.3611,52.1032,15.9745
12,1,5.0,4.38,0.6731,1.0,1.0,0.0,0.2231,0.4042,0.6334,0.0,0.5,9.5581,0.0028,4.3333,2.8864,-72.2403,61.0136,64.7985,25.7408,78.3156,13.8571
13,1,5.0,4.61,0.0,0.0,0.0,0.0,0.0,0.0,0.0,0.0,0.0,2.5877,0.0088,1.0505,2.9406,49.2981,9.2996,11.6216,11.2737,9.3023,12.7173
14,1,5.0,4.44,0.0,0.0,0.0,0.0,0.0,0.0,0.0,0.0,0.0,8.6,0.0051,2.75,2.7089,-63.3114,52.3982,54.4831,26.9132,67.6241,18.9803
15,1,4.0,4.05,0.0,0.0,0.0,0.0,0.0,0.0,0.0,0.0,0.0,6.8958,0.0234,1.4583,2.8034,46.7841,14.2488,16.2873,13.295,18.5814,14.2899
16,1,4.0,4.17,0.0,0.0,0.0,0.0,0.0,0.0,0.0,0.0,0.0,3.6325,0.0092,1.75,2.9061,24.0577,19.5016,20.9587,16.302,23.8991,15.9075
17,1,4.0,3.89,0.7631,1.0,1.0,0.0,0.0,0.0,0.0,0.0,0.0,5.4167,0.0183,4.5,3.0105,-9.162,33.1693,34.8,20.2673,42.0692,16.2629
18,1,3.0,3.94,0.6604,1.0,1.0,0.0,0.1238,0.2408,0.8398,0.0,0.0833,6.6596,0.0112,2.5385,2.9461,28.0828,23.0769,25.6285,15.7194,28.5458,11.5452
19,1,5.0,4.56,0.0,0.0,0.0,0.0,0.0,0.0,0.0,0.0,0.0,3.9298,0.0046,1.125,2.8749,48.0604,11.9915,13.5052,12.3406,14.1622,13.6231
20,1,5.0,4.54,0.0,0.0,0.0,0.0,0.0,0.0,0.0,0.0,0.0,10.25,0.0056,0.9024,2.7268,60.1621,8.1311,9.9454,10.2197,10.5677,13.6937
21,1,4.0,3.93,1.0,1.0,1.0,0.0,0.0,0.0,0.0,0.0,0.0,1.5,0.1,1.0,2.4464,69.785,6.01,8.0,8.8418,4.294,7.112
22,1,4.0,4.01,0.0,0.0,0.0,0.0,0.0,0.0,0.0,0.0,0.0,6.5,0.0066,4.3333,2.827,-86.2014,63.4164,67.3935,30.5265,81.1866,16.2993
23,1,4.0,3.93,0.6246,1.0,1.0,0.0,0.0,0.0,0.0,0.0,0.0,13.0,0.0054,1.9167,2.686,-166.7988,93.9113,97.0753,32.8134,120.5969,17.1882
24,1,4.0,3.89,-0.0615,1.0,1.0,0.0,0.0939,0.403,0.9863,0.0,0.2857,3.9474,0.015,4.2857,3.0161,15.6284,20.8074,24.104,19.5508,24.2122,15.9817
25,1,3.0,4.27,0.0,0.0,0.0,0.0,0.0,0.0,0.0,0.0,0.0,8.881,0.0044,3.0,2.9053,37.8705,18.6347,21.0761,14.8367,23.559,12.8963
26,1,4.0,3.96,0.0,0.0,0.0,0.0,0.0,0.0,0.0,0.0,0.0,3.5833,0.0175,4.75,3.0228,9.7113,26.4378,28.1863,18.2436,33.4935,15.745
27,1,3.0,3.36,0.0,0.0,0.0,0.0,0.0,0.0,0.0,0.0,0.0,6.1867,0.0012,0.9574,2.6438,46.7788,9.7764,11.3517,11.1587,11.3288,15.0361
28,1,3.0,4.31,0.0,0.0,0.0,0.0,0.0,0.0,0.0,0.0,0.0,5.619,0.0079,4.6667,2.8097,-50.2279,53.1404,55.956,21.1944,68.5358,13.6874
29,1,4.0,3.98,0.5287,1.0,1.0,0.0,0.0457,0.3674,0.9956,0.0,0.3571,6.5833,0.0068,0.7917,2.8179,52.5933,7.8462,10.0619,9.7614,8.9002,13.409
30,1,3.0,3.53,0.0,0.0,0.0,0.0,0.0,0.0,0.0,0.0,0.0,2.1864,0.0501,2.1746,3.3238,62.0839,8.063,10.5688,10.6647,8.4413,10.6667
31,1,4.0,4.2,0.0,0.0,0.0,0.0,0.0,0.0,0.0,0.0,0.0,8.0,0.0181,2.8,2.8581,37.664,15.6658,17.955,15.0211,19.217,14.7377
32,1,5.0,4.24,0.0,0.0,0.0,0.0,0.0,0.0,0.0,0.0,0.0,8.66,0.004,4.1143,2.871,25.1991,19.2047,20.9463,16.4534,23.9652,16.3247
33,1,5.0,4.72,0.6793,1.0,1.0,0.0,0.0068,0.0283,0.132,0.0,0.0,4.09,0.013,2.0727,3.0367,30.8394,15.6144,18.1055,15.8375,18.7446,16.5241
34,1,2.0,3.82,0.349,1.0,1.0,0.0,0.1465,0.0469,0.0531,0.0,0.0,4.0417,0.0409,2.8,2.9956,-2.8924,28.32,30.3797,21.1944,33.8553,15.8888
35,1,1.0,2.76,0.0,0.0,0.0,0.0,0.0,0.0,0.0,0.0,0.0,8.0769,0.0053,5.4286,2.9512,-50.7781,49.7392,52.8545,26.2169,62.5471,14.9234
36,1,4.0,3.83,0.0,0.0,0.0,0.0,0.0,0.0,0.0,0.0,0.0,6.4219,0.0042,6.125,2.7904,-71.5224,59.837,63.2772,25.9801,76.6072,14.4234
37,1,5.0,4.64,0.0,0.0,0.0,0.0,0.0,0.0,0.0,0.0,0.0,5.3038,0.0122,3.0,3.0266,28.1798,20.0564,22.1569,16.2469,24.8413,14.3257
38,1,5.0,4.53,0.0,0.0,0.0,0.0,0.0,0.0,0.0,0.0,0.0,7.3509,0.0043,1.5556,2.8099,41.8394,13.2812,15.3244,13.7764,16.5168,15.5996
39,1,4.0,4.01,0.0,0.0,0.0,0.0,0.0,0.0,0.0,0.0,0.0,6.0781,0.0038,4.7143,2.739,-69.6071,59.2386,62.2356,24.5042,75.9803,14.4712
40,1,4.0,4.43,0.0,0.0,0.0,0.0,0.0,0.0,0.0,0.0,0.0,6.2245,0.0258,2.5,2.9095,30.6552,21.0145,22.6753,14.5546,27.2513,14.1336
41,1,5.0,4.63,0.0,0.0,0.0,0.0,0.0,0.0,0.0,0.0,0.0,8.325,0.0052,3.7143,2.7518,30.9992,17.5809,18.9775,15.1123,22.7006,16.7201
42,1,5.0,4.47,0.0,0.0,0.0,0.0,0.0,0.0,0.0,0.0,0.0,5.7541,0.0186,2.5,2.9474,39.9343,16.4069,17.7669,13.4638,21.1541,14.6149
43,1,5.0,4.65,0.0,0.0,0.0,0.0,0.0,0.0,0.0,0.0,0.0,5.746,0.0017,1.4516,2.7837,31.1491,16.6733,19.1918,16.1947,20.1832,15.7081
44,1,4.0,4.2,0.0,0.0,0.0,0.0,0.0,0.0,0.0,0.0,0.0,7.3043,0.0071,3.6364,2.8042,26.0065,20.7491,22.8162,16.5267,26.6658,15.6486
45,1,2.0,3.35,0.0,0.0,0.0,0.0,0.0,0.0,0.0,0.0,0.0,6.6481,0.0183,0.8056,2.7675,55.1512,9.1828,10.6059,10.6663,11.9625,14.7682
46,1,5.0,4.5,0.6711,1.0,1.0,0.0,0.0638,0.3728,0.9884,0.0,0.3571,6.9333,0.0111,4.9167,2.8408,39.6334,17.1715,19.9953,15.3222,21.905,13.8011
47,1,5.0,4.66,0.0,0.0,0.0,0.0,0.0,0.0,0.0,0.0,0.0,3.1829,0.0235,2.0192,3.176,53.965,10.0586,11.7838,11.4028,11.6519,12.9297
48,1,4.0,4.11,0.0,0.0,0.0,0.0,0.0,0.0,0.0,0.0,0.0,3.1149,0.013,1.1552,2.9309,59.3233,7.782,8.9774,9.5398,9.1673,12.7409
49,1,4.0,3.87,0.6973,1.0,1.0,0.0,0.2069,0.1507,0.507,0.25,0.25,5.6909,0.0089,7.6,2.8868,-42.1751,48.622,52.2981,24.7572,61.8635,13.8626
50,1,5.0,3.69,0.7097,1.0,1.0,0.0,0.0389,0.4691,0.9962,0.0,0.5,7.0,0.0022,4.6,2.9762,28.1258,21.6335,24.2444,16.5267,26.2515,12.2299
51,1,4.0,3.8,0.5736,1.0,1.0,0.0,0.0629,0.4478,0.9986,0.0,0.5,4.3594,0.0103,4.5714,2.7918,32.2986,22.5835,25.3804,15.0211,28.6419,11.431
52,1,4.0,4.11,0.0,0.0,0.0,0.0,0.0,0.0,0.0,0.0,0.0,10.6667,0.0062,3.1429,2.6946,-29.9136,42.3573,44.6516,22.3611,54.5556,16.1375
53,1,5.0,4.96,0.0,0.0,0.0,0.0,0.0,0.0,0.0,0.0,0.0,11.5625,0.0082,3.5,2.7392,-50.8783,51.4921,54.7078,24.7572,66.4778,15.475
54,1,5.0,4.68,0.0,0.0,0.0,0.0,0.0,0.0,0.0,0.0,0.0,4.9386,0.0056,1.1774,2.8721,51.8606,9.0346,11.0218,10.9419,10.6602,14.2578
55,1,4.0,4.27,0.0,0.0,0.0,0.0,0.0,0.0,0.0,0.0,0.0,6.7165,0.009,2.2564,2.8081,-37.7624,45.7707,47.8383,21.9802,58.4947,15.2543
56,1,4.0,3.87,0.0,0.0,0.0,0.0,0.0,0.0,0.0,0.0,0.0,10.0606,0.0066,6.0,2.8746,-36.2367,46.7172,48.882,20.2673,60.5363,14.9011
57,1,4.0,4.04,0.0,0.0,0.0,0.0,0.0,0.0,0.0,0.0,0.0,2.5316,0.0141,0.9481,2.8029,60.5142,7.0614,8.8803,9.3588,7.261,11.1044
58,1,2.0,2.11,0.0,0.0,0.0,0.0,0.0,0.0,0.0,0.0,0.0,14.2857,0.0047,10.6667,2.5001,-223.9412,118.2777,121.763,29.9243,152.3644,15.6781
59,1,3.0,3.27,0.0,0.0,0.0,0.0,0.0,0.0,0.0,0.0,0.0,38.8667,0.0029,1.4444,2.423,-119.9449,78.0186,81.5402,28.8893,98.7217,13.3658
60,1,4.0,4.19,0.0,0.0,0.0,0.0,0.0,0.0,0.0,0.0,0.0,4.7449,0.011,1.7969,2.9332,37.3894,15.4198,16.8456,14.1013,18.9951,15.1381
61,1,5.0,4.67,0.0,0.0,0.0,0.0,0.0,0.0,0.0,0.0,0.0,2.8596,0.0107,1.913,3.1454,37.8059,12.5717,15.1486,13.9432,14.2836,15.6598
62,1,4.0,4.29,0.0,0.0,0.0,0.0,0.0,0.0,0.0,0.0,0.0,5.1818,0.0142,2.9091,2.7791,29.2314,19.3056,21.208,15.9032,24.6044,15.507
63,1,5.0,4.58,0.0,0.0,0.0,0.0,0.0,0.0,0.0,0.0,0.0,3.1086,0.0094,3.1071,2.9465,17.0976,21.2257,24.0495,18.9715,25.0311,15.4835
64,1,5.0,4.6,0.0,0.0,0.0,0.0,0.0,0.0,0.0,0.0,0.0,6.5658,0.0098,3.4,2.9622,37.9329,15.9035,18.0067,14.8039,19.9295,14.969
65,1,4.0,3.69,0.0,0.0,0.0,0.0,0.0,0.0,0.0,0.0,0.0,11.6667,0.007,10.0,2.7013,-50.5892,49.63,53.0757,26.9132,64.2201,17.2193
66,1,4.0,3.84,0.0,0.0,0.0,0.0,0.0,0.0,0.0,0.0,0.0,11.6667,0.0101,6.8,2.6852,-32.5208,44.0459,46.6831,22.6418,56.9889,15.8611
67,1,4.0,4.08,0.0,0.0,0.0,0.0,0.0,0.0,0.0,0.0,0.0,7.0625,0.0134,3.0,2.8476,44.8529,14.1503,16.7483,14.2201,18.5952,15.181
68,1,4.0,3.99,0.6917,1.0,1.0,0.0,0.1002,0.3111,0.963,0.0,0.2857,5.0396,0.013,1.9355,2.9183,33.7231,16.6847,19.2689,15.974,19.8805,14.4424
69,1,4.0,4.11,0.0,0.0,0.0,0.0,0.0,0.0,0.0,0.0,0.0,5.1951,0.0147,1.7222,2.9682,23.8946,20.8348,22.6154,16.5819,26.0444,15.385
70,1,5.0,4.59,0.0,0.0,0.0,0.0,0.0,0.0,0.0,0.0,0.0,3.5407,0.0132,3.0133,3.0915,18.3163,22.7079,24.9402,18.0047,27.6908,14.7505
71,1,5.0,4.37,0.0,0.0,0.0,0.0,0.0,0.0,0.0,0.0,0.0,12.5455,0.0,3.0,2.5771,-68.9189,58.0247,60.8403,25.2545,75.0336,16.0919
72,1,5.0,4.13,0.0,0.0,0.0,0.0,0.0,0.0,0.0,0.0,0.0,6.0323,0.0095,2.8125,2.8023,13.0942,24.258,25.88,17.9713,30.4643,16.1873
73,1,4.0,3.71,0.6625,1.0,1.0,0.0,0.2913,0.0966,0.266,0.25,0.0,8.4643,0.0097,2.7143,2.7923,-22.6529,37.7009,41.2706,25.2545,48.3071,17.4414
74,1,3.0,3.41,0.0,0.0,0.0,0.0,0.0,0.0,0.0,0.0,0.0,3.8022,0.0093,3.5714,3.0257,7.4504,25.1694,28.1402,20.737,30.385,15.7818
75,1,5.0,4.46,0.0,0.0,0.0,0.0,0.0,0.0,0.0,0.0,0.0,7.0175,0.009,4.2667,3.0739,11.3871,27.5704,30.6,19.2872,34.6457,13.7938
0,2,5.0,4.14,0.6034,1.0,1.0,0.0,0.4596,0.1255,0.1995,0.5,0.0,9.7742,0.012,5.1,2.8768,-101.7215,68.5623,71.1547,28.9947,86.9333,15.997
1,2,5.0,4.6,0.0,0.0,0.0,0.0,0.0,0.0,0.0,0.0,0.0,5.7115,0.0142,2.5455,2.8533,42.9089,17.5842,19.612,13.2279,23.0261,13.0816
2,2,4.0,4.14,0.0,0.0,0.0,0.0,0.0,0.0,0.0,0.0,0.0,3.0217,0.0152,1.7432,3.1441,47.8251,10.8242,13.5889,12.8328,12.2795,13.9049
3,2,5.0,4.72,0.0,0.0,0.0,0.0,0.0,0.0,0.0,0.0,0.0,6.7724,0.0186,2.0984,2.9184,42.0242,15.0646,17.2049,14.1918,19.0937,14.5673
4,2,5.0,4.63,0.0,0.0,0.0,0.0,0.0,0.0,0.0,0.0,0.0,9.4516,0.0092,2.7143,2.8424,48.0531,12.9953,14.7397,12.7451,16.8351,14.6511
5,2,4.0,3.9,0.0,0.0,0.0,0.0,0.0,0.0,0.0,0.0,0.0,6.1296,0.0102,1.6364,2.8407,41.4592,13.8825,15.3004,13.3712,17.7919,15.9214
6,2,4.0,4.25,0.0,0.0,0.0,0.0,0.0,0.0,0.0,0.0,0.0,6.8704,0.0119,4.2,2.8655,37.6837,16.3048,18.0549,14.435,20.9425,15.3536
7,2,4.0,4.01,0.0,0.0,0.0,0.0,0.0,0.0,0.0,0.0,0.0,2.568,0.017,1.6129,3.1176,45.3775,10.6736,13.5333,12.7353,11.0772,13.4118
8,2,3.0,3.63,0.0,0.0,0.0,0.0,0.0,0.0,0.0,0.0,0.0,4.7792,0.0244,2.9412,3.0621,39.8483,16.624,18.4502,14.0682,21.0946,14.0446
9,2,4.0,4.08,0.0,0.0,0.0,0.0,0.0,0.0,0.0,0.0,0.0,4.1376,0.006,1.7097,2.8267,42.3941,12.8634,13.9865,12.7451,16.0784,15.8305
10,2,3.0,3.45,0.0,0.0,0.0,0.0,0.0,0.0,0.0,0.0,0.0,9.1628,0.0046,4.6,2.7199,20.9199,22.5144,23.8857,16.2186,28.8068,15.7259
11,2,4.0,4.12,0.0,0.0,0.0,0.0,0.0,0.0,0.0,0.0,0.0,12.0,0.0087,4.5556,2.8483,-6.5973,34.2028,36.111,19.0839,43.9277,15.1149
12,2,5.0,4.55,0.0,0.0,0.0,0.0,0.0,0.0,0.0,0.0,0.0,7.0263,0.016,4.8,2.8247,-15.5652,40.0247,42.563,18.5993,52.1116,13.9147
13,2,2.0,3.23,0.0,0.0,0.0,0.0,0.0,0.0,0.0,0.0,0.0,4.0599,0.0114,1.1681,2.9251,45.2209,10.3515,12.8275,12.1902,11.2773,14.3272
14,2,5.0,4.26,0.0,0.0,0.0,0.0,0.0,0.0,0.0,0.0,0.0,13.0667,0.0059,8.8571,2.9087,-71.28,58.2298,61.1281,26.4513,73.8894,14.9748
15,2,4.0,4.1,0.6022,1.0,1.0,0.0,0.0506,0.1203,0.182,0.0,0.0,9.5238,0.0076,4.6,2.7672,-31.9678,45.2937,48.1838,21.6405,57.7261,13.4658
16,2,2.0,4.2,0.0,0.0,0.0,0.0,0.0,0.0,0.0,0.0,0.0,4.1351,0.0063,2.0278,2.9741,38.5685,13.6978,14.8223,13.3381,16.1782,15.268
17,2,2.0,2.8,-0.0435,1.0,1.0,0.0,0.0116,0.3262,0.9362,0.0,0.3333,7.2857,0.0055,3.25,2.6865,30.9707,16.0197,18.0667,15.5797,18.9729,15.8109
18,2,4.0,3.73,0.5745,1.0,1.0,0.0,0.0542,0.2047,0.8519,0.0,0.2143,7.1648,0.0056,3.4286,3.0538,33.2709,22.6904,25.2297,14.0326,28.5764,10.7492
19,2,5.0,4.69,0.0,0.0,0.0,0.0,0.0,0.0,0.0,0.0,0.0,8.3474,0.0078,3.087,2.7617,-32.7484,44.3778,47.1009,22.607,56.8355,14.9185
20,2,5.0,4.48,0.0,0.0,0.0,0.0,0.0,0.0,0.0,0.0,0.0,4.5889,0.0139,0.7209,2.8121,47.9599,10.1457,11.9892,11.6838,12.2917,15.2573
21,2,4.0,3.93,1.0,1.0,1.0,0.0,0.0,0.0,0.0,0.0,0.0,1.5,0.1,1.0,2.4464,69.785,6.01,8.0,8.8418,4.294,7.112
22,2,4.0,4.06,0.0,0.0,0.0,0.0,0.0,0.0,0.0,0.0,0.0,11.9667,0.0068,2.375,2.7534,-126.2823,77.4534,81.9333,35.6968,99.123,17.5033
23,2,4.0,3.94,-0.0953,1.0,1.0,0.0,0.0,0.0,0.0,0.0,0.0,13.0,0.0054,1.9167,2.686,-166.7988,93.9113,97.0753,32.8134,120.5969,17.1882
24,2,4.0,4.22,0.0,0.0,0.0,0.0,0.0,0.0,0.0,0.0,0.0,9.2593,0.0067,3.125,2.681,-17.3674,37.8746,41.2557,23.1916,48.4211,15.3091
25,2,4.0,3.96,0.0,0.0,0.0,0.0,0.0,0.0,0.0,0.0,0.0,9.7447,0.0037,11.8333,2.9297,-89.368,67.8743,71.3244,25.0073,87.1477,13.6681
26,2,4.0,4.28,0.0,0.0,0.0,0.0,0.0,0.0,0.0,0.0,0.0,5.2075,0.0095,1.9444,2.9708,51.4839,11.8277,13.7016,12.2899,14.3311,13.1195
27,2,4.0,4.06,0.0,0.0,0.0,0.0,0.0,0.0,0.0,0.0,0.0,4.9189,0.0083,2.9375,2.9935,34.6464,19.9097,21.4697,13.7315,25.65,13.4826
28,2,3.0,3.39,0.0,0.0,0.0,0.0,0.0,0.0,0.0,0.0,0.0,7.0566,0.006,5.3333,2.8386,-72.8054,57.5317,61.0498,29.3082,72.8216,15.9249
29,2,4.0,4.03,0.8159,1.0,1.0,0.0,0.0424,0.2832,0.9051,0.0,0.2143,3.7045,0.0191,1.2941,3.072,48.1903,9.4897,12.8718,12.0009,9.4835,12.8846
30,2,4.0,3.65,0.5729,1.0,1.0,0.0,0.3312,0.0781,0.0885,0.5,0.0,4.0952,0.0165,3.6667,2.9948,-44.1878,45.6318,48.4559,26.3344,57.4147,16.4963
31,2,4.0,4.17,0.0,0.0,0.0,0.0,0.0,0.0,0.0,0.0,0.0,8.5833,0.006,3.6,2.8503,-43.806,47.1312,50.785,26.6834,59.9338,15.7555
32,2,4.0,4.09,0.0,0.0,0.0,0.0,0.0,0.0,0.0,0.0,0.0,4.5376,0.0069,1.3784,2.9261,40.2009,13.5079,15.4892,13.9252,16.3987,15.4565
33,2,5.0,4.8,0.0,0.0,0.0,0.0,0.0,0.0,0.0,0.0,0.0,4.09,0.013,2.1887,3.0378,30.8394,15.6144,18.1055,15.8375,18.7085,16.4791
34,2,5.0,4.78,0.0,0.0,0.0,0.0,0.0,0.0,0.0,0.0,0.0,5.6111,0.0117,2.0,2.9517,37.5789,13.9801,16.3544,14.6295,17.1774,16.1835
35,2,2.0,2.9,0.0,0.0,0.0,0.0,0.0,0.0,0.0,0.0,0.0,15.0,0.0019,1.1818,2.6707,39.3812,14.8466,17.131,14.673,18.8076,15.6046
36,2,4.0,3.93,0.0,0.0,0.0,0.0,0.0,0.0,0.0,0.0,0.0,15.8125,0.0013,2.6429,2.4919,-65.7995,54.36,56.8475,27.0272,69.8246,17.6824
37,2,5.0,4.64,0.0,0.0,0.0,0.0,0.0,0.0,0.0,0.0,0.0,3.9149,0.0202,1.6897,3.086,51.9394,12.5909,14.5882,12.4236,15.7321,12.9522
38,2,4.0,4.0,0.0,0.0,0.0,0.0,0.0,0.0,0.0,0.0,0.0,3.7248,0.0113,1.4872,2.9928,45.0869,11.1596,12.5526,12.0678,12.7664,14.6102
39,2,2.0,3.04,0.6675,1.0,1.0,0.0,0.015,0.3723,0.9276,0.0,0.4286,9.8293,0.0034,0.9828,2.8541,75.4337,4.8195,6.8908,8.048,5.67,9.269
40,2,2.0,2.8,0.0,0.0,0.0,0.0,0.0,0.0,0.0,0.0,0.0,9.1333,0.009,1.2353,2.6177,40.4333,14.2595,15.5889,13.4638,17.9668,15.5925
41,2,5.0,4.11,0.6093,1.0,1.0,0.0,0.1703,0.2416,0.7734,0.1667,0.1667,4.5,0.0122,3.6,2.8687,20.0925,25.3625,27.3333,15.9032,32.1789,13.1802
42,2,4.0,4.01,0.0,0.0,0.0,0.0,0.0,0.0,0.0,0.0,0.0,6.75,0.0139,2.8235,2.7149,6.484,26.7223,28.3207,18.7741,34.05,16.85
43,2,5.0,4.33,0.63,1.0,1.0,0.0,0.0988,0.1422,0.3272,0.0,0.0,12.15,0.0051,4.4,2.6423,-16.7906,36.7176,39.3333,22.3611,46.8549,16.0419
44,2,4.0,4.02,0.0,0.0,0.0,0.0,0.0,0.0,0.0,0.0,0.0,7.3095,0.013,1.7895,2.8903,38.4826,16.2141,18.0567,14.4109,20.4869,14.7349
45,2,2.0,3.16,0.0,0.0,0.0,0.0,0.0,0.0,0.0,0.0,0.0,8.6744,0.0064,3.8182,2.7498,12.3042,25.4551,28.0122,19.1423,32.8234,16.4464
46,2,5.0,4.68,0.0,0.0,0.0,0.0,0.0,0.0,0.0,0.0,0.0,3.6111,0.0095,1.4348,2.9882,57.0952,9.9685,10.7643,10.1811,12.3117,13.0088
47,2,5.0,4.69,0.0,0.0,0.0,0.0,0.0,0.0,0.0,0.0,0.0,3.5185,0.0097,4.0,3.0778,33.0306,18.2581,20.4092,15.6161,22.2789,13.8652
48,2,4.0,4.11,0.0,0.0,0.0,0.0,0.0,0.0,0.0,0.0,0.0,3.1149,0.013,1.1552,2.9309,59.3233,7.782,8.9774,9.5398,9.1673,12.7409
49,2,5.0,4.52,0.0,0.0,0.0,0.0,0.0,0.0,0.0,0.0,0.0,7.8684,0.0019,1.4762,2.7928,10.4512,23.4422,24.8404,18.3971,29.1672,17.4859
50,2,5.0,4.54,0.0,0.0,0.0,0.0,0.0,0.0,0.0,0.0,0.0,8.6341,0.0083,2.8,2.6383,-9.7973,33.9535,35.6444,20.0758,43.3932,16.1822
51,2,5.0,4.72,0.0,0.0,0.0,0.0,0.0,0.0,0.0,0.0,0.0,10.5938,0.0096,2.6364,2.7035,-49.1854,49.8482,53.8834,27.3662,63.3834,15.1379
52,2,4.0,3.78,0.6323,1.0,1.0,0.0,0.1124,0.1018,0.3547,0.0,0.0,5.7347,0.007,9.0,2.9201,-47.9628,46.7794,49.4963,26.6834,58.3587,16.1207
53,2,5.0,4.98,0.0,0.0,0.0,0.0,0.0,0.0,0.0,0.0,0.0,11.5625,0.0082,3.6,2.7429,-50.8783,51.4921,54.7078,24.7572,66.4402,15.4281
54,2,4.0,4.02,0.0,0.0,0.0,0.0,0.0,0.0,0.0,0.0,0.0,3.5924,0.0068,3.1304,3.038,21.8089,22.3372,24.668,17.4517,27.3059,13.9833
55,2,5.0,4.53,0.0,0.0,0.0,0.0,0.0,0.0,0.0,0.0,0.0,8.8614,0.0079,1.9643,2.4701,-60.2137,52.2146,55.013,27.2819,67.0424,17.6319
56,2,4.0,4.53,0.0,0.0,0.0,0.0,0.0,0.0,0.0,0.0,0.0,10.1316,0.006,3.6667,2.7951,-56.1738,52.7276,55.0171,23.7267,67.5498,15.5687
57,2,5.0,4.76,0.0,0.0,0.0,0.0,0.0,0.0,0.0,0.0,0.0,4.9492,0.0098,1.2195,2.8597,57.0806,7.4404,9.1312,9.452,8.494,12.7417
58,2,2.0,2.11,0.0,0.0,0.0,0.0,0.0,0.0,0.0,0.0,0.0,14.2857,0.0047,10.6667,2.5001,-223.9412,118.2777,121.763,29.9243,152.3644,15.6781
59,2,4.0,3.93,0.7896,1.0,1.0,0.0,0.0017,0.0148,0.0275,0.0,0.0,1.0,0.1154,3.0,3.013,60.705,7.7733,9.8,10.1258,5.5687,7.9483
60,2,4.0,3.99,0.5731,1.0,1.0,0.0,0.0113,0.5719,0.9927,0.0,0.5833,7.7188,0.0087,4.75,3.0496,39.8948,18.1288,20.7456,14.7568,22.2229,11.7752
61,2,5.0,4.6,0.0,0.0,0.0,0.0,0.0,0.0,0.0,0.0,0.0,7.2803,0.0103,4.2903,2.8788,-30.1474,42.8039,45.5451,23.0009,55.0825,15.7598
62,2,4.0,4.18,0.0,0.0,0.0,0.0,0.0,0.0,0.0,0.0,0.0,8.075,0.0077,2.7333,2.7258,46.3235,13.4866,14.8835,12.6357,17.7078,15.155
63,2,5.0,4.68,0.0,0.0,0.0,0.0,0.0,0.0,0.0,0.0,0.0,4.7526,0.0034,1.1163,2.8013,53.4654,8.8955,10.4876,10.6088,9.9492,13.2242
64,2,5.0,4.73,0.0,0.0,0.0,0.0,0.0,0.0,0.0,0.0,0.0,7.2632,0.0111,4.1333,2.9072,34.4058,17.6729,20.2266,15.9032,22.4504,15.0349
65,2,3.0,3.19,0.6255,1.0,1.0,0.0,0.0598,0.5198,0.976,0.0,0.5,9.9583,0.005,3.3333,2.8096,29.2479,19.6138,21.4032,15.6885,25.5685,15.9519
66,2,4.0,4.14,0.0,0.0,0.0,0.0,0.0,0.0,0.0,0.0,0.0,6.6957,0.0033,1.0465,2.8236,68.2526,5.8117,7.6641,8.556,7.3925,11.4269
67,2,4.0,3.67,0.0,0.0,0.0,0.0,0.0,0.0,0.0,0.0,0.0,8.2222,0.0055,1.1379,2.6075,47.6548,9.9705,12.0395,11.6818,12.2669,15.6402
68,2,4.0,3.95,0.0,0.0,0.0,0.0,0.0,0.0,0.0,0.0,0.0,8.4773,0.0099,1.8947,2.8334,17.3334,22.1037,24.898,18.947,27.5111,16.3482
69,2,4.0,4.2,0.0,0.0,0.0,0.0,0.0,0.0,0.0,0.0,0.0,4.3711,0.0161,1.5714,2.9766,31.9291,16.4605,18.6536,15.7425,20.0867,15.8358
70,2,3.0,3.49,0.667,1.0,1.0,0.0,0.0405,0.0547,0.2454,0.0,0.0,10.7826,0.0075,3.1111,2.7596,-1.1157,29.7491,31.9274,20.5037,38.3439,17.3306
71,2,5.0,4.69,0.0,0.0,0.0,0.0,0.0,0.0,0.0,0.0,0.0,11.2222,0.0019,3.7,2.827,-39.704,45.7931,49.6016,26.4513,58.2304,15.5461
72,2,5.0,4.67,0.0,0.0,0.0,0.0,0.0,0.0,0.0,0.0,0.0,4.746,0.0073,0.9767,2.8654,56.2596,7.5239,9.6745,9.7256,8.3094,12.5388
73,2,3.0,3.58,0.0,0.0,0.0,0.0,0.0,0.0,0.0,0.0,0.0,7.898,0.0119,1.9333,2.7675,20.7041,22.5445,23.9878,16.3736,29.744,16.8959
74,2,4.0,3.77,0.5679,1.0,1.0,0.0,0.0543,0.2287,0.8086,0.0,0.1667,3.7176,0.007,6.0,3.0357,-31.8205,41.7952,44.2639,23.9238,51.9674,14.977
75,2,4.0,3.75,-0.0486,1.0,1.0,0.0,0.0,0.0,0.0,0.0,0.0,1.0,0.0,0.0,1.2516,49.48,7.6,2.0,0.0,10.272,14.736
0,3,5.0,4.33,0.0,0.0,0.0,0.0,0.0,0.0,0.0,0.0,0.0,8.1667,0.0058,4.7778,2.6018,-6.3821,31.5891,33.0942,20.0758,40.7491,17.5842
1,3,4.0,3.81,0.0,0.0,0.0,0.0,0.0,0.0,0.0,0.0,0.0,6.86,0.0045,1.2667,2.7,31.8932,20.1143,20.7275,12.8155,26.2028,14.6133
2,3,4.0,3.77,0.0,0.0,0.0,0.0,0.0,0.0,0.0,0.0,0.0,8.0192,0.0101,6.2857,2.8387,-75.2578,59.6127,62.537,26.9132,76.5492,16.2195
3,3,5.0,4.68,0.0,0.0,0.0,0.0,0.0,0.0,0.0,0.0,0.0,4.5847,0.0255,1.9143,2.9671,36.8266,13.947,17.0239,15.2227,16.7516,15.9695
4,3,5.0,3.97,0.0,0.0,0.0,0.0,0.0,0.0,0.0,0.0,0.0,11.2222,0.0072,2.9091,2.6581,13.1553,25.3719,26.732,17.1224,32.888,16.4392
5,3,2.0,2.88,0.0,0.0,0.0,0.0,0.0,0.0,0.0,0.0,0.0,3.7887,0.0039,3.25,2.9717,1.6297,29.1301,32.5867,21.9031,35.9301,14.9036
6,3,4.0,4.1,0.0,0.0,0.0,0.0,0.0,0.0,0.0,0.0,0.0,9.8125,0.0119,1.8182,2.7622,-55.5015,50.1495,52.5015,26.2169,63.0881,16.2209
7,3,4.0,3.92,0.749,1.0,1.0,0.0,0.0112,0.4503,0.9153,0.0,0.3571,2.06,0.0324,1.9545,3.2968,52.4133,9.5923,12.2303,11.8555,9.1781,11.2382
8,3,2.0,2.81,0.5421,1.0,1.0,0.0,0.0661,0.2114,0.6768,0.0,0.25,5.3542,0.0111,4.5,2.9213,15.9806,25.5882,26.5799,15.3816,32.6417,14.6201
9,3,3.0,3.77,0.0,0.0,0.0,0.0,0.0,0.0,0.0,0.0,0.0,9.5938,0.0095,3.6667,2.7735,-100.5064,69.1381,72.2665,28.9947,88.131,15.6228
10,3,2.0,3.98,0.0,0.0,0.0,0.0,0.0,0.0,0.0,0.0,0.0,3.2877,0.0068,2.3043,2.9737,0.4091,30.0954,30.8601,17.3792,37.6746,15.1055
11,3,4.0,4.12,0.0,0.0,0.0,0.0,0.0,0.0,0.0,0.0,0.0,12.0,0.0087,4.5556,2.8483,-6.5973,34.2028,36.111,19.0839,43.9277,15.1149
12,3,5.0,4.61,0.0,0.0,0.0,0.0,0.0,0.0,0.0,0.0,0.0,5.0968,0.0083,2.8889,2.8329,31.4125,20.2745,22.6007,15.7425,25.4938,13.4995
13,3,4.0,3.93,-0.0165,1.0,1.0,0.0,0.0,0.0,0.0,0.0,0.0,0.4444,0.0714,3.0,3.0391,69.9938,6.7262,11.3538,11.2081,2.8231,4.0862
14,3,5.0,4.38,0.0,0.0,0.0,0.0,0.0,0.0,0.0,0.0,0.0,8.7714,0.0077,2.3636,2.7319,-18.5127,36.2126,38.8976,23.3267,46.753,17.7745
15,3,4.0,4.11,0.0,0.0,0.0,0.0,0.0,0.0,0.0,0.0,0.0,7.4444,0.0055,2.8889,2.6644,36.4417,18.6104,20.4735,14.3487,23.9531,13.9352
16,3,5.0,4.15,0.0,0.0,0.0,0.0,0.0,0.0,0.0,0.0,0.0,6.9848,0.0074,2.6957,2.9679,26.2153,21.708,24.0431,16.5819,26.8263,13.4204
17,3,4.0,3.78,0.6428,1.0,1.0,0.0,0.0607,0.4576,0.9919,0.0714,0.4286,3.5312,0.0044,0.5556,2.9329,55.7721,7.2977,9.4011,9.3458,7.4552,11.6479
18,3,3.0,3.42,0.0,0.0,0.0,0.0,0.0,0.0,0.0,0.0,0.0,2.6519,0.0331,3.087,3.2492,41.2007,15.2829,17.9818,14.9447,17.7422,12.6328
19,3,5.0,4.67,0.0,0.0,0.0,0.0,0.0,0.0,0.0,0.0,0.0,7.9714,0.0087,1.25,2.7304,54.0768,10.7515,12.8435,11.9792,13.4463,13.6288
20,3,5.0,4.62,0.0,0.0,0.0,0.0,0.0,0.0,0.0,0.0,0.0,2.8624,0.0119,1.1389,3.0324,54.8051,8.6474,10.4727,10.5905,9.3125,12.5351
21,3,4.0,3.93,1.0,1.0,1.0,0.0,0.0,0.0,0.0,0.0,0.0,1.5,0.1,1.0,2.4464,69.785,6.01,8.0,8.8418,4.294,7.112
22,3,4.0,4.04,0.0,0.0,0.0,0.0,0.0,0.0,0.0,0.0,0.0,10.7647,0.0085,2.5625,2.7592,-131.0828,79.4893,84.0394,35.9463,101.7315,17.3311
23,3,4.0,3.94,-0.0953,1.0,1.0,0.0,0.0,0.0,0.0,0.0,0.0,13.0,0.0054,1.9167,2.686,-166.7988,93.9113,97.0753,32.8134,120.5969,17.1882
24,3,4.0,3.73,0.0,0.0,0.0,0.0,0.0,0.0,0.0,0.0,0.0,8.575,0.0199,8.0,2.6686,-40.3867,47.9585,50.6746,22.3611,63.1562,16.5132
25,3,4.0,4.05,0.0,0.0,0.0,0.0,0.0,0.0,0.0,0.0,0.0,6.5542,0.008,5.25,2.9931,-2.3576,33.1208,35.7743,19.7845,41.8144,13.7003
26,3,5.0,4.37,0.6254,1.0,1.0,0.0,0.021,0.2488,0.9985,0.0,0.2143,4.1129,0.0257,2.6875,3.1519,44.6335,12.5347,14.9217,13.5963,15.5768,15.2412
27,3,4.0,4.06,0.0,0.0,0.0,0.0,0.0,0.0,0.0,0.0,0.0,4.9189,0.0083,2.9375,2.9935,34.6464,19.9097,21.4697,13.7315,25.65,13.4826
28,3,3.0,3.68,0.0,0.0,0.0,0.0,0.0,0.0,0.0,0.0,0.0,4.5679,0.0072,3.0,3.0647,25.7151,18.4504,20.4541,16.6278,22.2416,15.8271
29,3,4.0,4.1,0.0,0.0,0.0,0.0,0.0,0.0,0.0,0.0,0.0,3.759,0.0383,3.4286,3.133,29.4962,20.9455,23.5263,16.3736,26.6385,13.9362
30,3,4.0,4.19,0.5938,1.0,1.0,0.0,0.0128,0.2066,0.9366,0.0,0.2143,4.3585,0.0096,1.2812,3.0777,54.1984,7.8502,10.6827,10.27,8.6076,12.8764
31,3,4.0,3.44,0.6607,1.0,1.0,0.0,0.3773,0.1868,0.5211,0.3333,0.1667,8.24,0.0193,1.3333,2.7745,1.5973,27.0106,29.9667,21.6405,33.071,16.6018
32,3,4.0,4.18,0.0,0.0,0.0,0.0,0.0,0.0,0.0,0.0,0.0,6.1509,0.0083,4.2,2.7188,-35.8448,46.4141,48.2745,19.6204,59.4239,14.1344
33,3,5.0,3.92,0.0,0.0,0.0,0.0,0.0,0.0,0.0,0.0,0.0,4.5034,0.0078,2.9429,3.1611,22.3606,18.9219,21.0272,17.2234,22.482,16.1185
34,3,4.0,3.86,0.0,0.0,0.0,0.0,0.0,0.0,0.0,0.0,0.0,5.3529,0.0099,9.0,2.9756,-5.0043,33.2105,35.6452,20.2673,42.7084,15.5132
35,3,1.0,2.89,0.0,0.0,0.0,0.0,0.0,0.0,0.0,0.0,0.0,6.875,0.0104,3.0667,2.9761,39.1028,16.1138,18.9592,15.47,20.5165,14.8052
36,3,4.0,4.03,0.0,0.0,0.0,0.0,0.0,0.0,0.0,0.0,0.0,6.0833,0.0044,3.2,3.0162,27.0244,20.1475,23.4071,17.9162,24.624,14.2258
37,3,5.0,4.15,0.0,0.0,0.0,0.0,0.0,0.0,0.0,0.0,0.0,3.7829,0.0194,2.9545,3.0883,41.2416,15.9973,17.7326,13.7717,19.646,13.2804
38,3,4.0,3.87,0.0,0.0,0.0,0.0,0.0,0.0,0.0,0.0,0.0,7.0465,0.0018,8.0,2.7281,-20.3286,42.1797,44.4127,17.5059,54.0817,12.6461
39,3,2.0,2.98,0.0,0.0,0.0,0.0,0.0,0.0,0.0,0.0,0.0,10.0526,0.0069,6.1667,2.5939,-58.3257,54.2699,56.5605,22.9186,70.2324,15.8053
40,3,2.0,3.26,0.0,0.0,0.0,0.0,0.0,0.0,0.0,0.0,0.0,5.4792,0.0202,8.0,2.8814,-32.6561,42.4086,44.9872,23.9891,53.9036,16.1519
41,3,4.0,3.81,0.7613,1.0,1.0,0.0,0.1098,0.0993,0.3987,0.125,0.0,3.871,0.0141,4.2857,3.0018,12.3648,25.8441,26.9289,16.6479,32.8007,15.434
42,3,5.0,4.69,0.0,0.0,0.0,0.0,0.0,0.0,0.0,0.0,0.0,8.6316,0.0085,3.7,2.6942,28.9703,21.9239,23.3622,14.139,28.3098,13.7932
43,3,5.0,4.64,0.0,0.0,0.0,0.0,0.0,0.0,0.0,0.0,0.0,8.1333,0.0098,5.0,2.838,-53.7522,52.2242,54.7719,23.7267,67.0275,15.3315
44,3,4.0,4.09,0.0,0.0,0.0,0.0,0.0,0.0,0.0,0.0,0.0,5.1731,0.0103,2.0,2.8264,40.6651,16.7792,17.9081,12.8155,20.5564,12.7205
45,3,4.0,4.18,0.0,0.0,0.0,0.0,0.0,0.0,0.0,0.0,0.0,4.4945,0.0036,3.6364,2.833,32.8198,19.4769,21.5659,15.3087,24.2513,13.4232
46,3,5.0,4.82,0.0,0.0,0.0,0.0,0.0,0.0,0.0,0.0,0.0,4.1616,0.018,1.9355,2.9601,50.6933,10.5499,11.4104,11.0571,13.4118,15.0524
47,3,4.0,4.09,0.0,0.0,0.0,0.0,0.0,0.0,0.0,0.0,0.0,3.7655,0.0074,2.2051,3.0683,37.2846,15.2741,17.2461,14.6781,18.1929,14.5174
48,3,4.0,3.73,0.6381,1.0,1.0,0.0,0.0145,0.5228,0.9689,0.0,0.5714,5.2368,0.0176,1.4706,3.0163,42.9425,13.1078,15.5277,13.9683,15.3331,14.167
49,3,5.0,4.75,0.0,0.0,0.0,0.0,0.0,0.0,0.0,0.0,0.0,6.4348,0.0151,1.9231,2.8586,30.0931,19.2785,22.0427,16.8278,24.3718,14.9892
50,3,4.0,3.91,0.6547,1.0,1.0,0.0,0.0405,0.5081,0.9749,0.0,0.5,3.6371,0.0075,1.4138,2.8911,58.4114,10.1428,12.1212,11.28,12.1204,11.9827
51,3,5.0,4.56,0.0,0.0,0.0,0.0,0.0,0.0,0.0,0.0,0.0,5.3284,0.0058,4.2857,2.7756,-43.5959,51.1389,53.9083,19.947,65.703,12.8481
52,3,3.0,4.42,0.0,0.0,0.0,0.0,0.0,0.0,0.0,0.0,0.0,6.5636,0.0146,2.4231,2.9739,55.0061,11.1491,13.2235,11.9587,14.2962,13.5035
53,3,5.0,4.98,0.0,0.0,0.0,0.0,0.0,0.0,0.0,0.0,0.0,11.5625,0.0082,3.6,2.7429,-50.8783,51.4921,54.7078,24.7572,66.4402,15.4281
54,3,4.0,4.03,0.0,0.0,0.0,0.0,0.0,0.0,0.0,0.0,0.0,3.5868,0.0082,1.1961,2.9725,41.8149,13.5218,15.1938,13.5068,15.513,13.7996
55,3,5.0,4.51,0.0,0.0,0.0,0.0,0.0,0.0,0.0,0.0,0.0,8.0744,0.0134,2.8974,2.7995,-61.4211,49.8987,52.9876,29.9243,63.3346,19.2238
56,3,4.0,3.93,0.0,0.0,0.0,0.0,0.0,0.0,0.0,0.0,0.0,4.6824,0.0041,2.7059,3.0486,16.2407,22.3472,23.8818,17.5813,27.7939,16.4777
57,3,4.0,3.88,0.579,1.0,1.0,0.0,0.0583,0.2756,0.985,0.0714,0.2857,4.1552,0.0114,1.4,2.9913,51.3657,8.73,11.3809,10.9888,9.279,13.1258
58,3,2.0,2.11,0.0,0.0,0.0,0.0,0.0,0.0,0.0,0.0,0.0,14.2857,0.0047,10.6667,2.5001,-223.9412,118.2777,121.763,29.9243,152.3644,15.6781
59,3,5.0,4.12,0.4984,1.0,1.0,0.0,0.0742,0.6583,0.9593,0.0,0.8333,28.1667,0.0,0.7143,2.2546,28.5808,19.5205,21.3485,15.9032,25.5425,16.3748
60,3,4.0,4.21,0.0,0.0,0.0,0.0,0.0,0.0,0.0,0.0,0.0,6.7667,0.0151,4.6842,2.9157,-0.9839,32.1667,33.7516,17.8793,41.1307,14.7474
61,3,5.0,4.75,0.0,0.0,0.0,0.0,0.0,0.0,0.0,0.0,0.0,5.2266,0.0169,2.8065,2.9682,28.2918,18.9895,20.458,15.5797,23.8563,15.6631
62,3,4.0,3.95,0.0,0.0,0.0,0.0,0.0,0.0,0.0,0.0,0.0,8.4444,0.0069,1.5714,2.6689,44.3501,12.1196,13.5404,12.6026,15.1457,15.725
63,3,5.0,4.57,0.0,0.0,0.0,0.0,0.0,0.0,0.0,0.0,0.0,6.6406,0.0096,2.125,2.7883,-2.5886,32.0232,34.5321,20.3404,40.572,14.965
64,3,5.0,3.58,0.5949,1.0,1.0,0.0,0.141,0.2836,0.8134,0.0,0.25,6.9375,0.0142,3.75,2.9094,-23.2413,36.8721,39.1415,23.7267,47.0067,18.0912
65,3,3.0,3.46,0.0,0.0,0.0,0.0,0.0,0.0,0.0,0.0,0.0,8.0909,0.0032,1.375,2.7564,7.7136,25.7405,28.1113,19.8543,32.6361,17.0905
66,3,4.0,4.05,0.0,0.0,0.0,0.0,0.0,0.0,0.0,0.0,0.0,8.4333,0.0042,3.5,2.7832,44.4254,15.4473,17.5,13.6241,20.1638,14.1821
67,3,4.0,3.82,0.6494,1.0,1.0,0.0,0.207,0.1998,0.485,0.1667,0.0,7.303,0.002,3.1429,2.7043,-2.2816,29.6633,31.9232,20.9671,37.3501,16.7072
68,3,4.0,4.12,0.0,0.0,0.0,0.0,0.0,0.0,0.0,0.0,0.0,4.7769,0.0095,1.907,3.0126,58.2163,9.6916,11.8135,11.3166,11.2822,11.9847
69,3,4.0,3.98,0.0,0.0,0.0,0.0,0.0,0.0,0.0,0.0,0.0,7.3542,0.0134,3.1538,2.8868,38.5757,17.1158,19.9583,15.5499,21.8395,14.2128
70,3,2.0,3.01,0.0,0.0,0.0,0.0,0.0,0.0,0.0,0.0,0.0,8.3571,0.0147,1.3889,2.7064,-110.1406,73.8356,77.6352,29.9243,94.841,15.5858
71,3,5.0,4.59,0.5904,1.0,1.0,0.0,0.099,0.1602,0.1628,0.0,0.0,9.5385,0.0077,5.0,2.8419,-61.1025,54.326,56.0641,22.9186,70.1548,16.5385
72,3,4.0,4.12,0.0,0.0,0.0,0.0,0.0,0.0,0.0,0.0,0.0,3.9863,0.0038,0.8974,2.7922,50.2654,8.6981,10.4797,10.3803,9.6377,13.8282
73,3,4.0,4.11,0.6252,1.0,1.0,0.0,0.0391,0.0708,0.1719,0.0,0.0,7.6939,0.0111,4.7778,2.7721,-62.2979,56.5629,59.8482,24.7572,72.3163,14.0487
74,3,3.0,3.45,0.6012,1.0,1.0,0.0,0.0281,0.1937,0.802,0.0,0.1429,3.1974,0.0138,3.2308,3.178,36.4019,14.6825,18.2374,16.0092,16.6883,14.3227
75,3,5.0,4.63,0.0,0.0,0.0,0.0,0.0,0.0,0.0,0.0,0.0,8.0244,0.0199,3.5,2.7853,34.6107,18.0377,19.6046,14.5546,23.5241,15.4197
0,4,5.0,4.52,0.5133,1.0,1.0,0.0,0.0349,0.3838,0.9934,0.0,0.4286,8.3958,0.0083,3.9,2.8903,29.6792,22.3692,25.1667,16.0443,27.9134,11.9547
1,4,4.0,4.05,0.0,0.0,0.0,0.0,0.0,0.0,0.0,0.0,0.0,2.8,0.0083,2.5,3.1853,39.9833,13.3549,16.4326,14.7902,15.141,14.3066
2,4,4.0,4.09,0.0,0.0,0.0,0.0,0.0,0.0,0.0,0.0,0.0,3.1376,0.018,1.807,3.1325,44.6978,11.456,13.9997,13.1243,12.8329,14.1808
3,4,5.0,4.22,0.0,0.0,0.0,0.0,0.0,0.0,0.0,0.0,0.0,9.5517,0.0075,3.5484,2.8632,20.0887,20.3613,23.1707,18.458,24.9518,16.476
4,4,5.0,4.48,0.0,0.0,0.0,0.0,0.0,0.0,0.0,0.0,0.0,9.4444,0.0059,2.3636,2.6247,23.5836,21.9772,23.931,16.5942,27.9541,15.0692
5,4,4.0,3.95,0.0,0.0,0.0,0.0,0.0,0.0,0.0,0.0,0.0,3.7917,0.0119,4.0,3.0284,11.9608,23.4091,25.9955,19.5732,28.579,16.3151
6,4,4.0,3.95,0.6953,1.0,1.0,0.0,0.0865,0.4866,0.9794,0.0714,0.5,6.2059,0.0115,3.0,3.0491,41.6495,15.3066,17.3931,14.1918,17.7277,12.4084
7,4,4.0,4.07,0.7461,1.0,1.0,0.0,0.0143,0.3786,0.9973,0.0,0.3571,2.4597,0.0183,2.2667,3.2062,46.807,10.4926,12.6609,12.1617,10.6134,12.7963
8,4,4.0,4.19,0.0,0.0,0.0,0.0,0.0,0.0,0.0,0.0,0.0,6.7674,0.0054,2.8333,2.8719,44.2209,16.1176,17.4691,12.458,20.6756,13.2708
9,4,4.0,4.21,0.0,0.0,0.0,0.0,0.0,0.0,0.0,0.0,0.0,7.5974,0.0082,2.3182,2.8338,12.9617,26.0861,29.1192,19.4698,33.0428,14.9305
10,4,2.0,3.26,0.0,0.0,0.0,0.0,0.0,0.0,0.0,0.0,0.0,4.975,0.0051,2.0714,2.839,12.6601,25.9334,27.9812,18.108,32.1954,14.3553
11,4,4.0,4.05,0.0,0.0,0.0,0.0,0.0,0.0,0.0,0.0,0.0,8.2632,0.0086,6.625,2.9083,3.647,29.8922,32.4696,19.6862,38.6542,15.7105
12,4,5.0,4.22,0.0,0.0,0.0,0.0,0.0,0.0,0.0,0.0,0.0,7.0526,0.0089,1.7778,2.919,34.8701,17.1097,19.4694,15.6049,20.9496,14.368
13,4,4.0,4.09,0.0,0.0,0.0,0.0,0.0,0.0,0.0,0.0,0.0,4.4975,0.0113,1.2235,2.9878,42.5915,11.0597,13.797,12.9019,12.5748,15.2864
14,4,5.0,3.38,0.5962,1.0,1.0,0.0,0.129,0.0924,0.3303,0.125,0.0,7.3611,0.0088,5.3333,2.895,16.4754,24.8236,26.4777,16.8872,31.4381,14.8399
15,4,4.0,4.08,0.9874,1.0,1.0,0.0,0.0262,0.0544,0.0749,0.0,0.0,8.25,0.0236,3.7143,2.8369,3.8499,30.7748,34.0208,20.2673,39.7713,14.838
16,4,4.0,4.11,0.0,0.0,0.0,0.0,0.0,0.0,0.0,0.0,0.0,6.0816,0.0056,3.2308,2.8428,44.5142,15.348,16.9528,13.0239,19.6802,13.7877
17,4,5.0,3.35,1.0,1.0,1.0,0.0,0.0024,0.8393,0.9562,0.0,0.8333,27.0,0.0,0.25,2.5003,50.5606,7.8219,10.2923,9.5161,10.4423,15.3785
18,4,3.0,3.4,0.0,0.0,0.0,0.0,0.0,0.0,0.0,0.0,0.0,2.6519,0.0333,2.9583,3.2543,41.2007,15.2829,17.9818,14.9447,17.6752,12.5492
19,4,5.0,4.55,0.0,0.0,0.0,0.0,0.0,0.0,0.0,0.0,0.0,4.9952,0.0072,3.5278,2.9432,3.9698,30.154,31.9467,17.9874,38.3146,14.523
20,4,5.0,4.51,0.0,0.0,0.0,0.0,0.0,0.0,0.0,0.0,0.0,5.8594,0.0099,0.5429,2.7554,63.7261,6.0428,7.3147,8.1673,7.3069,11.4762
21,4,4.0,3.93,1.0,1.0,1.0,0.0,0.0,0.0,0.0,0.0,0.0,1.5,0.1,1.0,2.4464,69.785,6.01,8.0,8.8418,4.294,7.112
22,4,3.0,3.48,0.0,0.0,0.0,0.0,0.0,0.0,0.0,0.0,0.0,5.2222,0.0066,3.2778,3.0853,-32.5477,42.8903,46.5782,25.6926,53.9537,14.972
23,4,3.0,3.24,1.0,1.0,1.0,0.0,0.0,0.0,0.0,0.0,0.0,11.35,0.0079,2.1818,2.7118,-175.3866,97.5934,100.8813,32.8134,125.2779,16.7954
24,4,4.0,3.82,0.0,0.0,0.0,0.0,0.0,0.0,0.0,0.0,0.0,5.7667,0.0166,9.0,2.7926,-20.6296,39.7995,42.2995,21.1944,51.8837,15.9592
25,4,4.0,4.03,0.0,0.0,0.0,0.0,0.0,0.0,0.0,0.0,0.0,4.878,0.0146,1.7895,2.9501,42.9871,14.5197,17.0471,14.435,18.1419,14.3565
26,4,4.0,4.13,0.0,0.0,0.0,0.0,0.0,0.0,0.0,0.0,0.0,2.5881,0.0208,1.6136,3.2232,52.8332,9.794,12.3948,11.9792,10.9491,12.9298
27,4,4.0,4.0,0.0,0.0,0.0,0.0,0.0,0.0,0.0,0.0,0.0,4.9189,0.0083,2.9375,2.9935,39.3379,18.1071,19.6208,13.1874,23.3389,13.4114
28,4,3.0,3.43,0.0,0.0,0.0,0.0,0.0,0.0,0.0,0.0,0.0,7.1569,0.0031,3.6923,2.9613,24.1557,22.7152,24.5241,15.9032,29.0045,14.3649
29,4,5.0,4.29,0.0,0.0,0.0,0.0,0.0,0.0,0.0,0.0,0.0,2.899,0.0565,1.5517,3.2858,75.2,6.0,8.5846,9.1207,6.9413,9.2274
30,4,4.0,4.0,0.0,0.0,0.0,0.0,0.0,0.0,0.0,0.0,0.0,8.1622,0.0039,2.6364,2.7859,21.5792,23.8716,25.9455,16.5267,30.8108,14.6508
31,4,5.0,4.75,0.0,0.0,0.0,0.0,0.0,0.0,0.0,0.0,0.0,4.7031,0.0126,0.74,2.8032,57.9862,7.2282,9.2667,9.4714,8.5484,12.8821
32,4,5.0,4.59,0.0,0.0,0.0,0.0,0.0,0.0,0.0,0.0,0.0,6.3472,0.0087,1.8571,2.8568,47.4866,10.6749,13.0112,12.4203,13.2489,15.5244
33,4,4.0,4.13,0.0,0.0,0.0,0.0,0.0,0.0,0.0,0.0,0.0,4.31,0.0129,3.025,3.17,22.3342,19.8052,22.8317,18.3234,23.7266,15.5381
34,4,5.0,4.59,0.0,0.0,0.0,0.0,0.0,0.0,0.0,0.0,0.0,3.4304,0.009,1.5806,3.0207,37.4242,11.0928,14.3838,12.8728,11.2615,14.932
35,4,1.0,2.41,0.5641,1.0,1.0,0.0,0.2434,0.0975,0.2837,0.1667,0.0,6.3784,0.0101,4.5,2.8989,2.2601,29.4645,32.0135,20.2673,36.698,14.8128
36,4,4.0,3.83,0.0,0.0,0.0,0.0,0.0,0.0,0.0,0.0,0.0,9.5263,0.0,13.75,2.6575,-55.0442,52.9841,56.3545,25.499,67.8857,14.9507
37,4,5.0,4.56,0.0,0.0,0.0,0.0,0.0,0.0,0.0,0.0,0.0,4.2836,0.0091,1.3556,2.9293,31.5134,16.2087,18.2967,15.6224,18.9875,15.2016
38,4,4.0,4.45,0.0,0.0,0.0,0.0,0.0,0.0,0.0,0.0,0.0,3.9541,0.0129,1.0625,2.865,52.1055,8.9231,10.5957,10.6503,9.8206,13.3394
39,4,2.0,3.05,0.0,0.0,0.0,0.0,0.0,0.0,0.0,0.0,0.0,7.1739,0.0031,2.6154,2.6203,17.395,23.6094,25.3492,17.288,30.3332,16.1441
40,4,4.0,4.05,0.0,0.0,0.0,0.0,0.0,0.0,0.0,0.0,0.0,8.1163,0.0102,2.4,2.7857,42.9639,15.7359,16.303,11.7414,20.635,14.5663
41,4,5.0,4.4,0.0,0.0,0.0,0.0,0.0,0.0,0.0,0.0,0.0,7.2222,0.0053,6.625,2.9155,-23.3536,39.1236,42.0044,23.5277,49.2763,15.3424
42,4,4.0,4.04,0.0,0.0,0.0,0.0,0.0,0.0,0.0,0.0,0.0,8.0208,0.0116,1.7857,2.8713,35.6344,15.9371,18.6252,15.7194,19.01,14.5076
43,4,5.0,4.51,0.0,0.0,0.0,0.0,0.0,0.0,0.0,0.0,0.0,11.6957,0.0064,1.7,2.6831,20.296,24.7379,26.0956,15.1123,31.934,14.3519
44,4,4.0,4.25,0.0,0.0,0.0,0.0,0.0,0.0,0.0,0.0,0.0,5.913,0.0169,2.7333,3.0336,36.9592,16.606,17.7149,13.7315,22.5954,16.9351
45,4,4.0,4.2,0.0,0.0,0.0,0.0,0.0,0.0,0.0,0.0,0.0,7.3043,0.0109,2.1875,2.7781,28.4106,20.6311,22.9623,16.3736,26.61,15.0455
46,4,5.0,4.32,0.0,0.0,0.0,0.0,0.0,0.0,0.0,0.0,0.0,4.4444,0.0144,0.5821,2.8072,66.8722,5.6825,6.3992,7.6662,7.2474,11.4019
47,4,5.0,4.51,0.0,0.0,0.0,0.0,0.0,0.0,0.0,0.0,0.0,4.5621,0.0032,1.525,2.8958,-3.1226,31.002,32.3164,19.0327,38.9196,15.6298
48,4,4.0,3.89,0.0,0.0,0.0,0.0,0.0,0.0,0.0,0.0,0.0,7.0526,0.0065,5.4286,2.7937,2.5545,31.1004,33.6686,19.2872,39.4684,14.099
49,4,5.0,4.65,0.0,0.0,0.0,0.0,0.0,0.0,0.0,0.0,0.0,7.2391,0.0082,2.4545,2.8358,20.8797,23.2653,25.3055,16.9548,29.2457,14.4362
50,4,4.0,3.9,0.0,0.0,0.0,0.0,0.0,0.0,0.0,0.0,0.0,13.0323,0.0052,5.125,2.7404,17.8537,24.2463,27.0456,18.5111,30.7644,14.9512
51,4,4.0,4.07,0.0,0.0,0.0,0.0,0.0,0.0,0.0,0.0,0.0,9.65,0.0112,3.2857,2.6023,-59.3805,54.1686,56.6958,24.2482,69.4961,15.5087
52,4,2.0,3.09,0.6185,1.0,1.0,0.0,0.0472,0.6028,0.9935,0.0714,0.6429,4.7593,0.012,2.1111,3.0097,32.7934,14.9788,16.4491,14.5546,18.1023,16.5708
53,4,5.0,4.98,0.0,0.0,0.0,0.0,0.0,0.0,0.0,0.0,0.0,11.5625,0.0082,3.6,2.7429,-50.8783,51.4921,54.7078,24.7572,66.4402,15.4281
54,4,4.0,4.4,0.0,0.0,0.0,0.0,0.0,0.0,0.0,0.0,0.0,3.0065,0.016,2.5417,3.0265,37.4614,15.2635,16.9321,14.3383,18.1672,14.4519
55,4,5.0,4.55,0.0,0.0,0.0,0.0,0.0,0.0,0.0,0.0,0.0,8.936,0.0027,3.72,2.7438,-111.7746,71.9341,75.9612,33.665,91.6199,16.907
56,4,4.0,4.0,0.0,0.0,0.0,0.0,0.0,0.0,0.0,0.0,0.0,6.94,0.0063,3.8,2.7857,25.0249,21.4139,23.1233,16.0619,27.8057,15.7753
57,4,4.0,3.95,0.0,0.0,0.0,0.0,0.0,0.0,0.0,0.0,0.0,2.9947,0.003,0.9867,2.7195,55.7755,8.1095,9.9563,10.159,8.7985,12.5337
58,4,2.0,2.11,0.0,0.0,0.0,0.0,0.0,0.0,0.0,0.0,0.0,14.2857,0.0047,10.6667,2.5001,-223.9412,118.2777,121.763,29.9243,152.3644,15.6781
59,4,4.0,4.36,0.0,0.0,0.0,0.0,0.0,0.0,0.0,0.0,0.0,4.0093,0.0128,2.0759,2.9526,36.6838,15.5621,18.7974,16.0497,17.2438,12.8474
60,4,3.0,3.64,0.0,0.0,0.0,0.0,0.0,0.0,0.0,0.0,0.0,9.7838,0.0099,5.7143,2.8093,-15.4199,38.6381,40.9294,19.5377,49.3234,13.8494
61,4,5.0,4.39,0.0,0.0,0.0,0.0,0.0,0.0,0.0,0.0,0.0,5.7339,0.0102,5.5556,3.025,-19.2501,39.5174,42.6862,22.2666,49.5479,13.2674
62,4,4.0,3.93,0.0,0.0,0.0,0.0,0.0,0.0,0.0,0.0,0.0,10.3548,0.0031,3.5556,2.5131,32.0699,19.3444,20.7647,14.5546,24.9492,14.8751
63,4,5.0,4.37,0.0,0.0,0.0,0.0,0.0,0.0,0.0,0.0,0.0,3.2115,0.0217,1.5465,3.1367,49.9817,10.2172,12.6135,12.1363,11.0602,13.0166
64,4,5.0,4.34,0.0,0.0,0.0,0.0,0.0,0.0,0.0,0.0,0.0,2.3871,0.0153,1.0588,3.035,48.9223,9.4896,12.336,11.7552,9.7379,13.0289
65,4,4.0,4.02,0.0,0.0,0.0,0.0,0.0,0.0,0.0,0.0,0.0,8.4146,0.0098,4.3636,2.797,21.8094,23.1356,24.5363,15.7194,30.8114,16.3908
66,4,4.0,3.8,0.5678,1.0,1.0,0.0,0.0,0.0,0.0,0.0,0.0,7.4,0.0136,5.3333,2.9593,-105.2947,72.4144,77.6335,32.8134,91.5674,13.3689
67,4,4.0,3.98,0.0,0.0,0.0,0.0,0.0,0.0,0.0,0.0,0.0,9.2791,0.0092,3.5,2.6738,39.8385,16.2941,18.749,14.9062,20.8417,14.5293
68,4,3.0,3.28,0.0,0.0,0.0,0.0,0.0,0.0,0.0,0.0,0.0,15.0,0.0071,4.75,2.6269,-14.4233,36.5531,39.4029,22.0761,46.9326,15.7254
69,4,4.0,4.0,0.0,0.0,0.0,0.0,0.0,0.0,0.0,0.0,0.0,7.7105,0.0099,5.0,2.8397,16.2355,24.4513,27.6974,19.4546,31.2467,15.6046
70,4,4.0,4.16,0.0,0.0,0.0,0.0,0.0,0.0,0.0,0.0,0.0,8.4048,0.0045,0.6875,2.7646,67.6494,5.8007,7.3718,8.3441,6.9006,10.8812
71,4,5.0,4.62,0.0,0.0,0.0,0.0,0.0,0.0,0.0,0.0,0.0,9.3261,0.0064,3.75,2.7006,38.5938,16.9025,18.2031,13.5591,22.35,15.3612
72,4,4.0,4.15,0.0,0.0,0.0,0.0,0.0,0.0,0.0,0.0,0.0,7.1698,0.0145,2.35,2.8686,17.1914,23.7176,25.8208,17.8332,30.3045,15.9112
73,4,3.0,3.25,0.6659,1.0,1.0,0.0,0.0513,0.2014,0.9883,0.0,0.1667,5.3623,0.0042,3.2727,2.8857,18.6174,25.8877,28.0574,16.4394,33.224,13.6927
74,4,4.0,3.95,0.81,1.0,1.0,0.0,0.0052,0.6822,0.9974,0.0,0.7143,2.8571,0.0242,1.5484,3.0754,46.6199,10.1796,13.1455,12.393,10.7941,13.6803
75,4,5.0,4.7,0.0,0.0,0.0,0.0,0.0,0.0,0.0,0.0,0.0,11.5517,0.0069,3.5833,2.7106,-100.5906,70.7646,73.2,24.5042,90.7908,14.8925
