user_id,file_id,rating,n_sentences,n_words,n_chars,syllables,polysyllables,words_per_sentence,syllables_per_word,chars_per_word,polysyllable_rate,flesch_reading_ease,fk_grade_level,gunning_fog,smog_index,ari,coleman_liau,pred_rating
0,0,4,10,354,2046,641,64,35.4,1.8107,5.7797,0.1808,17.7159,19.5827,21.3916,17.5813,23.4922,17.3482,3.97
1,0,4,13,652,3534,1020,84,50.1538,1.5644,5.4202,0.1288,23.5792,22.4301,25.2149,17.6506,29.1763,15.4809,4.15
2,0,4,16,344,1945,596,63,21.5,1.7326,5.6541,0.1831,38.4381,13.2392,15.9256,14.465,15.9507,16.0692,4.01
3,0,5,37,1101,5930,1751,135,29.7568,1.5904,5.386,0.1226,42.0864,14.7815,16.8073,14.0413,18.8165,14.875,4.73
4,0,5,12,518,2848,841,68,43.1667,1.6236,5.4981,0.1313,25.6683,20.4029,22.5176,16.7282,26.0492,15.8429,4.4
5,0,4,17,370,2137,641,65,21.7647,1.7324,5.7757,0.1757,38.18,13.3409,15.7329,14.2997,16.6558,16.801,4.13
6,0,4,6,450,2400,734,60,75.0,1.6311,5.3333,0.1333,-7.282,32.9071,35.3333,21.1944,41.19,15.1653,4.05
7,0,5,61,775,4293,1383,160,12.7049,1.7845,5.5394,0.2065,42.9694,10.4222,13.34,12.3812,11.0128,14.4416,4.69
8,0,3,33,385,2182,724,92,11.6667,1.8805,5.6675,0.239,35.9014,11.1501,14.2251,12.6676,11.0974,14.9879,3.52
9,0,4,8,398,2169,633,45,49.75,1.5905,5.4497,0.1131,21.7865,22.5798,24.4226,16.6781,29.1133,15.6495,3.64
10,0,3,10,451,2481,746,76,45.1,1.6541,5.5011,0.1685,21.1215,21.5174,24.7806,18.8781,27.0302,15.8902,3.42
11,0,3,8,174,879,256,16,21.75,1.4713,5.0517,0.092,60.2898,10.2534,12.3782,11.2081,13.2386,12.5432,3.59
12,0,5,13,263,1347,412,31,20.2308,1.5665,5.1217,0.1179,53.7715,10.7852,12.8071,11.9508,12.8085,12.8523,4.43
13,0,1,4,261,1315,396,27,65.25,1.5172,5.0383,0.1034,12.2476,27.7609,30.2379,17.9713,34.9255,13.3716,2.68
14,0,5,9,388,1976,590,38,43.1111,1.5206,5.0928,0.0979,34.4329,19.1666,21.162,14.8677,24.1126,13.459,4.64
15,0,5,7,301,1655,490,35,43.0,1.6279,5.4983,0.1163,25.4691,20.3893,21.8512,15.9032,25.9672,15.8419,3.2
16,0,4,11,638,3631,1116,98,58.0,1.7492,5.6912,0.1536,-0.0187,27.6708,29.3442,20.1806,34.3757,17.154,4.1
17,0,4,43,613,3233,973,71,14.2558,1.5873,5.2741,0.1158,58.0818,8.6996,10.3353,10.4698,10.5387,13.1351,4.25
18,0,4,24,578,2889,915,78,24.0833,1.583,4.9983,0.1349,48.4648,12.4824,15.0313,13.4279,14.1535,12.3608,3.89
19,0,5,64,2479,13563,4116,354,38.7344,1.6603,5.4712,0.1428,27.0543,19.1085,21.2057,16.5647,23.7063,15.6062,4.76
20,0,5,11,459,2500,722,53,41.7273,1.573,5.4466,0.1155,31.4073,19.2449,21.3096,15.6688,25.0872,15.5168,4.81
21,0,4,4,360,1958,569,43,90.0,1.5806,5.4389,0.1194,-18.23,38.1606,40.7778,21.8596,49.1872,15.8518,4.02
22,0,5,17,389,2058,622,48,22.8824,1.599,5.2905,0.1234,48.3364,12.202,14.0887,12.7284,14.9294,14.0145,4.22
23,0,4,1,231,1301,380,27,231.0,1.645,5.632,0.1169,-166.7988,93.9113,97.0753,32.8134,120.5969,17.1882,3.96
24,0,4,7,221,1105,319,17,31.5714,1.4434,5.0,0.0769,52.6751,13.7554,15.7055,12.0318,17.9057,12.6624,4.07
25,0,5,11,461,2429,708,47,41.9091,1.5358,5.269,0.102,34.3693,18.8769,20.8417,14.9377,24.3414,14.4753,4.3
26,0,5,24,599,3235,969,85,24.9583,1.6177,5.4007,0.1419,44.6452,13.2326,15.6595,13.8801,16.4863,14.7699,4.55
27,0,3,51,596,3338,1035,98,11.6863,1.7366,5.6007,0.1644,48.059,9.4593,11.2517,11.0481,10.7923,14.5991,3.51
28,0,3,7,744,3809,1131,70,106.2857,1.5202,5.1196,0.0941,-29.6506,43.7993,46.2777,21.1944,55.8263,14.0249,3.61
29,0,4,11,415,2199,653,40,37.7273,1.5735,5.2988,0.0964,35.4242,17.6909,18.9463,14.0229,22.391,14.5723,3.94
30,0,4,9,510,2827,838,63,56.6667,1.6431,5.5431,0.1235,10.3089,25.899,27.6078,18.2436,33.0115,16.2713,3.98
31,0,5,11,394,2118,612,37,35.8182,1.5533,5.3756,0.0939,39.0704,16.708,18.0836,13.6064,21.7983,14.9823,4.13
32,0,5,30,937,5057,1526,119,31.2333,1.6286,5.397,0.127,37.3534,15.8085,17.5734,14.5069,19.6066,14.9867,4.9
33,0,4,54,745,4152,1297,134,13.7963,1.7409,5.5732,0.1799,45.5483,10.3336,12.7131,12.1282,11.7177,14.8246,4.44
34,0,5,6,362,2013,585,48,60.3333,1.616,5.5608,0.1326,8.8812,27.0091,29.4372,19.2872,34.9279,16.4067,4.42
35,0,4,4,273,1440,419,32,68.25,1.5348,5.2747,0.1172,7.7173,29.1381,31.9886,19.2872,37.539,14.7817,3.79
36,0,5,11,387,2235,654,60,35.1818,1.6899,5.7752,0.155,28.158,18.072,20.2743,16.4712,23.3621,17.3168,4.46
37,0,5,14,466,2524,788,75,33.2857,1.691,5.4163,0.1609,29.9925,17.3451,19.7521,16.3515,20.7237,15.1586,4.7
38,0,4,13,347,1955,574,52,26.6923,1.6542,5.634,0.1499,39.7988,14.3393,16.6712,14.5546,18.4523,16.219,4.01
39,0,2,7,410,2271,665,54,58.5714,1.622,5.539,0.1317,10.1679,26.3919,28.6969,18.996,33.9445,16.2641,3.66
40,0,4,3,346,1786,522,36,115.3333,1.5087,5.1618,0.104,-37.8619,47.1923,50.2952,22.9186,60.549,14.295,3.95
41,0,5,6,368,2003,571,29,61.3333,1.5516,5.4429,0.0788,13.3137,26.6392,27.6855,15.6885,34.8729,15.7218,4.54
42,0,5,8,457,2230,667,40,57.125,1.4595,4.8796,0.0875,25.3779,23.9111,26.3511,15.9032,30.1157,12.3742,3.87
43,0,5,7,320,1799,515,29,45.7143,1.6094,5.6219,0.0906,24.2819,21.2292,21.9107,14.7568,27.9062,16.6091,4.48
44,0,2,11,310,1710,501,37,28.1818,1.6161,5.5161,0.1194,41.5059,14.4712,16.0469,13.6064,18.6419,15.5845,2.74
45,0,2,4,411,2177,620,42,102.75,1.5085,5.2968,0.1022,-25.0767,42.283,45.1876,21.6405,54.8931,15.0573,3.91
46,0,5,3,296,1582,448,25,98.6667,1.5135,5.3446,0.0845,-21.3549,40.7495,42.845,19.6204,53.0764,15.3262,3.86
47,0,4,34,682,3664,1132,93,20.0588,1.6598,5.3724,0.1364,46.0542,11.8189,13.4781,12.5773,13.9036,14.3143,4.17
48,0,4,9,268,1464,442,30,29.7778,1.6493,5.4627,0.1119,37.0837,15.4845,16.3887,13.5591,19.1881,15.3266,3.89
49,0,5,7,362,1959,558,36,51.7143,1.5414,5.4116,0.0994,23.9395,22.7675,24.6636,16.0844,29.9158,15.4478,4.64
50,0,4,8,352,1873,542,34,44.0,1.5398,5.321,0.0966,31.9102,19.7393,21.4636,14.9062,25.632,14.8149,4.15
51,0,4,9,385,2084,635,50,42.7778,1.6494,5.413,0.1299,23.8805,20.5557,22.3059,16.5942,25.4541,15.3364,4.12
52,0,4,39,305,1657,508,50,7.8205,1.6656,5.4328,0.1639,57.9896,7.1138,9.6856,9.5975,8.0687,12.3599,4.05
53,0,5,5,375,2016,579,43,75.0,1.544,5.376,0.1147,0.0876,31.8792,34.5867,19.8822,41.391,15.4162,4.93
54,0,5,33,628,3288,1018,81,19.0303,1.621,5.2357,0.129,50.381,10.9598,12.7714,12.0793,12.7452,13.4303,4.62
55,0,5,13,1384,7559,2208,138,106.4615,1.5954,5.4617,0.0997,-36.1922,44.7554,46.5731,21.7419,57.5254,16.0368,4.7
56,0,5,20,339,1876,579,48,16.95,1.708,5.5339,0.1416,45.1369,11.1745,12.4437,11.9792,13.1098,14.9932,4.11
57,0,5,13,365,1951,570,39,28.0769,1.5616,5.3452,0.1068,46.2219,13.7874,15.5047,13.0239,17.7844,14.5756,4.11
58,0,2,1,297,1595,454,22,297.0,1.5286,5.3704,0.0741,-223.9412,118.2777,121.763,29.9243,152.3644,15.6781,2.17
59,0,4,185,2585,13517,4518,516,13.973,1.7478,5.229,0.1996,44.7906,10.4832,13.5737,12.6699,10.1851,12.8282,3.68
60,0,4,47,533,2685,812,54,11.3404,1.5235,5.0375,0.1013,66.4404,6.8095,8.5887,9.2525,7.9669,11.2105,4.03
61,0,5,66,789,4355,1301,97,11.9545,1.6489,5.5196,0.1229,55.2023,8.5296,9.6994,10.0547,10.5448,14.1795,4.71
62,0,4,14,411,2160,629,34,29.3571,1.5304,5.2555,0.0827,47.5645,13.9182,15.0519,12.0318,18.0019,14.0939,3.97
63,0,5,256,3309,18022,5732,616,12.9258,1.7322,5.4464,0.1862,47.1674,9.8916,12.6167,11.9908,10.6852,13.9346,3.64
64,0,5,17,541,2927,874,71,31.8235,1.6155,5.4104,0.1312,37.8606,15.8844,17.9789,14.8039,19.9645,15.0827,4.87
65,0,4,3,384,1956,581,38,128.0,1.513,5.0938,0.099,-51.0866,52.1836,55.1583,23.4609,66.5616,13.92,4.03
66,0,4,11,371,1982,614,51,33.7273,1.655,5.3423,0.1375,32.59,17.0925,18.9896,15.4299,20.596,14.7352,4.01
67,0,4,3,422,2058,594,33,140.6667,1.4076,4.8768,0.0782,-55.0232,55.8795,59.3946,22.0761,71.873,12.665,3.97
68,0,4,21,549,2962,898,73,26.1429,1.6357,5.3953,0.133,41.9197,13.907,15.7759,13.7803,17.0531,14.7919,4.21
69,0,4,90,825,4346,1406,125,9.1667,1.7042,5.2679,0.1515,53.3519,8.0951,9.7273,9.8616,7.965,11.946,4.06
70,0,5,4,787,4292,1239,64,196.75,1.5743,5.4536,0.0813,-126.0548,79.7196,81.9529,25.9801,102.6316,16.1168,4.61
71,0,5,2,443,2315,680,51,221.5,1.535,5.2257,0.1151,-147.8475,88.9079,93.205,31.9771,113.9332,14.7937,4.42
72,0,5,8,555,2773,841,56,69.375,1.5153,4.9964,0.1009,8.2237,29.347,31.786,18.2436,36.7905,13.1521,3.78
73,0,4,13,452,2396,685,46,34.7692,1.5155,5.3009,0.1018,43.3341,15.8527,17.9785,13.8752,20.9218,14.5179,4.32
74,0,5,23,847,4409,1400,133,36.8261,1.6529,5.2054,0.157,29.6218,18.2763,21.0114,16.8666,21.5006,14.0042,4.79
75,0,4,3,376,1882,550,33,125.3333,1.4628,5.0053,0.0878,-44.1283,50.5506,53.644,22.0761,64.8117,13.3951,4.11
0,1,4,7,266,1476,443,41,38.0,1.6654,5.5489,0.1541,27.371,18.8819,21.3654,16.9548,23.7052,16.0484,3.49
1,1,4,29,500,2912,958,128,17.2414,1.916,5.824,0.256,27.2414,13.7429,17.1366,15.131,14.6217,16.7283,4.17
2,1,2,73,1090,5966,1918,230,14.9315,1.7596,5.4734,0.211,42.8146,10.997,14.413,13.2693,11.8154,14.4012,4.24
3,1,5,37,1111,5927,1753,135,30.027,1.5779,5.3348,0.1215,42.8708,14.7393,16.8713,14.0413,18.7106,14.583,4.91
4,1,2,7,393,1955,593,42,56.1429,1.5089,4.9746,0.1069,22.1966,24.1108,26.732,17.1224,30.0716,12.9232,3.01
5,1,4,5,414,2271,703,73,82.8,1.6981,5.4855,0.1763,-20.8635,36.7392,40.1731,24.9575,45.8067,16.0973,3.84
6,1,4,15,420,2196,675,53,28.0,1.6071,5.2286,0.1262,42.4507,14.2943,16.2476,13.8674,17.1966,13.8869,4.17
7,1,4,23,354,1994,637,68,15.3913,1.7994,5.6328,0.1921,38.9806,11.6459,13.8401,12.9519,12.796,15.3975,3.98
8,1,3,13,431,2248,665,44,33.1538,1.5429,5.2158,0.1021,42.6525,15.5465,17.3451,13.639,19.7132,13.976,3.56
9,1,3,74,551,2873,886,62,7.4459,1.608,5.2142,0.1125,63.2418,6.2881,7.4793,8.3582,6.8516,10.8839,3.41
10,1,4,5,368,1783,523,23,73.6,1.4212,4.8451,0.0625,11.8978,29.8841,31.94,15.3816,38.1905,12.2871,4.16
11,1,4,3,287,1566,446,34,95.6667,1.554,5.4564,0.1185,-21.7357,40.0573,43.0053,22.3611,52.1032,15.9745,4.02
12,1,5,3,455,2310,673,47,151.6667,1.4791,5.0769,0.1033,-72.2403,61.0136,64.7985,25.7408,78.3156,13.8571,4.53
13,1,5,94,1080,5701,1859,187,11.4894,1.7213,5.2787,0.1731,49.5516,9.2021,11.5217,11.1866,9.1774,12.6625,4.3
14,1,5,7,366,2180,633,52,52.2857,1.7295,5.9563,0.1421,7.4486,25.2096,26.5973,18.6994,32.767,18.6568,3.88
15,1,4,12,363,1918,555,38,30.25,1.5289,5.2837,0.1047,46.7841,14.2488,16.2873,13.295,18.5814,14.2899,4.05
16,1,4,45,1584,8748,2688,218,35.2,1.697,5.5227,0.1376,27.5434,18.1622,19.5851,15.7029,22.182,15.8327,4.39
17,1,4,1,75,414,124,9,75.0,1.6533,5.52,0.12,-9.162,33.1693,34.8,20.2673,42.0692,16.2629,4.0
18,1,3,7,387,1835,561,34,55.2857,1.4496,4.7416,0.0879,28.0828,23.0769,25.6285,15.7194,28.5458,11.5452,4.24
19,1,5,25,547,2863,883,65,21.88,1.6143,5.234,0.1188,48.0604,11.9915,13.5052,12.3406,14.1622,13.6231,4.67
20,1,5,37,486,2624,766,57,13.1351,1.5761,5.3992,0.1173,60.1621,8.1311,9.9454,10.2197,10.5677,13.6937,4.79
21,1,4,1,10,44,15,1,10.0,1.5,4.4,0.1,69.785,6.01,8.0,8.8418,4.294,7.112,3.93
22,1,4,2,307,1686,498,46,153.5,1.6221,5.4919,0.1498,-86.2014,63.4164,67.3935,30.5265,81.1866,16.2993,3.57
23,1,4,1,231,1301,380,27,231.0,1.645,5.632,0.1169,-166.7988,93.9113,97.0753,32.8134,120.5969,17.1882,3.96
24,1,4,27,744,4117,1332,157,27.5556,1.7903,5.5336,0.211,27.4048,16.2825,19.4631,16.9048,18.411,15.6634,4.34
25,1,3,10,429,2144,636,42,42.9,1.4825,4.9977,0.0979,37.8705,18.6347,21.0761,14.8367,23.559,12.8963,3.99
26,1,4,8,468,2551,762,56,58.5,1.6282,5.4509,0.1197,9.7113,26.4378,28.1863,18.2436,33.4935,15.745,4.02
27,1,3,43,502,2839,876,81,11.6744,1.745,5.6554,0.1614,47.3568,9.5543,11.124,10.9698,11.044,14.9182,3.44
28,1,3,3,397,2006,576,30,132.3333,1.4509,5.0529,0.0756,-50.2279,53.1404,55.956,21.1944,68.5358,13.6874,3.98
29,1,4,23,178,1000,308,31,7.7391,1.7303,5.618,0.1742,52.5933,7.8462,10.0619,9.7614,8.9002,13.409,3.97
30,1,3,70,697,3389,1076,87,9.9571,1.5438,4.8623,0.1248,66.1265,6.5096,8.9757,9.4979,6.4498,9.8174,3.29
31,1,4,12,370,1982,603,52,30.8333,1.6297,5.3568,0.1405,37.664,15.6658,17.955,15.0211,19.217,14.7377,3.96
32,1,5,28,952,5327,1609,136,34.0,1.6901,5.5956,0.1429,29.3403,17.6135,19.3143,15.7194,21.9252,16.2315,4.73
33,1,5,44,1045,5941,1838,193,23.75,1.7589,5.6852,0.1847,33.9299,14.4269,16.8876,15.0937,17.2221,16.3825,4.86
34,1,2,4,118,646,209,20,29.5,1.7712,5.4746,0.1695,27.0501,16.815,18.5797,15.9032,19.1053,15.3871,3.3
35,1,1,3,355,1870,577,49,118.3333,1.6254,5.2676,0.138,-50.7781,49.7392,52.8545,26.2169,62.5471,14.9234,2.74
36,1,4,3,442,2287,673,48,147.3333,1.5226,5.1742,0.1086,-71.5224,59.837,63.2772,25.9801,76.6072,14.4234,4.18
37,1,5,15,475,2489,757,58,31.6667,1.5937,5.24,0.1221,39.8676,15.5655,17.5509,14.3626,19.0837,14.0765,4.67
38,1,5,19,448,2488,747,66,23.5789,1.6674,5.5536,0.1473,41.8394,13.2812,15.3244,13.7764,16.5168,15.5996,4.59
39,1,4,3,438,2270,664,42,146.0,1.516,5.1826,0.0959,-69.6071,59.2386,62.2356,24.5042,75.9803,14.4712,3.98
40,1,4,7,339,1761,509,28,48.4286,1.5015,5.1947,0.0826,30.6552,21.0145,22.6753,14.5546,27.2513,14.1336,4.3
41,1,5,10,348,1975,578,44,34.8,1.6609,5.6753,0.1264,30.9992,17.5809,18.9775,15.1123,22.7006,16.7201,4.6
42,1,5,11,386,2052,599,36,35.0909,1.5518,5.3161,0.0933,39.9343,16.4069,17.7669,13.4638,21.1541,14.6149,4.04
43,1,5,13,406,2241,691,68,31.2308,1.702,5.5197,0.1675,31.1491,16.6733,19.1918,16.1947,20.1832,15.7081,4.4
44,1,4,8,358,1955,573,44,44.75,1.6006,5.4609,0.1229,26.0065,20.7491,22.8162,16.5267,26.6658,15.6486,4.01
45,1,2,27,393,2179,636,47,14.5556,1.6183,5.5445,0.1196,55.1512,9.1828,10.6059,10.6663,11.9625,14.7682,3.27
46,1,5,9,342,1767,520,41,38.0,1.5205,5.1667,0.1199,39.6334,17.1715,19.9953,15.3222,21.905,13.8011,4.58
47,1,5,46,714,3695,1141,86,15.5217,1.598,5.1751,0.1204,55.8863,9.3203,11.0266,10.9403,10.7054,12.7224,4.68
48,1,4,66,608,3223,978,68,9.2121,1.6086,5.301,0.1118,61.4011,6.9836,8.1585,8.9278,8.1437,12.1566,4.03
49,1,4,3,356,1811,541,43,118.6667,1.5197,5.0871,0.1208,-42.1751,48.622,52.2981,24.7572,61.8635,13.8626,4.02
50,1,5,6,297,1446,451,33,49.5,1.5185,4.8687,0.1111,28.1258,21.6335,24.2444,16.5267,26.2515,12.2299,3.7
51,1,4,6,334,1577,466,26,55.6667,1.3952,4.7216,0.0778,32.2986,22.5835,25.3804,15.0211,28.6419,11.431,4.12
52,1,4,3,301,1650,480,34,100.3333,1.5947,5.4817,0.113,-29.9136,42.3573,44.6516,22.3611,54.5556,16.1375,3.71
53,1,5,5,376,2015,580,43,75.2,1.5426,5.359,0.1144,0.007,31.9401,34.6545,19.8822,41.4111,15.3176,4.97
54,1,5,60,654,3615,1103,101,10.9,1.6865,5.5275,0.1544,53.0898,8.5622,10.5374,10.541,10.0546,13.9862,4.62
55,1,4,12,987,5258,1555,98,82.25,1.5755,5.3273,0.0993,-9.9345,35.0782,36.8716,19.4546,44.7864,15.1644,4.47
56,1,4,4,343,1806,515,27,85.75,1.5015,5.2653,0.0787,-7.2246,35.5697,37.4487,17.9713,46.2446,14.8148,3.98
57,1,4,75,668,3429,1083,88,8.9067,1.6213,5.1332,0.1317,60.6364,7.0144,8.8321,9.3172,7.2009,11.0601,3.87
58,1,2,1,297,1595,454,22,297.0,1.5286,5.3704,0.0741,-223.9412,118.2777,121.763,29.9243,152.3644,15.6781,2.17
59,1,3,5,580,2892,895,61,116.0,1.5431,4.9862,0.1052,-41.4516,47.8586,50.6069,23.0829,60.055,13.2637,3.41
60,1,4,45,1336,7256,2200,166,29.6889,1.6467,5.4311,0.1243,37.3894,15.4198,16.8456,14.1013,18.9951,15.1381,4.3
61,1,5,30,443,2491,787,86,14.7667,1.7765,5.623,0.1941,41.5529,11.132,13.6719,12.8015,12.4378,15.2589,4.58
62,1,4,8,326,1776,525,40,40.75,1.6104,5.4479,0.1227,29.2314,19.3056,21.208,15.9032,24.6044,15.507,4.15
63,1,5,44,1750,9522,3050,323,39.7727,1.7429,5.4411,0.1846,19.02,20.4871,23.2919,18.6073,24.0841,15.4497,4.7
64,1,5,17,543,2927,876,71,31.9412,1.6133,5.3904,0.1308,37.9329,15.9035,18.0067,14.8039,19.9295,14.969,4.84
65,1,4,5,354,2003,576,52,70.8,1.6271,5.6582,0.1469,-2.6812,31.222,34.1957,21.5522,40.6201,17.0521,4.09
66,1,4,3,317,1722,495,35,105.6667,1.5615,5.4322,0.1104,-32.5208,44.0459,46.6831,22.6418,56.9889,15.8611,3.9
67,1,4,13,374,2036,587,49,28.7692,1.5695,5.4439,0.131,44.8529,14.1503,16.7483,14.2201,18.5952,15.181,4.11
68,1,4,20,589,3120,974,91,29.45,1.6537,5.2971,0.1545,37.0444,15.4086,17.96,15.3148,18.2444,14.3419,4.04
69,1,4,11,483,2617,790,61,43.9091,1.6356,5.4182,0.1263,23.8946,20.8348,22.6154,16.5819,26.0444,15.385,4.15
70,1,5,52,1981,10499,3266,278,38.0962,1.6487,5.2998,0.1403,28.6906,18.7217,20.8518,16.338,22.5804,14.5861,4.78
71,1,5,2,283,1545,442,30,141.5,1.5618,5.4594,0.106,-68.9189,58.0247,60.8403,25.2545,75.0336,16.0919,4.44
72,1,5,8,413,2287,690,54,51.625,1.6707,5.5375,0.1308,13.0942,24.258,25.88,17.9713,30.4643,16.1873,3.71
73,1,4,3,257,1468,433,45,85.6667,1.6848,5.7121,0.1751,-22.6529,37.7009,41.2706,25.2545,48.3071,17.4414,3.84
74,1,3,8,417,2280,722,76,52.125,1.7314,5.4676,0.1823,7.4504,25.1694,28.1402,20.737,30.385,15.7818,3.28
75,1,5,8,448,2290,691,56,56.0,1.5424,5.1116,0.125,19.5071,24.4504,27.4,18.2436,30.6457,13.7277,4.43
0,2,5,2,331,1800,550,41,165.5,1.6616,5.4381,0.1239,-101.7215,68.5623,71.1547,28.9947,86.9333,15.997,4.23
1,2,5,8,332,1671,478,25,41.5,1.4398,5.0331,0.0753,42.9089,17.5842,19.612,13.2279,23.0261,13.0816,4.58
2,2,4,63,1040,5561,1742,176,16.5079,1.675,5.3471,0.1692,48.3744,10.6131,13.3724,12.6775,12.0089,13.848,4.25
3,2,5,37,1111,5919,1753,135,30.027,1.5779,5.3276,0.1215,42.8708,14.7393,16.8713,14.0413,18.6767,14.5407,4.9
4,2,5,12,311,1671,487,34,25.9167,1.5659,5.373,0.1093,48.0531,12.9953,14.7397,12.7451,16.8351,14.6511,4.45
5,2,4,14,361,2018,594,45,25.7857,1.6454,5.59,0.1247,41.4592,13.8825,15.3004,13.3712,17.7919,15.9214,3.9
6,2,4,12,401,2185,641,47,33.4167,1.5985,5.4489,0.1172,37.6837,16.3048,18.0549,14.435,20.9425,15.3536,4.05
7,2,4,29,437,2317,755,82,15.069,1.7277,5.3021,0.1876,45.3775,10.6736,13.5333,12.7353,11.0772,13.4118,4.06
8,2,3,13,431,2248,665,44,33.1538,1.5429,5.2158,0.1021,42.6525,15.5465,17.3451,13.639,19.7132,13.976,3.56
9,2,4,24,533,2988,894,68,22.2083,1.6773,5.606,0.1276,42.3941,12.8634,13.9865,12.7451,16.0784,15.8305,4.21
10,2,3,8,392,2142,631,42,49.0,1.6097,5.4643,0.1071,20.9199,22.5144,23.8857,16.2186,28.8068,15.7259,3.31
11,2,4,5,403,2144,627,39,80.6,1.5558,5.3201,0.0968,-6.5973,34.2028,36.111,19.0839,43.9277,15.1149,3.97
12,2,5,3,297,1516,428,22,99.0,1.4411,5.1044,0.0741,-15.5652,40.0247,42.563,18.5993,52.1116,13.9147,4.54
13,2,2,100,1300,7139,2270,239,13.0,1.7462,5.4915,0.1838,45.9154,10.0846,12.5538,11.9608,10.9351,14.2133,3.5
14,2,5,3,423,2229,675,50,141.0,1.5957,5.2695,0.1182,-71.28,58.2298,61.1281,26.4513,73.8894,14.9748,4.43
15,2,4,2,222,1115,331,21,111.0,1.491,5.0225,0.0946,-31.9678,45.2937,48.1838,21.6405,57.7261,13.4658,4.04
16,2,2,45,726,3992,1240,99,16.1333,1.708,5.4986,0.1364,45.9638,10.8563,11.9079,11.6025,12.5352,14.6972,4.42
17,2,2,4,114,633,198,19,28.5,1.7368,5.5526,0.1667,30.9707,16.0197,18.0667,15.5797,18.9729,15.8109,2.87
18,2,4,15,793,3651,1088,51,52.8667,1.372,4.604,0.0643,37.1037,21.2177,23.7192,13.6629,26.6883,10.7118,4.04
19,2,5,8,855,4507,1325,93,106.875,1.5497,5.2713,0.1088,-32.7484,44.3778,47.1009,22.607,56.8355,14.9185,4.78
20,2,5,35,475,2675,810,74,13.5714,1.7053,5.6316,0.1558,48.7947,9.825,11.6602,11.4358,11.8805,15.1326,4.7
21,2,4,1,10,44,15,1,10.0,1.5,4.4,0.1,69.785,6.01,8.0,8.8418,4.294,7.112,3.93
22,2,4,2,375,2134,633,65,187.5,1.688,5.6907,0.1733,-126.2823,77.4534,81.9333,35.6968,99.123,17.5033,3.87
23,2,4,1,231,1301,380,27,231.0,1.645,5.632,0.1169,-166.7988,93.9113,97.0753,32.8134,120.5969,17.1882,3.96
24,2,4,3,268,1433,423,37,89.3333,1.5784,5.347,0.1381,-17.3674,37.8746,41.2557,23.1916,48.4211,15.3091,3.76
25,2,4,3,509,2566,746,44,169.6667,1.4656,5.0413,0.0864,-89.368,67.8743,71.3244,25.0073,87.1477,13.6681,4.07
26,2,4,14,324,1664,505,36,23.1429,1.5586,5.1358,0.1111,51.4839,11.8277,13.7016,12.2899,14.3311,13.1195,4.23
27,2,4,10,416,2117,616,31,41.6,1.4808,5.0889,0.0745,39.3379,18.1071,19.6208,13.1874,23.3389,13.4114,4.03
28,2,3,3,412,2238,683,63,137.3333,1.6578,5.432,0.1529,-72.8054,57.5317,61.0498,29.3082,72.8216,15.9249,3.45
29,2,4,21,202,1071,350,41,9.619,1.7327,5.302,0.203,50.4875,8.607,11.9664,11.1114,8.3519,12.2984,3.94
30,2,4,9,211,1169,359,33,23.4444,1.7014,5.5403,0.1564,39.0986,13.6301,15.6337,14.0682,16.387,15.5143,3.7
31,2,4,4,447,2419,725,68,111.75,1.6219,5.4116,0.1521,-43.806,47.1312,50.785,26.6834,59.9338,15.7555,3.81
32,2,4,21,495,2737,835,75,23.5714,1.6869,5.5293,0.1515,40.2009,13.5079,15.4892,13.9252,16.3987,15.4565,4.27
33,2,5,44,1045,5933,1838,193,23.75,1.7589,5.6775,0.1847,33.9299,14.4269,16.8876,15.0937,17.1861,16.3375,4.87
34,2,5,19,456,2576,781,77,24.0,1.7127,5.6491,0.1689,37.5789,13.9801,16.3544,14.6295,17.1774,16.1835,4.63
35,2,2,12,342,1887,560,49,28.5,1.6374,5.5175,0.1433,39.3812,14.8466,17.131,14.673,18.8076,15.6046,2.94
36,2,4,4,514,2947,864,70,128.5,1.6809,5.7335,0.1362,-65.7995,54.36,56.8475,27.0272,69.8246,17.6824,4.04
37,2,5,19,450,2286,681,45,23.6842,1.5133,5.08,0.1,54.7675,11.5042,13.4737,11.9208,14.3389,12.8206,4.66
38,2,4,30,489,2675,836,71,16.3,1.7096,5.4703,0.1452,45.6574,10.9404,12.3278,11.9176,12.4853,14.5497,4.21
39,2,2,58,486,2364,706,43,8.3793,1.4527,4.8642,0.0885,75.4337,4.8195,6.8908,8.048,5.67,9.269,3.26
40,2,2,11,294,1625,484,36,26.7273,1.6463,5.5272,0.1224,40.4333,14.2595,15.5889,13.4638,17.9668,15.5925,2.45
41,2,5,4,240,1203,357,20,60.0,1.4875,5.0125,0.0833,20.0925,25.3625,27.3333,15.9032,32.1789,13.1802,4.29
42,2,4,6,347,1957,581,45,57.8333,1.6744,5.6398,0.1297,6.484,26.7223,28.3207,18.7741,34.05,16.85,4.42
43,2,5,3,255,1396,414,34,85.0,1.6235,5.4745,0.1333,-16.7906,36.7176,39.3333,22.3611,46.8549,16.0419,4.27
44,2,4,10,335,1790,532,39,33.5,1.5881,5.3433,0.1164,38.4826,16.2141,18.0567,14.4109,20.4869,14.7349,4.05
45,2,2,7,392,2185,638,55,56.0,1.6276,5.574,0.1403,12.3042,25.4551,28.0122,19.1423,32.8234,16.4464,2.91
46,2,5,23,395,2041,610,32,17.1739,1.5443,5.1671,0.081,58.7554,9.3306,10.1101,9.8675,11.4939,12.8589,4.58
47,2,5,18,696,3602,1107,86,38.6667,1.5905,5.1753,0.1236,33.0306,18.2581,20.4092,15.6161,22.2789,13.8652,4.69
48,2,4,66,608,3223,978,68,9.2121,1.6086,5.301,0.1118,61.4011,6.9836,8.1585,8.9278,8.1437,12.1566,4.03
49,2,5,7,328,1892,577,50,46.8571,1.7591,5.7683,0.1524,10.4512,23.4422,24.8404,18.3971,29.1672,17.4859,4.4
50,2,5,5,389,2141,633,44,77.8,1.6272,5.5039,0.1131,-9.7973,33.9535,35.6444,20.0758,43.3932,16.1822,4.4
51,2,5,3,359,1904,571,54,119.6667,1.5905,5.3036,0.1504,-49.1854,49.8482,53.8834,27.3662,63.3834,15.1379,4.5
52,2,4,3,324,1774,556,51,108.0,1.716,5.4753,0.1574,-47.9628,46.7794,49.4963,26.6834,58.3587,16.1207,3.91
53,2,5,5,376,2012,580,43,75.2,1.5426,5.3511,0.1144,0.007,31.9401,34.6545,19.8822,41.3735,15.2706,4.98
54,2,4,18,683,3530,1094,88,37.9444,1.6018,5.1684,0.1288,32.8128,18.1091,20.3315,15.7605,21.8853,13.81,4.28
55,2,5,10,984,5635,1654,143,98.4,1.6809,5.7266,0.1453,-35.2447,42.6206,45.173,24.732,54.7424,17.5717,4.87
56,2,4,3,382,2053,604,39,127.3333,1.5812,5.3743,0.1021,-56.1738,52.7276,55.0171,23.7267,67.5498,15.5687,3.91
57,2,5,40,345,1876,575,49,8.625,1.6667,5.4377,0.142,57.0806,7.4404,9.1312,9.452,8.494,12.7417,4.74
58,2,2,1,297,1595,454,22,297.0,1.5286,5.3704,0.0741,-223.9412,118.2777,121.763,29.9243,152.3644,15.6781,2.17
59,2,4,2,24,107,38,3,12.0,1.5833,4.4583,0.125,60.705,7.7733,9.8,10.1258,5.5687,7.9483,3.93
60,2,4,7,294,1414,432,29,42.0,1.4694,4.8095,0.0986,39.8948,18.1288,20.7456,14.7568,22.2229,11.7752,3.96
61,2,5,10,1020,5525,1609,121,102.0,1.5775,5.4167,0.1186,-30.1474,42.8039,45.5451,23.0009,55.0825,15.7598,4.87
62,2,4,13,350,1908,551,36,26.9231,1.5743,5.4514,0.1029,46.3235,13.4866,14.8835,12.6357,17.7078,15.155,4.18
63,2,5,44,523,2793,870,72,11.8864,1.6635,5.3403,0.1377,54.0399,8.6747,10.2612,10.4369,9.6662,13.111,4.63
64,2,5,12,445,2394,709,60,37.0833,1.5933,5.3798,0.1348,34.4058,17.6729,20.2266,15.9032,22.4504,15.0349,4.75
65,2,3,6,252,1391,402,29,42.0,1.5952,5.5198,0.1151,29.2479,19.6138,21.4032,15.6885,25.5685,15.9519,3.44
66,2,4,41,342,1790,526,37,8.3415,1.538,5.2339,0.1082,68.2526,5.8117,7.6641,8.556,7.3925,11.4269,4.14
67,2,4,29,392,2242,674,65,13.5172,1.7194,5.7194,0.1658,47.6548,9.9705,12.0395,11.6818,12.2669,15.6402,3.94
68,2,4,13,408,2276,692,69,31.3846,1.6961,5.5784,0.1691,31.4914,16.6637,19.3186,16.2904,20.5367,16.058,4.11
69,2,4,16,493,2733,837,78,30.8125,1.6978,5.5436,0.1582,31.9291,16.4605,18.6536,15.7425,20.0867,15.8358,4.15
70,2,3,4,263,1502,439,37,65.75,1.6692,5.711,0.1407,-1.1157,29.7491,31.9274,20.5037,38.3439,17.3306,3.32
71,2,5,3,326,1753,525,50,108.6667,1.6104,5.3773,0.1534,-39.704,45.7931,49.6016,26.4513,58.2304,15.5461,4.49
72,2,5,44,357,1932,599,56,8.1136,1.6779,5.4118,0.1569,56.6518,7.3732,9.52,9.5739,8.1162,12.373,4.76
73,2,3,8,392,2220,632,43,49.0,1.6122,5.6633,0.1097,20.7041,22.5445,23.9878,16.3736,29.744,16.8959,3.17
74,2,4,4,388,2051,643,53,97.0,1.6572,5.2861,0.1366,-31.8205,41.7952,44.2639,23.9238,51.9674,14.977,3.91
75,2,4,1,5,31,9,0,5.0,1.8,6.2,0.0,49.48,7.6,2.0,0.0,10.272,14.736,3.76
0,3,5,5,351,2018,589,44,70.2,1.6781,5.7493,0.1254,-6.3821,31.5891,33.0942,20.0758,40.7491,17.5842,4.76
1,3,4,8,364,1923,554,23,45.5,1.522,5.283,0.0632,31.8932,20.1143,20.7275,12.8155,26.2028,14.6133,4.29
2,3,4,3,433,2373,694,52,144.3333,1.6028,5.4804,0.1201,-75.2578,59.6127,62.537,26.9132,76.5492,16.2195,4.02
3,3,5,29,633,3556,1094,121,21.8276,1.7283,5.6177,0.1912,38.4677,13.3164,16.3772,14.7982,15.9431,15.876,4.63
4,3,5,7,393,2190,635,42,56.1429,1.6158,5.5725,0.1069,13.1553,25.3719,26.732,17.1224,32.888,16.4392,3.0
5,3,2,5,324,1717,534,54,64.8,1.6481,5.2994,0.1667,1.6297,29.1301,32.5867,21.9031,35.9301,14.9036,2.69
6,3,4,3,352,1932,596,49,117.3333,1.6932,5.4886,0.1392,-55.5015,50.1495,52.5015,26.2169,63.0881,16.2209,3.95
7,3,4,23,308,1522,508,49,13.3913,1.6494,4.9416,0.1591,53.7078,9.0949,11.7202,11.4674,8.5404,11.046,3.96
8,3,2,5,293,1541,455,23,58.6,1.5529,5.2594,0.0785,15.9806,25.5882,26.5799,15.3816,32.6417,14.6201,3.07
9,3,3,2,337,1811,543,41,168.5,1.6113,5.3739,0.1217,-100.5064,69.1381,72.2665,28.9947,88.131,15.6228,3.29
10,3,2,9,612,3262,994,56,68.0,1.6242,5.3301,0.0915,0.4091,30.0954,30.8601,17.3792,37.6746,15.1055,4.05
11,3,4,5,403,2144,627,39,80.6,1.5558,5.3201,0.0968,-6.5973,34.2028,36.111,19.0839,43.9277,15.1149,3.97
12,3,5,8,367,1869,559,39,45.875,1.5232,5.0926,0.1063,31.4125,20.2745,22.6007,15.7425,25.4938,13.4995,4.68
13,3,4,1,13,49,19,2,13.0,1.4615,3.7692,0.1538,69.9938,6.7262,11.3538,11.2081,2.8231,4.0862,3.85
14,3,5,4,328,1893,551,50,82.0,1.6799,5.7713,0.1524,-18.5127,36.2126,38.8976,23.3267,46.753,17.7745,4.42
15,3,4,7,294,1522,444,27,42.0,1.5102,5.1769,0.0918,36.4417,18.6104,20.4735,14.3487,23.9531,13.9352,3.98
16,3,5,11,536,2719,831,61,48.7273,1.5504,5.0728,0.1138,26.2153,21.708,24.0431,16.5819,26.8263,13.4204,3.94
17,3,4,38,278,1489,472,45,7.3158,1.6978,5.3561,0.1619,55.7721,7.2977,9.4011,9.3458,7.4552,11.6479,3.97
18,3,3,24,563,2813,891,77,23.4583,1.5826,4.9964,0.1368,49.1374,12.2334,14.854,13.3617,13.8324,12.3173,3.81
19,3,5,15,304,1597,475,36,20.2667,1.5625,5.2533,0.1184,54.0768,10.7515,12.8435,11.9792,13.4463,13.6288,4.35
20,3,5,38,415,2171,685,58,10.9211,1.6506,5.2313,0.1398,56.1092,8.1463,9.9588,10.1869,8.6701,12.2498,4.61
21,3,4,1,10,44,15,1,10.0,1.5,4.4,0.1,69.785,6.01,8.0,8.8418,4.294,7.112,3.93
22,3,4,2,386,2185,648,66,193.0,1.6788,5.6606,0.171,-131.0828,79.4893,84.0394,35.9463,101.7315,17.3311,3.74
23,3,4,1,231,1301,380,27,231.0,1.645,5.632,0.1169,-166.7988,93.9113,97.0753,32.8134,120.5969,17.1882,3.96
24,3,4,3,351,1944,533,34,117.0,1.5185,5.5385,0.0969,-40.3867,47.9585,50.6746,22.3611,63.1562,16.5132,4.08
25,3,4,8,629,3196,962,68,78.625,1.5294,5.0811,0.1081,-2.3576,33.1208,35.7743,19.7845,41.8144,13.7003,3.95
26,3,5,16,310,1707,512,47,19.375,1.6516,5.5065,0.1516,47.4429,11.4553,13.8145,12.9203,14.1929,15.0502,4.33
27,3,4,10,416,2117,616,31,41.6,1.4808,5.0889,0.0745,39.3379,18.1071,19.6208,13.1874,23.3389,13.4114,4.03
28,3,3,12,424,2341,728,67,35.3333,1.717,5.5212,0.158,25.7151,18.4504,20.4541,16.6278,22.2416,15.8271,3.5
29,3,4,11,380,1962,580,43,34.5455,1.5263,5.1632,0.1132,42.645,15.8933,18.3445,14.424,20.1612,13.7025,4.15
30,3,4,32,277,1512,471,50,8.6562,1.7004,5.4585,0.1805,54.1984,7.8502,10.6827,10.27,8.6076,12.8764,4.04
31,3,4,4,225,1260,394,42,56.25,1.7511,5.6,0.1867,1.5973,27.0106,29.9667,21.6405,33.071,16.6018,3.6
32,3,4,3,340,1746,513,25,113.3333,1.5088,5.1353,0.0735,-35.8448,46.4141,48.2745,19.6204,59.4239,14.1344,4.12
33,3,5,27,813,4529,1428,140,30.1111,1.7565,5.5707,0.1722,27.6759,16.8795,18.9325,16.1376,19.8637,15.9728,4.66
34,3,4,4,310,1671,488,36,77.5,1.5742,5.3903,0.1161,-5.0043,33.2105,35.6452,20.2673,42.7084,15.5132,3.88
35,3,1,9,301,1612,476,42,33.4444,1.5814,5.3555,0.1395,39.1028,16.1138,18.9592,15.47,20.5165,14.8052,2.4
36,3,4,11,429,2241,691,67,39.0,1.6107,5.2238,0.1562,30.9829,18.6265,21.8471,17.228,22.674,14.1568,3.91
37,3,5,17,581,2959,899,59,34.1765,1.5473,5.0929,0.1015,41.2416,15.9973,17.7326,13.7717,19.646,13.2804,4.17
38,3,4,3,315,1539,449,19,105.0,1.4254,4.8857,0.0603,-20.3286,42.1797,44.4127,17.5059,54.0817,12.6461,4.27
39,3,2,3,397,2149,614,36,132.3333,1.5466,5.4131,0.0907,-58.3257,54.2699,56.5605,22.9186,70.2324,15.8053,3.01
40,3,2,3,297,1629,488,40,99.0,1.6431,5.4848,0.1347,-32.6561,42.4086,44.9872,23.9891,53.9036,16.1519,2.78
41,3,4,5,288,1555,463,28,57.6,1.6076,5.3993,0.0972,12.3648,25.8441,26.9289,16.6479,32.8007,15.434,3.66
42,3,5,7,358,1837,533,26,51.1429,1.4888,5.1313,0.0726,28.9703,21.9239,23.3622,14.139,28.3098,13.7932,4.62
43,3,5,3,380,2027,593,39,126.6667,1.5605,5.3342,0.1026,-53.7522,52.2242,54.7719,23.7267,67.0275,15.3315,4.52
44,3,4,8,296,1476,450,23,37.0,1.5203,4.9865,0.0777,40.6651,16.7792,17.9081,12.8155,20.5564,12.7205,4.01
45,3,4,11,478,2431,734,50,43.4545,1.5356,5.0858,0.1046,32.8198,19.4769,21.5659,15.3087,24.2513,13.4232,4.16
46,3,5,29,474,2623,775,52,16.3448,1.635,5.5338,0.1097,51.9222,10.0777,10.9261,10.7789,12.8064,14.9275,4.68
47,3,4,23,668,3560,1106,94,29.0435,1.6557,5.3293,0.1407,37.2846,15.2741,17.2461,14.6781,18.1929,14.5174,4.1
48,3,4,12,235,1248,389,36,19.5833,1.6553,5.3106,0.1532,46.9179,11.5803,13.961,13.0239,13.3748,13.9151,3.97
49,3,5,8,329,1763,525,46,41.125,1.5957,5.3587,0.1398,30.0931,19.2785,22.0427,16.8278,24.3718,14.9892,4.55
50,3,4,28,567,2820,857,57,20.25,1.5115,4.9735,0.1005,58.4114,10.1428,12.1212,11.28,12.1204,11.9827,3.98
51,3,5,3,384,1886,547,26,128.0,1.4245,4.9115,0.0677,-43.5959,51.1389,53.9083,19.947,65.703,12.8481,4.54
52,3,3,18,403,2099,615,43,22.3889,1.5261,5.2084,0.1067,55.0061,11.1491,13.2235,11.9587,14.2962,13.5035,4.3
53,3,5,5,376,2012,580,43,75.2,1.5426,5.3511,0.1144,0.007,31.9401,34.6545,19.8822,41.3735,15.2706,4.98
54,3,4,30,736,3856,1219,99,24.5333,1.6562,5.2391,0.1345,41.8149,13.5218,15.1938,13.5068,15.513,13.7996,4.22
55,3,5,11,1017,6103,1846,198,92.4545,1.8151,6.001,0.1947,-40.5674,41.886,44.7694,27.3662,53.0619,19.1656,4.86
56,3,4,10,457,2559,779,64,45.7,1.7046,5.5996,0.14,16.2407,22.3472,23.8818,17.5813,27.7939,16.4777,3.91
57,3,4,32,297,1602,508,53,9.2812,1.7104,5.3939,0.1785,52.7115,8.2129,10.8505,10.4811,8.6161,12.7271,3.72
58,3,2,1,297,1595,454,22,297.0,1.5286,5.3704,0.0741,-223.9412,118.2777,121.763,29.9243,152.3644,15.6781,2.17
59,3,5,4,165,923,266,20,41.25,1.6121,5.5939,0.1212,28.5808,19.5205,21.3485,15.9032,25.5425,16.3748,4.31
60,3,4,9,680,3578,1054,60,75.5556,1.55,5.2618,0.0882,-0.9839,32.1667,33.7516,17.8793,41.1307,14.7474,3.95
61,3,5,21,779,4269,1280,95,37.0952,1.6431,5.4801,0.122,30.1743,18.2661,19.7161,15.2797,22.9289,15.6251,4.9
62,3,4,19,325,1823,545,44,17.1053,1.6769,5.6092,0.1354,47.6055,10.8687,12.2575,11.8226,13.5421,15.4518,4.02
63,3,5,29,963,5104,1528,118,33.2069,1.5867,5.3001,0.1225,38.8945,16.0838,18.1841,14.6527,20.1369,14.4732,4.92
64,3,5,3,246,1433,427,39,82.0,1.7358,5.8252,0.1585,-23.2413,36.8721,39.1415,23.7267,47.0067,18.0912,3.81
65,3,3,9,382,2172,649,60,42.4444,1.699,5.6859,0.1571,20.0225,21.011,23.2605,17.8793,26.5726,16.9355,3.44
66,3,4,8,270,1417,409,27,33.75,1.5148,5.2481,0.1,44.4254,15.4473,17.5,13.6241,20.1638,14.1821,3.87
67,3,4,4,259,1452,439,39,64.75,1.695,5.6062,0.1506,-2.2816,29.6633,31.9232,20.9671,37.3501,16.7072,3.71
68,3,4,41,678,3390,1042,76,16.5366,1.5369,5.0,0.1121,60.0309,8.9944,11.0984,10.907,10.3883,11.81,3.96
69,3,4,11,409,2143,631,52,37.1818,1.5428,5.2396,0.1271,38.5757,17.1158,19.9583,15.5499,21.8395,14.2128,4.02
70,3,2,2,364,1953,569,44,182.0,1.5632,5.3654,0.1209,-110.1406,73.8356,77.6352,29.9243,94.841,15.5858,3.1
71,3,5,2,262,1451,418,24,131.0,1.5954,5.5382,0.0916,-61.1025,54.326,56.0641,22.9186,70.1548,16.5385,4.53
72,3,4,36,355,1970,615,58,9.8611,1.7324,5.5493,0.1634,50.2654,8.6981,10.4797,10.3803,9.6377,13.8282,4.01
73,3,4,3,418,2137,631,43,139.3333,1.5096,5.1124,0.1029,-62.2979,56.5629,59.8482,24.7572,72.3163,14.0487,3.98
74,3,3,12,314,1669,534,61,26.1667,1.7006,5.3153,0.1943,36.4019,14.6825,18.2374,16.0092,16.6883,14.3227,3.2
75,3,5,9,348,1893,547,36,38.6667,1.5718,5.4397,0.1034,34.6107,18.0377,19.6046,14.5546,23.5241,15.4197,4.64
0,4,5,9,480,2311,698,46,53.3333,1.4542,4.8146,0.0958,29.6792,22.3692,25.1667,16.0443,27.9134,11.9547,4.44
1,4,4,18,411,2195,698,75,22.8333,1.6983,5.3406,0.1825,39.9833,13.3549,16.4326,14.7902,15.141,14.3066,4.02
2,4,4,67,874,4703,1488,150,13.0448,1.7025,5.381,0.1716,49.5616,9.5872,12.0829,11.6769,10.4369,13.5712,4.21
3,4,5,16,598,3358,1034,108,37.375,1.7291,5.6154,0.1806,22.6178,19.3896,22.1741,17.9713,23.706,16.4265,4.14
4,4,5,9,435,2329,690,50,48.3333,1.5862,5.354,0.1149,23.5836,21.9772,23.931,16.5942,27.9541,15.0692,4.64
5,4,4,10,333,1854,577,58,33.3,1.7327,5.5676,0.1742,26.4463,17.8432,20.287,16.8872,21.4432,16.0484,3.83
6,4,4,9,253,1254,398,30,28.1111,1.5731,4.9565,0.1186,45.2161,13.9362,15.9875,13.5591,15.9708,12.2914,3.92
7,4,4,28,424,2203,725,70,15.1429,1.7099,5.1958,0.1651,46.807,10.4926,12.6609,12.1617,10.6134,12.7963,4.07
8,4,4,9,327,1662,486,24,36.3333,1.4862,5.0826,0.0734,44.2209,16.1176,17.4691,12.458,20.6756,13.2708,4.36
9,4,4,12,648,3442,1027,90,54.0,1.5849,5.3117,0.1389,17.9444,24.1715,27.1556,18.7741,30.5882,14.8848,3.95
10,4,2,10,465,2425,743,55,46.5,1.5978,5.2151,0.1183,24.4594,21.3996,23.3312,16.5267,26.3829,14.228,3.21
11,4,4,5,345,1874,543,42,69.0,1.5739,5.4319,0.1217,3.647,29.8922,32.4696,19.6862,38.6542,15.7105,4.0
12,4,5,13,456,2405,735,62,35.0769,1.6118,5.2741,0.136,34.8701,17.1097,19.4694,15.6049,20.9496,14.368,4.19
13,4,4,77,1024,5756,1803,199,13.2987,1.7607,5.6211,0.1943,44.378,10.3733,13.0929,12.313,11.6947,15.0262,4.38
14,4,5,5,279,1479,441,29,55.8,1.5806,5.3011,0.1039,16.4754,24.8236,26.4777,16.8872,31.4381,14.8399,3.54
15,4,4,3,218,1151,333,27,72.6667,1.5275,5.2798,0.1239,3.8499,30.7748,34.0208,20.2673,39.7713,14.838,3.8
16,4,4,10,334,1731,507,30,33.4,1.518,5.1826,0.0898,44.5142,15.348,16.9528,13.0239,19.6802,13.7877,4.07
17,4,5,4,26,158,46,5,6.5,1.7692,6.0769,0.1923,50.5606,7.8219,10.2923,9.5161,10.4423,15.3785,3.58
18,4,3,24,563,2805,891,77,23.4583,1.5826,4.9822,0.1368,49.1374,12.2334,14.854,13.3617,13.7655,12.2337,3.58
19,4,5,17,1194,6243,1857,115,70.2353,1.5553,5.2286,0.0963,3.9698,30.154,31.9467,17.9874,38.3146,14.523,4.73
20,4,5,69,424,2284,683,49,6.1449,1.6108,5.3868,0.1156,64.3201,5.8145,7.0806,7.9432,7.0143,11.0574,4.4
21,4,4,1,10,44,15,1,10.0,1.5,4.4,0.1,69.785,6.01,8.0,8.8418,4.294,7.112,3.93
22,4,3,7,505,2668,817,78,72.1429,1.6178,5.2832,0.1545,-3.2577,31.636,35.0354,22.1988,39.5252,14.8547,3.27
23,4,3,1,241,1341,392,27,241.0,1.6266,5.5643,0.112,-175.3866,97.5934,100.8813,32.8134,125.2779,16.7954,3.23
24,4,4,4,381,2078,589,40,95.25,1.5459,5.4541,0.105,-20.6296,39.7995,42.2995,21.1944,51.8837,15.9592,4.02
25,4,4,24,701,3716,1112,94,29.2083,1.5863,5.301,0.1341,42.9871,14.5197,17.0471,14.435,18.1419,14.3565,4.13
26,4,4,74,1100,5727,1795,168,14.8649,1.6318,5.2064,0.1527,53.6953,9.4628,12.055,11.7367,10.5244,12.8221,4.08
27,4,4,10,416,2117,616,31,41.6,1.4808,5.0889,0.0745,39.3379,18.1071,19.6208,13.1874,23.3389,13.4114,4.03
28,4,3,8,413,2159,636,40,51.625,1.54,5.2276,0.0969,24.1557,22.7152,24.5241,15.9032,29.0045,14.3649,3.43
29,4,5,32,390,1811,546,33,12.1875,1.4,4.6436,0.0846,76.0247,5.6831,8.2596,8.9304,6.5351,9.0756,4.4
30,4,4,6,329,1734,504,33,54.8333,1.5319,5.2705,0.1003,21.5792,23.8716,25.9455,16.5267,30.8108,14.6508,3.92
31,4,5,44,356,1953,591,53,8.0909,1.6601,5.486,0.1489,58.1772,7.1548,9.1914,9.3989,8.4543,12.799,4.82
32,4,5,33,504,2841,851,82,15.2727,1.6885,5.6369,0.1627,48.4868,10.2906,12.617,12.1343,12.7562,15.4069,4.74
33,4,4,40,1050,5732,1800,191,26.25,1.7143,5.459,0.1819,35.1627,14.8761,17.7762,15.6125,17.4071,15.1716,4.35
34,4,5,70,676,3810,1254,160,9.6571,1.855,5.6361,0.2367,40.0975,10.0656,13.3303,11.766,9.9446,14.2751,4.55
35,4,1,4,266,1405,431,36,66.5,1.6203,5.282,0.1353,2.2601,29.4645,32.0135,20.2673,36.698,14.8128,2.1
36,4,4,3,387,2039,599,46,129.0,1.5478,5.2687,0.1189,-55.0442,52.9841,56.3545,25.499,67.8857,14.9507,4.05
37,4,5,27,680,3701,1168,110,25.1852,1.7176,5.4426,0.1618,35.9591,14.5005,16.5447,14.6599,16.7975,15.0275,4.69
38,4,4,63,531,2858,896,78,8.4286,1.6874,5.3823,0.1469,55.5275,7.6083,9.2471,9.4857,8.1349,12.336,4.38
39,4,2,7,360,1991,584,43,51.4286,1.6222,5.5306,0.1194,17.395,23.6094,25.3492,17.288,30.3332,16.1441,3.03
40,4,4,11,375,1992,573,25,34.0909,1.528,5.312,0.0667,42.9639,15.7359,16.303,11.7414,20.635,14.5663,4.1
41,4,5,4,364,1948,593,51,91.0,1.6291,5.3516,0.1401,-23.3536,39.1236,42.0044,23.5277,49.2763,15.3424,4.52
42,4,4,14,431,2292,713,68,30.7857,1.6543,5.3179,0.1578,35.6344,15.9371,18.6252,15.7194,19.01,14.5076,4.01
43,4,5,5,288,1502,436,22,57.6,1.5139,5.2153,0.0764,20.296,24.7379,26.0956,15.1123,31.934,14.3519,4.41
44,4,4,9,308,1760,492,31,34.2222,1.5974,5.7143,0.1006,36.9592,16.606,17.7149,13.7315,22.5954,16.9351,3.97
45,4,4,8,365,1955,570,43,45.625,1.5616,5.3562,0.1178,28.4106,20.6311,22.9623,16.3736,26.61,15.0455,4.28
46,4,5,67,458,2446,719,41,6.8358,1.5699,5.3406,0.0895,67.0857,5.6004,6.3151,7.598,7.1422,11.2727,4.05
47,4,5,21,836,4529,1376,93,39.8095,1.6459,5.4175,0.1112,27.1824,19.3577,20.3736,15.1511,23.991,15.3111,4.89
48,4,4,4,293,1510,450,32,73.25,1.5358,5.1536,0.1092,2.5545,31.1004,33.6686,19.2872,39.4684,14.099,3.87
49,4,5,8,364,1907,573,41,45.5,1.5742,5.239,0.1126,27.4772,20.7303,22.7055,16.0619,25.9957,14.3548,4.61
50,4,4,8,434,2310,687,58,54.25,1.5829,5.3226,0.1336,17.8537,24.2463,27.0456,18.5111,30.7644,14.9512,4.1
51,4,4,3,394,2113,619,41,131.3333,1.5711,5.3629,0.1041,-59.3805,54.1686,56.6958,24.2482,69.4961,15.5087,3.97
52,4,2,12,304,1734,533,48,25.3333,1.7533,5.7039,0.1579,32.7934,14.9788,16.4491,14.5546,18.1023,16.5708,2.74
53,4,5,5,376,2012,580,43,75.2,1.5426,5.3511,0.1144,0.007,31.9401,34.6545,19.8822,41.3735,15.2706,4.98
54,4,4,22,582,3095,962,77,26.4545,1.6529,5.3179,0.1323,40.1465,14.2317,15.8739,13.8167,16.8444,14.3502,4.07
55,4,5,7,1214,6788,2046,200,173.4286,1.6853,5.5914,0.1647,-111.7746,71.9341,75.9612,33.665,91.6199,16.907,4.78
56,4,4,8,375,2054,595,41,46.875,1.5867,5.4773,0.1093,25.0249,21.4139,23.1233,16.0619,27.8057,15.7753,3.98
57,4,4,70,741,3923,1229,106,10.5857,1.6586,5.2942,0.143,55.7755,8.1095,9.9563,10.159,8.7985,12.5337,4.18
58,4,2,1,297,1595,454,22,297.0,1.5286,5.3704,0.0741,-223.9412,118.2777,121.763,29.9243,152.3644,15.6781,2.17
59,4,4,59,1553,7828,2567,266,26.322,1.6529,5.0406,0.1713,40.2803,14.1802,17.3801,15.2591,15.4721,12.714,4.33
60,4,3,6,374,1906,563,33,62.3333,1.5053,5.0963,0.0882,16.2143,26.4831,28.4627,16.5267,33.74,13.6911,3.55
61,4,5,10,854,4267,1310,101,85.4,1.534,4.9965,0.1183,-9.6188,35.8167,38.8907,21.2845,44.8035,13.2327,4.69
62,4,4,8,340,1814,529,32,42.5,1.5559,5.3353,0.0941,32.0699,19.3444,20.7647,14.5546,24.9492,14.8751,4.13
63,4,5,146,2246,11722,3738,353,15.3836,1.6643,5.2191,0.1572,50.4216,10.0482,12.4402,12.012,10.8435,12.9639,3.7
64,4,5,77,922,4898,1585,171,11.974,1.7191,5.3124,0.1855,49.2464,9.3651,12.2083,11.6424,9.5782,12.9647,4.23
65,4,4,9,364,2028,569,34,40.4444,1.5632,5.5714,0.0934,33.5383,18.6289,19.914,14.2327,25.0337,16.2281,4.1
66,4,4,1,179,893,276,27,179.0,1.5419,4.9888,0.1508,-105.2947,72.4144,77.6335,32.8134,91.5674,13.3689,3.81
67,4,4,12,415,2201,647,51,34.5833,1.559,5.3036,0.1229,39.8385,16.2941,18.749,14.9062,20.8417,14.5293,4.01
68,4,3,3,257,1393,408,33,85.6667,1.5875,5.4202,0.1284,-14.4233,36.5531,39.4029,22.0761,46.9326,15.7254,3.45
69,4,4,6,325,1766,521,49,54.1667,1.6031,5.4338,0.1508,16.2355,24.4513,27.6974,19.4546,31.2467,15.6046,3.95
70,4,4,49,382,1975,592,40,7.7959,1.5497,5.1702,0.1047,67.8143,5.7373,7.3068,8.2906,6.8194,10.8037,4.03
71,4,5,12,436,2371,677,40,36.3333,1.5528,5.4381,0.0917,38.5938,16.9025,18.2031,13.5591,22.35,15.3612,4.65
72,4,4,8,414,2273,671,53,51.75,1.6208,5.4903,0.128,17.1914,23.7176,25.8208,17.8332,30.3045,15.9112,3.56
73,4,3,7,429,2187,639,38,61.2857,1.4895,5.0979,0.0886,18.6174,25.8877,28.0574,16.4394,33.224,13.6927,3.24
74,4,4,27,372,2001,643,71,13.7778,1.7285,5.379,0.1909,46.6199,10.1796,13.1455,12.393,10.7941,13.6803,4.04
75,4,5,2,350,1837,537,28,175.0,1.5343,5.2486,0.08,-100.5906,70.7646,73.2,24.5042,90.7908,14.8925,4.46
